semantic_id,label_ko,new_relation_status,new_profile_id,new_candidate_id,linked_existing_profiles_extended,linked_existing_candidates_extended,research_initial_disposition,research_note
H001,기본 긴 로브,ADOPTED_GENERIC_MORPHOLOGY,appearance_rel_h001,appearance_h001,costume_ccx_cc12_01;clothing_ct024_v1,,SIBLING_REVIEW,Existing profiles require an open vest/belt or wrap closure; neither may be imposed on plain robes.
H002,셔츠·넥타이·니트·로브의 층,ADOPTED_GENERIC_MORPHOLOGY,appearance_rel_h002,appearance_h002,costume_ccx_cc02_02;costume_ccx_cc12_01,,NEW_RELATION,"Layer topology is invariant; shirt colour, tie motif, skirt/trousers and exact knit type remain separate optional choices."
H003,검정 겉감 안쪽의 유색 후드 면,ADOPTED_GENERIC_MORPHOLOGY,appearance_rel_h003,appearance_h003,,,NEW_RELATION,Colour placement is scene-specific; third-film creator wording and one fan image do not determine every early-film hood.
H004,넥타이 표면의 사선 줄,ADOPTED_GENERIC_MORPHOLOGY,appearance_rel_h004,appearance_h004,,,NEW_OR_CONTEXT_REVIEW,Keep stripe width/order and selected palette open unless requested; replica navy/silver is product scope.
H005,니트 목선·소매끝의 가는 배색,ADOPTED_GENERIC_MORPHOLOGY,appearance_rel_h005,appearance_h005,clothing_ct066_v2,,SIBLING_REVIEW,Existing neckline binding isn't necessarily knit-in trim; construction must remain separate from appearance.
H006,로브 가슴의 작은 문장 패치,ADOPTED_GENERIC_MORPHOLOGY,appearance_rel_h006,appearance_h006,clothing_ct067_v1,,SIBLING_REVIEW,"Patch, embroidery and print are manufacturing alternatives; house membership and values are not inferred."
H007,기숙사 배색의 판본 선택,NO_NEW_PROFILE_THIS_PASS,,,,,CONTEXT_ONLY,Store four house/book palettes and filmed/product colourways in version metadata; no character-name hard alias.
H008,크라운과 챙이 분리되는 뾰족모자,NO_NEW_PROFILE_THIS_PASS,,,costume_ccx_cc11_01,,REUSE_OR_MODIFIER,Preserve existing broad-brim selected relation; soft collapse and narrow millinery brim are sibling variants.
H009,팔꿈치 위에서 끝나는 어깨 망토,ADOPTED_GENERIC_MORPHOLOGY,appearance_rel_h009,appearance_h009,clothing_ct011_v1,,SIBLING_REVIEW,Do not broaden shoulder-supported full cape into a fixed capelet length.
H010,긴 코트와 내부 정장의 수직선,NO_NEW_PROFILE_THIS_PASS,,,costume_ccx_cc02_02;costume_ccx_cc12_01,,REUSE_OR_BUNDLE,"Stage, school suit and formal ball cases keep separate hem/closure/neckwear alternatives."
H011,목둘레의 세운 칼라와 앞여밈,NO_NEW_PROFILE_THIS_PASS,,,costume_ccx_cc04_01,,REUSE_OR_MODIFIER,"Button count, tight fit, black colour and particular character costume need separate selection."
H012,목에 감아 앞에서 접은 넓은 천,NO_NEW_PROFILE_THIS_PASS,,,clothing_ct104_v2,,SIBLING_REVIEW,Existing narrow scarf lacks broad cravat geometry; colour and exact historical period are optional.
H013,목 아래로 겹쳐 내려오는 레이스 자보,ADOPTED_GENERIC_MORPHOLOGY,appearance_rel_h013,appearance_h013,clothing_ct043_v1,,NEW_OR_SIBLING,Do not map circular ruff to jabot; exact fastening and film lace subtype remain unverified.
H014,누빔 조끼 위의 문장 장식,ADOPTED_GENERIC_MORPHOLOGY,appearance_rel_h014,appearance_h014,,,NEW_RELATION,Source identifies the duelling ensemble; stitched cell scale and crest outline need a closer still before exact canon use.
H015,망토 가장자리에 매달린 술,NO_NEW_PROFILE_THIS_PASS,,,clothing_ct068_v2;orn_profile_gd38,,REUSE_OR_MODIFIER,"A few tassel bundles and a continuous fringe row are alternatives, not automatically equal."
H016,한 손에만 착용한 장갑,ADOPTED_GENERIC_MORPHOLOGY,appearance_rel_h016,appearance_h016,clothing_ct106_v1,,SIBLING_REVIEW,Fingerless gloves aren't the default; wearer-relative left/right must be explicit only when requested.
H017,큰 주머니의 두꺼운 외투,NO_NEW_PROFILE_THIS_PASS,,,clothing_ct058_v1,,HOLD_SOURCE_AND_REUSE,Hagrid's exact overcoat fabric isn't verified by this publisher page. Generic pocket construction is reusable.
H018,해짐·색바램·얼룩의 국소 배치,ADOPTED_GENERIC_MORPHOLOGY,appearance_rel_h018,appearance_h018,,,NEW_RELATION_WITH_SOURCE_HOLD,Separate reversible cloth state from biography; source PDF details need acquisition before exact process claims.
H019,가로·세로 줄무늬가 남는 낡은 죄수복,NO_NEW_PROFILE_THIS_PASS,,,clothing_ct093_v1,,HOLD_SOURCE_OR_GENERIC,Sirius film garment direction/colour needs a versioned still; generic stripes stay advisory.
H020,초기 넓고 두꺼운 경기 로브,NO_NEW_PROFILE_THIS_PASS,,,,,NEW_OPTIONAL_VARIANT,Early film label is provenance; a static frame does not prove flight or wind movement.
H021,가벼운 경기복과 등판 이름·번호,NO_NEW_PROFILE_THIS_PASS,,,,,NEW_OPTIONAL_VARIANT,Name/number is version-specific and requires back visibility; don't require it in frontal-only prompts.
H022,운동복 위의 관절 보호대,NO_NEW_PROFILE_THIS_PASS,,,costume_ccx_cc13_02,,SIBLING_REVIEW,"Keep helmet, chest padding, leather appearance and sport function independent unless selected."
H023,손뜨개 니트의 큰 한 글자,ADOPTED_GENERIC_MORPHOLOGY,appearance_rel_h023,appearance_h023,,,NEW_OR_CONTEXT_REVIEW,Request must select legible character if exact text matters; don't force R/H on generic winter knit.
H024,길이가 다른 천 단의 치마 층,NO_NEW_PROFILE_THIS_PASS,,,clothing_ct018_v2,,REUSE_OR_MODIFIER,"Exact tier count, colour gradient, long hem and chiffon are separate choices."
H025,얇은 천의 겹침과 색 농도,NO_NEW_PROFILE_THIS_PASS,,,clothing_ct091_v2,sheer_organza_chiffon_transmission,REUSE_OR_MODIFIER,Fiber chemistry is sourced only for documented film costumes; generic material appearance remains visual.
H026,예복 색과 재단의 판본 분기,NO_NEW_PROFILE_THIS_PASS,,,,,CONTEXT_ONLY,Hermione wedding lilac/red and bridesmaid palettes remain seed leads until primary verification.
H027,짧은 파티 드레스의 밖으로 뻗는 세 층,ADOPTED_GENERIC_MORPHOLOGY,appearance_rel_h027,appearance_h027,clothing_ct018_v2,,SIBLING_REVIEW,The still confirms short flared silhouette; metallic shine and star earrings aren't part of tier topology.
H028,두 새 문양이 만드는 하트 윤곽,ADOPTED_GENERIC_MORPHOLOGY,appearance_rel_h028,appearance_h028,clothing_ct067_v1,,NEW_RELATION,"Source names phoenixes, not swans. Pattern geometry doesn't prove applique technique or immortality."
H029,세로 잔주름 위의 비대칭 잎 장식,NO_NEW_PROFILE_THIS_PASS,,,clothing_ct063_v1;clothing_ct067_v1,,HOLD_EXACT_CASE,"Fleur ball exact attachment, leaf count and pleat construction need an original still; generic morphology can be researched."
H030,옷 가장자리의 레이스와 몸판 분리,NO_NEW_PROFILE_THIS_PASS,,,clothing_ct090_v2,,REUSE_OR_SIBLING,"Mesh ground, bar-linked lace and lace-trim placement remain different selected structures."
H031,코르셋 패널과 별도 여밈,NO_NEW_PROFILE_THIS_PASS,,,costume_ccx_cc26_01;orn_profile_gd40,,REUSE_OR_MODIFIER,Bellatrix exact construction remains a film-case acquisition lead. Preserve garment subtype and existing adult guards where present.
H032,의상 전체 조합의 선택 가능 묶음,NO_NEW_PROFILE_THIS_PASS,,,,,BUNDLE_ONLY,"Prototype bundles are blue capelet set, school layering, formal coat/vest, adult black dress. Effects must be the union of actually adopted components."
H033,세운 깃 재킷·가슴 띠·한쪽 털 덮개,NO_NEW_PROFILE_THIS_PASS,,,costume_ccx_cc04_01,,HOLD_EXACT_CASE,Tonks' military coat is text-supported; Krum's exact red strap/fur ensemble still needs a source still.
H034,분홍 재킷·스커트와 작은 리본,NO_NEW_PROFILE_THIS_PASS,,,,,BUNDLE_REVIEW,"Pink progression is source-supported; exact handbag, cut and ribbon need scene-level corroboration."
H035,여러 시점 사이의 분홍 강도 변화,NO_NEW_PROFILE_THIS_PASS,,,,,TEMPORAL_ONLY,Keep only a selected pink state in still-image candidates; sequence narrative remains outside still hard obligations.
H036,길고 매끈하게 내려오는 생머리,NO_NEW_PROFILE_THIS_PASS,,,,blonde_long_hair,MODIFIER_REVIEW,Existing long-blonde candidate combines colour/length; prefer independent texture/length so locks are respected.
H037,짧은 머리끝의 불규칙한 방향,ADOPTED_GENERIC_MORPHOLOGY,appearance_rel_h037,appearance_h037,,,NEW_FORM,"Black colour, thin face, scar and eye colour remain separate atoms; tousled does not require wet hair."
H038,전체 부피와 잔머리가 퍼지는 머리,ADOPTED_GENERIC_MORPHOLOGY,appearance_rel_h038,appearance_h038,,,NEW_CARRIER_SIBLING,Do not reuse nonhuman tail ownership for scalp hair; volume and wave pitch are separate.
H039,장발과 거친 수염의 독립된 경계,NO_NEW_PROFILE_THIS_PASS,,,,full_beard,REUSE_AND_CASE_HOLD,Keep generic beard candidate; Hagrid exact hair/body bundle requires first-film source qualification.
H040,이마에서 뒤로 눕힌 머리 방향,ADOPTED_GENERIC_MORPHOLOGY,appearance_rel_h040,appearance_h040,,slicked_back_wet,SIBLING_REVIEW,Current wet-look candidate should retain wet meaning; add dry swept-back sibling instead of weakening it.
H041,큰 물결 머리와 작은 나선 컬 구분,ADOPTED_GENERIC_MORPHOLOGY,appearance_rel_h041,appearance_h041,,,NEW_OR_EXISTING_CANDIDATE_REVIEW,Actor/year/colour and a neat updo are separate; a film hair example isn't the universal character hairstyle.
H042,가닥별 굵은 나선 컬,ADOPTED_GENERIC_MORPHOLOGY,appearance_rel_h042,appearance_h042,,,NEW_FORM,"Ringlet villainess interpretation is a proposed design, not verified default Female Draco canon."
H043,머리색 두 영역의 위치 관계,ADOPTED_GENERIC_MORPHOLOGY,appearance_rel_h043,appearance_h043,,faded_blonde_rooted_hair,NEW_PLACEMENT_OR_MODIFIER,Observed promo has dark crown/front roll with lighter sides/lower sections; back unseen. Do not universalize seed's dark-back description.
H044,짧고 삐친 유색 머리,NO_NEW_PROFILE_THIS_PASS,,,,,NEW_OR_ATOM_BUNDLE,Tonks violet/pink states stay alternative versions; film red coat is separate.
H045,뒤로 모은 번과 긴 머리의 연결,ADOPTED_GENERIC_MORPHOLOGY,appearance_rel_h045,appearance_h045,,,SIBLING_REVIEW,Single bun vs two scalp ties remains distinct; neatness and hair colour aren't anatomy.
H046,길게 내려오는 흰 수염,NO_NEW_PROFILE_THIS_PASS,,,,full_beard,REUSE_OR_MODIFIER,Waist length and exact white/silver shade are version choices; early ornate vs late muted robes remain separate.
H047,입 양쪽으로 퍼지는 큰 콧수염,NO_NEW_PROFILE_THIS_PASS,,,,,HOLD_EXACT_CASE,Slughorn book silver moustache/green eyes and missing film moustache need an exact primary book citation.
H048,가는 원형 안경테와 코 다리,ADOPTED_GENERIC_MORPHOLOGY,appearance_rel_h048,appearance_h048,ca_spectacle_frame,wireframe_round_glasses,REUSE_OR_SHAPE_MODIFIER,Reuse general frame topology and existing round-glasses candidate; do not make every glasses request circular.
H049,반달형 렌즈 테의 낮은 윗선,ADOPTED_GENERIC_MORPHOLOGY,appearance_rel_h049,appearance_h049,ca_spectacle_frame,,SIBLING_REVIEW,Frame topology reused; selected half-moon shape new or modifier. Wearer intellect isn't evidence.
H050,안경 렌즈 안에서만 커지는 눈,ADOPTED_GENERIC_MORPHOLOGY,appearance_rel_h050,appearance_h050,ca_spectacle_frame,,NEW_RELATION,Trelawney exact optical magnitude/temple thickness require a close still; never diagnose health from pixels.
H051,피부 표면에 분산된 작은 주근깨 점,ADOPTED_GENERIC_MORPHOLOGY,appearance_rel_h051,appearance_h051,,,NEW_OR_ATOM_REVIEW,Ron's precise source appearance is a lead; natural origin needs declared context and source evidence. Generic visible-dot morphology makes no ethnicity or health claim.
H052,상대적으로 큰 앞니,NO_NEW_PROFILE_THIS_PASS,,,,,OWNER_SLOT_REVIEW,eye_detail is not a valid final owner for teeth; use existing facial/anatomical carrier or hold instead of forcing this suggested slot.
H053,곡선으로 돌출하는 코,NO_NEW_PROFILE_THIS_PASS,,,,,NEW_CARRIER_SIBLING,No ancestry or villain trait inferred. Film actor face and book descriptor remain separate.
H054,좁아지는 턱끝과 얼굴 윤곽,NO_NEW_PROFILE_THIS_PASS,,,,,REUSE_EXISTING_FACE_REVIEW,Do not add a character-specific genetic facial type; perspective and bony structure require distinct evidence.
H055,눈색은 홍채 안의 독립 속성,NO_NEW_PROFILE_THIS_PASS,,,sca_f05_central,,MODIFIER_REVIEW,Harry book green/film blue and fan gray/green/blue are version-specific; central heterochromia is not ordinary iris colour.
H056,주변 기준과 비교하는 체구·키,NO_NEW_PROFILE_THIS_PASS,,,,,OWNER_AND_GEOMETRY_REVIEW,Filius/Maxime/Hagrid case scale requires versioned body/scene evidence; do not copy prop-model dimensions into creature anatomy.
H057,피로·수척함과 복식 상태 분리,NO_NEW_PROFILE_THIS_PASS,,,,,CONTEXT_ONLY,Require explicit requested visual axes rather than one 'exhausted prisoner' keyword-to-body obligation.
H058,피부 위의 짧고 각진 번개형 선,ADOPTED_GENERIC_MORPHOLOGY,appearance_rel_h058,appearance_h058,ca_irregular_scar_lines,bm_scar_surface,SIBLING_REVIEW,Existing intersecting-scar profile requires crossings; a nonintersecting lightning path must not inherit them.
H059,얼굴 흉터의 국소 경로와 높이,NO_NEW_PROFILE_THIS_PASS,,,ca_irregular_scar_lines,bm_scar_surface,REUSE_OR_SUBTYPE,Crossing number and healed/fresh state are explicitly selected; don't demand intersections for every scar.
H060,한 손의 검은 변색·줄어든 부피,NO_NEW_PROFILE_THIS_PASS,,,,,HOLD_EXACT_CASE,Dumbledore case needs scene/source confirmation; retain horror morphology without health diagnosis.
H061,한 눈 자리의 인공 구체와 고정부,ADOPTED_GENERIC_MORPHOLOGY,appearance_rel_h061,appearance_h061,sca_x04,,NEW_CARRIER_RELATION,Film strap/side location must be checked from a still; 360-degree motion/vision needs temporal evidence.
H062,몸 끝점과 소켓에서 이어지는 의족,NO_NEW_PROFILE_THIS_PASS,,,bm_prosthetic_connection,,REUSE_WITH_GUARDS,Existing profile explicitly requires an adult subject. Preserve that guard and do not impose modern hardware on fictional wood without evidence.
H063,팔에 이어진 금속성 대체 손,ADOPTED_GENERIC_MORPHOLOGY,appearance_rel_h063,appearance_h063,bm_prosthetic_connection,,SIBLING_REVIEW,Do not force a visible socket or ordinary human biology on magic replacement; static shine doesn't establish silver chemistry or powers.
H064,낮은 코 돌출과 두 가는 콧구멍,NO_NEW_PROFILE_THIS_PASS,,,,,NEW_CARRIER_RELATION,Book red eyes vs film face needs a separate exact eye source; film production dots/contacts are not body details.
H065,팔 피부의 해골·입에서 나온 뱀 문양,ADOPTED_GENERIC_MORPHOLOGY,appearance_rel_h065,appearance_h065,,,NEW_TOPOLOGY,"Tattoo-like representation doesn't establish membership, cause, touch activation or real-world ideology."
H066,몸 내부를 통해 보이는 배경,NO_NEW_PROFILE_THIS_PASS,,,,translucent_spirit_glow_surface,SIBLING_SCOPE_REVIEW,"Former life, death and ghost identity need contextual evidence; do not weaken existing ghost-identity meaning into an effect."
H067,후드 속 얼굴 가림과 지면 위 간격,NO_NEW_PROFILE_THIS_PASS,,,,,NEW_OR_BUNDLE,Concealment and hovering are separate obligations; 'Dementor' doesn't authorize soul-harm event or all physical details automatically.
H068,긴 사지·마른 몸통의 늑대형 변형체,NO_NEW_PROFILE_THIS_PASS,,,,,HOLD_EXACT_CASE,Lupin film sparse-fur design still needs a primary image/creator source; no real illness/danger inference.
H069,인간 얼굴 위의 생물학적 고양이 변형,NO_NEW_PROFILE_THIS_PASS,,,ca_pointed_ear_panels,ca_cap_projections,NEW_WITH_MEDIUM_GUARD,Grey film fur and black book cat descriptions remain version leads; no magical mechanism inferred from still pixels.
H070,옆으로 길게 뻗은 뾰족귀,NO_NEW_PROFILE_THIS_PASS,,,ca_elongated_side_ears;ca_pointed_ear_panels,,REUSE_OR_MODIFIER,Dobby and goblins differ in eye/nose/jaw proportions; don't collapse them into one generic small 'elf' preset.
H071,인간 상체와 말 하체의 연속 접합,NO_NEW_PROFILE_THIS_PASS,,,,,SIBLING_REVIEW,Do not broaden sculpture-specific truncation/kneeling profiles; exact source-book citation needs correction.
H072,맹금류 앞부분·날개와 말 뒤부분,NO_NEW_PROFILE_THIS_PASS,,,hippogriff_eagle_horse_topology,,REUSE_WITH_EFFECT_MAPPING,Existing profile lacks explicit affected-property mapping; adoption needs reviewed owner/effect mapping instead of a cloned keyword profile.
H073,비늘 몸통·턱·송곳니의 거대 뱀,NO_NEW_PROFILE_THIS_PASS,,,,,SOURCE_AND_OWNER_REVIEW,Basilisk exact eye/scale/fang dimensions require source still; petrifying gaze is not an eye colour.
H074,몸통에 이어진 거미의 여덟 다리,NO_NEW_PROFILE_THIS_PASS,,,,,NEW_OR_EXISTING_MORPHOLOGY_REVIEW,"Animatronic leg-span numbers are production-object measurements, not a universal fictional scale."
H075,부분·전체 얼굴 가면의 판본별 범위,ADOPTED_GENERIC_MORPHOLOGY,appearance_rel_h075,appearance_h075,,,SIBLING_REVIEW,Fourth-film partial vs fifth-film full coverage; mouth apertures belong only to explicitly chosen variants. Do not force generic projecting mask nose or full coverage.
H076,금속 같은 가면의 새김·구멍 구별,ADOPTED_GENERIC_MORPHOLOGY,appearance_rel_h076,appearance_h076,,,NEW_RELATION,Retain per-mask individual pattern and costume embroidery as related separate carriers.
H077,중앙 모래시계·둘레 고리·목걸이,ADOPTED_GENERIC_MORPHOLOGY,appearance_rel_h077,appearance_h077,clothing_ct109_v2,,NEW_PROP_MODIFIER,"Do not force replica ring count, gold purity or contradictory size; motion/time function stays outside still gates."
H078,코르크 조각을 꿴 목걸이,ADOPTED_GENERIC_MORPHOLOGY,appearance_rel_h078,appearance_h078,clothing_ct109_v2,,NEW_RELATION,Official editorial sometimes loosely calls them caps; preserve plug vs cap boundary from the selected source/image.
H079,잎 달린 작은 뿌리열매 드롭 귀걸이,ADOPTED_GENERIC_MORPHOLOGY,appearance_rel_h079,appearance_h079,,,NEW_OR_MODIFIER,Exact orange/red shape and leaf number need enlarged source pixels before canon-detail qualification.
H080,별 형태가 매달린 귀걸이,ADOPTED_GENERIC_MORPHOLOGY,appearance_rel_h080,appearance_h080,,,NEW_OR_EXISTING_ORNAMENT_REVIEW,Star earrings belong to the party variant; don't require them in all Luna-related looks.
H081,넓은 장식 안경과 다른 렌즈색,NO_NEW_PROFILE_THIS_PASS,,,ca_spectacle_frame;y2kr_colored_frame,,MODIFIER_REVIEW,Paper vs plastic vs product material and exact lens pattern need versioned object evidence; invisible-creature vision is not visual form.
H082,머리 위의 큰 사자 모형 모자,ADOPTED_GENERIC_MORPHOLOGY,appearance_rel_h082,appearance_h082,,,NEW_CARRIER_SIBLING,Head-covering mask and above-head sculpture differ; roar needs temporal/audio evidence.
H083,작은 비즈 주머니의 입구·손잡이,ADOPTED_GENERIC_MORPHOLOGY,appearance_rel_h083,appearance_h083,,,PROP_OWNER_REVIEW,Hand contact and garment attachment are optional separate relations. Exact clasp/cord form still needs image evidence.
H084,안경테의 보석 장식과 렌즈,NO_NEW_PROFILE_THIS_PASS,,,ca_spectacle_frame,,HOLD_EXACT_CASE,Rita book vs film frame/colour/nail/fabric variants require exact sources; generic frame adornment can be drafted.
H085,성인 무대판의 긴 뒤묶음,NO_NEW_PROFILE_THIS_PASS,,,,,SIBLING_REVIEW,2016 promo loose/position details and later stage ponytail can be different case observations; don't flatten cast/production history.
H086,손·지팡이·지팡이 손잡이의 접촉,NO_NEW_PROFILE_THIS_PASS,,,costume_ccx_cc36_01;costume_ccx_cc36_02,,REUSE_WITH_PROP_OWNER,"Wand-in-cane extraction, hidden blades and magical effect need separate selected relations/evidence."
H087,귓불에 연결된 고리 귀걸이,ADOPTED_GENERIC_MORPHOLOGY,appearance_rel_h087,appearance_h087,,,REUSE_OR_NEW_ORNAMENT,"This source shows dark hoops; material, exact cardinality and all-fanart universality are not implied."
H088,서로 다른 목걸이·팔찌·반지의 겹침,NO_NEW_PROFILE_THIS_PASS,,,,,OWNER_SPECIFIC_REVIEW,"Trelawney bangles, Maxime opal and fan dark nails are different axes; nail colour is not jewellery."
H089,느슨한 천 코트와 정장 내부층,NO_NEW_PROFILE_THIS_PASS,,,costume_ccx_cc02_02,,REUSE_OR_MODIFIER,Queenie exact peach/pink ombre coat and Tina huge collar are seed leads; Newt petrol hue is separately sourced.
H090,각진 어깨의 긴 코트·검백 테두리,ADOPTED_GENERIC_MORPHOLOGY,appearance_rel_h090,appearance_h090,,,NEW_OR_ATOM_BUNDLE,Exact case material is creator-supported; generic sheen cannot establish fiber chemistry.
H091,TS·팬작품 제목·캐릭터명,NO_NEW_PROFILE_THIS_PASS,,,,,CONTEXT_ONLY,No title/name in positive retrieval; gender/age/transition history aren't inferred from visible clothing. No Novelpia-to-X lineage evidence.
H092,변장·착의 변환과 신체 변형 구분,NO_NEW_PROFILE_THIS_PASS,,,,,CONTEXT_ONLY,"Keep showing a costume, altered anatomy, a disguise target and actual person identity as separate evidence layers."
H093,내려온 눈꺼풀과 비대칭 입꼬리,ADOPTED_GENERIC_MORPHOLOGY,appearance_rel_h093,appearance_h093,sca_f03,playful_smirk,NEW_OR_CONJUNCTION,Existing playful-smirk candidates add interpretation; maintain a neutral facial-action description and optional contextual reading.
H094,팔짱·턱 높이·머리 기울기의 독립 축,NO_NEW_PROFILE_THIS_PASS,,,,,POSE_OWNER_REVIEW,Artist sample includes different poses; don't encode all three as compulsory expression of TS or villainess.
H095,두 인물의 마주보기·시선·소품 소유,NO_NEW_PROFILE_THIS_PASS,,,,,CONTEXT_AND_OWNER_REVIEW,Competition is an authored situation; static visual cues support a chosen reading but do not prove actual emotion/history.
H096,직조 문양의 브로케이드 표면,NO_NEW_PROFILE_THIS_PASS,,,,brocade_raised_supplementary_weft_surface,REUSE_CANDIDATE,Exact fiber/process needs material documentation; candidate shape doesn't prove production history.
H097,빛 방향에 따라 달라지는 벨벳 기모,NO_NEW_PROFILE_THIS_PASS,,,clothing_ct089_v2,velvet_fabric_surface,REUSE_WITH_EFFECT_SCOPE,Existing profile uses appearance wardrobe.surface scope; align final effects with actual owner instead of changing scope by label.
H098,시폰형 얇은 흐름과 가장자리,NO_NEW_PROFILE_THIS_PASS,,,clothing_ct091_v2,sheer_organza_chiffon_transmission,REUSE_OR_MATERIAL_SIBLING,Documented Hermione silk/chiffon remains source-specific; generic candidate should not impose chemistry.
H099,튈의 실제 망사 셀과 겹침,NO_NEW_PROFILE_THIS_PASS,,,clothing_ct090_v2;costume_ccx_cc27_01,,REUSE_WITH_SUBTYPE_GUARDS,Existing tutu layers start below waist; don't force that carrier/short spread on a wedding gown.
H100,주름의 능선·골·접히는 방향,NO_NEW_PROFILE_THIS_PASS,,,clothing_ct063_v1;clothing_ct063_v2,pleat_fold_ridge_valley_geometry,REUSE_SELECTED_SUBTYPE,Generic label pleating doesn't automatically activate knife pleats; specific form requires request evidence.
H101,한쪽은 붙고 다른 끝은 자유로운 러플,NO_NEW_PROFILE_THIS_PASS,,,clothing_ct065_v1;clothing_ct065_v2,,REUSE_OR_CARRIER_SIBLING,Current sleeve ruffle and skirt flounce are distinct; owner changes require sibling/context review.
H102,바탕 천 위에 덧붙인 별도 문양 천,NO_NEW_PROFILE_THIS_PASS,,,clothing_ct067_v1;costume_ccx_cc42_02,,REUSE_WITH_CARRIER_SCOPE,Don't cite generic applique definition as proof that Fleur's actual black motifs used applique.
H103,두 줄의 구멍을 가로지르는 끈 여밈,NO_NEW_PROFILE_THIS_PASS,,,clothing_ct055_v1;costume_ccx_cc26_02,,REUSE_WITH_LOCATION_GUARDS,Generic lacing vs corset back lacing are separate; don't invent hidden rear lacing from a front still.
H104,마모 원인보다 보이는 옷 상태,NO_NEW_PROFILE_THIS_PASS,,,,,HOLD_PROCESS_REUSE_FORM,"Distinct edge damage, fading and stains should be independently optional; verify source PDF before procedural claims."
H105,지정한 소유자 안에서의 비대칭,NO_NEW_PROFILE_THIS_PASS,,,,,CONTEXT_ONLY,Don't use global composition-balance profile for local face/hair asymmetry; choose an exact owner/property first.
H106,묶임점에 붙는 작은 머리 리본,ADOPTED_GENERIC_MORPHOLOGY,appearance_rel_h106,appearance_h106,,,OPTIONAL_DESIGN_ONLY,"Green ribbon/ringlets are a proposed villainess design direction, not a default seen in the three inspected artist samples."
H107,성인 후일담의 복식·소품 판본,NO_NEW_PROFILE_THIS_PASS,,,,,CONTEXT_ONLY,Adult depiction must come from explicit source/request context; no universal ageing amount or family status from accessories.
H108,손톱 면 안의 어두운 색,NO_NEW_PROFILE_THIS_PASS,,,,,OWNER_SLOT_REVIEW,Review current nail carrier/slot before adoption; don't force face-makeup ownership or a sexual/health interpretation.
H109,머리에 감긴 터번과 어깨 드레이프,NO_NEW_PROFILE_THIS_PASS,,,,,CULTURAL_SCOPE_AND_SOURCE_HOLD,Quirrell's turban/drape colour and construction need a film still. Don't broaden a Dastar-specific identity to all turbans.
H110,정돈된 가르마와 정상 코의 학생형,NO_NEW_PROFILE_THIS_PASS,,,,,GENERIC_FORM_CASE_HOLD,"Young Tom Riddle exact hair/year/face source is pending. Use as a version contrast lead, not a character-name activation."
H111,지퍼 후드와 일상복의 겹침,NO_NEW_PROFILE_THIS_PASS,,,clothing_ct007_v1;clothing_ct007_v2,,REUSE_OR_BUNDLE,Third-film casual direction is creator-supported; Hermione's exact pink shade and trouser cut remain scene-level leads.
H112,넓은 소매 구멍·큰 천 몸판·별도 하의,NO_NEW_PROFILE_THIS_PASS,,,,,REUSE_WITH_CULTURAL_PROVENANCE,Kingsley creator interview explicitly cites Agbada and Kota trousers. Keep source names in provenance and preserve actual form boundaries.
H113,큰 불투명 색석의 목·귀 장신구,NO_NEW_PROFILE_THIS_PASS,,,,,HOLD_EXACT_CASE,Madame Maxime opal material and precise mounting are source leads; halo setting is not mandatory.
H114,긴 코트 전면의 원·소용돌이 문양,NO_NEW_PROFILE_THIS_PASS,,,,,HOLD_EXACT_CASE,Xenophilius film gold/mustard fabric and pattern repeat require an original still; a generic motif is a researcher proposal.
H115,단순 주머니형 천옷의 머리·팔 구멍,NO_NEW_PROFILE_THIS_PASS,,,,,SOURCE_AND_NONHUMAN_OWNER_REVIEW,Dobby pillowcase exact colour and seam construction not verified by production-method pages; source leads retained.
H116,양쪽의 작은 머리 묶음과 안경,NO_NEW_PROFILE_THIS_PASS,,,,,REUSE_WITH_CASE_HOLD,Myrtle's exact hair style/era/ghost schoolwear needs film image evidence; lens shape isn't inferred from two tails.
H117,손톱·깃펜·가방의 소유 분리,NO_NEW_PROFILE_THIS_PASS,,,costume_ccx_cc36_01,,OWNER_SLOT_AND_SOURCE_HOLD,"Rita canonical acid-green quill, crocodile bag and nails require dedicated source verification; do not adopt by colour association."
H118,눈 고정부 띠와 별도 얼굴 피부,NO_NEW_PROFILE_THIS_PASS,,,sca_x04,,HOLD_FILM_MOUNT,"Magic eye text confirms iris/device, but film strap/side path still needs original source pixels."
H119,군집 안의 개체별 얼굴·가면 차이,NO_NEW_PROFILE_THIS_PASS,,,,,MULTI_OWNER_REVIEW,"Goblins use anatomical/prosthetic face variation; masked humans use object-pattern variation. Keep species, manufacture and representation distinct."
H120,노란 기가 약한 밝은 머리색,ADOPTED_GENERIC_MORPHOLOGY,appearance_rel_h120,appearance_h120,,silver_blonde_gothic_hair,SIBLING_OR_COLOUR_MODIFIER,Current silver-blonde Gothic candidate adds style context; neutral cool pale blonde should preserve colour locks without Gothic genre.
