id,category,phrase,polarity,source_id,source_kind,age_context,age_evidence_class,proposal_ids,existing_ids_to_review
K001,01 직접적인 분위기 지시,섹시한,긍정,S09,지시문 형태 원문,확보한 텍스트에 구체적인 성인 나이 명시 없음; 선정 표현은 원문 관찰로만 기록,source_age_unspecified,VEL-001,
K002,01 직접적인 분위기 지시,관능적이고 위태로운,긍정,S09,지시문 형태 원문,확보한 텍스트에 구체적인 성인 나이 명시 없음; 선정 표현은 원문 관찰로만 기록,source_age_unspecified,VEL-001,
K003,01 직접적인 분위기 지시,청순함과 매혹적인 분위기가 함께,긍정,S02,지시문 형태 원문,본문에 성인 여성 명시,prompt_explicit_adult_claim_not_independently_replayed,VEL-001,
K004,01 직접적인 분위기 지시,slightly sultry,설명,S06,이미지 연결 설명문; 입력 프롬프트 여부 미확인,설명문에 young adult; 실제 나이 확인 아님,descriptive_age_claim_not_verified,VEL-001,
K005,02 몸에 맞는 실루엣,몸의 라인을 따라 슬림하게 밀착되는,긍정,S01,지시문 형태 원문,본문에 성인 여성 명시,prompt_explicit_adult_claim_not_independently_replayed,VEL-002,pfe_opaque_fit;pfe_skimming
K006,02 몸에 맞는 실루엣,민소매 롱 차이나 드레스,긍정,S01,지시문 형태 원문,본문에 성인 여성 명시,prompt_explicit_adult_claim_not_independently_replayed,VEL-003,pfe_slit;slot:garment_detail:pfe_slit_candidate
K007,02 몸에 맞는 실루엣,한쪽 허벅지까지 자연스럽게 이어지는 슬릿,긍정,S01,지시문 형태 원문,본문에 성인 여성 명시,prompt_explicit_adult_claim_not_independently_replayed,VEL-003,pfe_slit;slot:garment_detail:pfe_slit_candidate
K008,02 몸에 맞는 실루엣,허리선이 강조된 핏되는 재킷,긍정,S02,지시문 형태 원문,본문에 성인 여성 명시,prompt_explicit_adult_claim_not_independently_replayed,VEL-002,pfe_opaque_fit;pfe_skimming
K009,02 몸에 맞는 실루엣,몸에 밀착되는 흰색 U넥 골지 탑,긍정,S02,지시문 형태 원문,본문에 성인 여성 명시,prompt_explicit_adult_claim_not_independently_replayed,VEL-002,pfe_opaque_fit;pfe_skimming
K010,02 몸에 맞는 실루엣,코르셋형 패션 베스트,긍정,S02,지시문 형태 원문,본문에 성인 여성 명시,prompt_explicit_adult_claim_not_independently_replayed,VEL-004,slot:fetish_styling:corset_bustier_layered;slot:wardrobe_style:y2kr_bustier
K011,02 몸에 맞는 실루엣,볼륨,긍정,S02,지시문 형태 원문,본문에 성인 여성 명시,prompt_explicit_adult_claim_not_independently_replayed,VEL-005,
K012,02 몸에 맞는 실루엣,일체형 패드 장착,긍정,S02,지시문 형태 원문,본문에 성인 여성 명시,prompt_explicit_adult_claim_not_independently_replayed,VEL-005,
K013,02 몸에 맞는 실루엣,fitted dress,설명,S04,이미지 연결 설명문; 입력 프롬프트 여부 미확인,설명문에 twenties to early thirties; 실제 나이 확인 아님,descriptive_age_claim_not_verified,VEL-002,pfe_opaque_fit;pfe_skimming
K014,02 몸에 맞는 실루엣,cinched waist,설명,S04,이미지 연결 설명문; 입력 프롬프트 여부 미확인,설명문에 twenties to early thirties; 실제 나이 확인 아님,descriptive_age_claim_not_verified,VEL-002,pfe_opaque_fit;pfe_skimming
K015,02 몸에 맞는 실루엣,corset-like seams,설명,S04,이미지 연결 설명문; 입력 프롬프트 여부 미확인,설명문에 twenties to early thirties; 실제 나이 확인 아님,descriptive_age_claim_not_verified,VEL-004,slot:fetish_styling:corset_bustier_layered;slot:wardrobe_style:y2kr_bustier
K016,03 재질과 촉각성,glossy black latex,설명,S04,이미지 연결 설명문; 입력 프롬프트 여부 미확인,설명문에 twenties to early thirties; 실제 나이 확인 아님,descriptive_age_claim_not_verified,VEL-006,hvr_profile_fetish_material_owner;slot:fetish_styling:glossy_latex_look
K017,03 재질과 촉각성,leather-like,설명,S04,이미지 연결 설명문; 입력 프롬프트 여부 미확인,설명문에 twenties to early thirties; 실제 나이 확인 아님,descriptive_age_claim_not_verified,VEL-007,
K018,03 재질과 촉각성,tight and reflective,설명,S04,이미지 연결 설명문; 입력 프롬프트 여부 미확인,설명문에 twenties to early thirties; 실제 나이 확인 아님,descriptive_age_claim_not_verified,VEL-006,hvr_profile_fetish_material_owner;slot:fetish_styling:glossy_latex_look
K019,03 재질과 촉각성,highlights and sheen,설명,S04,이미지 연결 설명문; 입력 프롬프트 여부 미확인,설명문에 twenties to early thirties; 실제 나이 확인 아님,descriptive_age_claim_not_verified,VEL-006,hvr_profile_fetish_material_owner;slot:fetish_styling:glossy_latex_look
K020,03 재질과 촉각성,shiny folds,설명,S04,이미지 연결 설명문; 입력 프롬프트 여부 미확인,설명문에 twenties to early thirties; 실제 나이 확인 아님,descriptive_age_claim_not_verified,VEL-006,hvr_profile_fetish_material_owner;slot:fetish_styling:glossy_latex_look
K021,03 재질과 촉각성,블랙 가죽은 은은한 무광 질감,긍정,S03,지시문 형태 원문,성인 다크 엘프 여성 명시,prompt_explicit_adult_claim_not_independently_replayed,VEL-007,
K022,03 재질과 촉각성,오래된 은빛과 흑철의 질감,긍정,S03,지시문 형태 원문,성인 다크 엘프 여성 명시,prompt_explicit_adult_claim_not_independently_replayed,VEL-007,
K023,03 재질과 촉각성,검은 가죽과 금속 세공,긍정,S03,지시문 형태 원문,성인 다크 엘프 여성 명시,prompt_explicit_adult_claim_not_independently_replayed,VEL-007,
K024,03 재질과 촉각성,satin/ silk,설명,S06,이미지 연결 설명문; 입력 프롬프트 여부 미확인,설명문에 young adult; 실제 나이 확인 아님,descriptive_age_claim_not_verified,VEL-008,satin_directional_luster_drape_surface;slot:surface_material:satin_directional_luster_drape_surface;slot:surface_material:y2kr_satin
K025,03 재질과 촉각성,lace trim,설명,S06,이미지 연결 설명문; 입력 프롬프트 여부 미확인,설명문에 young adult; 실제 나이 확인 아님,descriptive_age_claim_not_verified,VEL-009,lace_trim_attached_edge;slot:garment_detail:lace_trim_edge
K026,03 재질과 촉각성,smooth satin texture,설명,S06,이미지 연결 설명문; 입력 프롬프트 여부 미확인,설명문에 young adult; 실제 나이 확인 아님,descriptive_age_claim_not_verified,VEL-008,satin_directional_luster_drape_surface;slot:surface_material:satin_directional_luster_drape_surface;slot:surface_material:y2kr_satin
K027,04 목선과 의복 개방성,square neckline showing cleavage,설명,S04,이미지 연결 설명문; 입력 프롬프트 여부 미확인,설명문에 twenties to early thirties; 실제 나이 확인 아님,descriptive_age_claim_not_verified,VEL-010,decolletage_neckline_exposure;pfe_cleavage
K028,04 목선과 의복 개방성,low neckline,설명,S05,이미지 연결 설명문; 입력 프롬프트 여부 미확인,설명문에 young adult / appearing around 20; 실제 나이 확인 아님,descriptive_age_claim_not_verified,VEL-010,decolletage_neckline_exposure;pfe_cleavage
K029,04 목선과 의복 개방성,thin-strapped sundress,설명,S05,이미지 연결 설명문; 입력 프롬프트 여부 미확인,설명문에 young adult / appearing around 20; 실제 나이 확인 아님,descriptive_age_claim_not_verified,VEL-011,
K030,04 목선과 의복 개방성,one shoulder strap fallen/sliding off,설명,S05,이미지 연결 설명문; 입력 프롬프트 여부 미확인,설명문에 young adult / appearing around 20; 실제 나이 확인 아님,descriptive_age_claim_not_verified,VEL-012,pfe_one_shoulder;slot:garment_detail:y2kr_bra_straps
K031,04 목선과 의복 개방성,revealing cleavage,설명,S05,이미지 연결 설명문; 입력 프롬프트 여부 미확인,설명문에 young adult / appearing around 20; 실제 나이 확인 아님,descriptive_age_claim_not_verified,VEL-010,decolletage_neckline_exposure;pfe_cleavage
K032,04 목선과 의복 개방성,slip/lingerie-style camisole dress,설명,S06,이미지 연결 설명문; 입력 프롬프트 여부 미확인,설명문에 young adult; 실제 나이 확인 아님,descriptive_age_claim_not_verified,VEL-013,underwear_as_outerwear_layer_system;slot:wardrobe_style:dropwaist_satin_slip_dress
K033,04 목선과 의복 개방성,thin spaghetti straps,설명,S06,이미지 연결 설명문; 입력 프롬프트 여부 미확인,설명문에 young adult; 실제 나이 확인 아님,descriptive_age_claim_not_verified,VEL-011,
K034,04 목선과 의복 개방성,neckline,설명,S06,이미지 연결 설명문; 입력 프롬프트 여부 미확인,설명문에 young adult; 실제 나이 확인 아님,descriptive_age_claim_not_verified,VEL-010,decolletage_neckline_exposure;pfe_cleavage
K035,05 젖음과 원단의 변화,wet and semi-translucent,설명,S05,이미지 연결 설명문; 입력 프롬프트 여부 미확인,설명문에 young adult / appearing around 20; 실제 나이 확인 아님,descriptive_age_claim_not_verified,VEL-014,
K036,05 젖음과 원단의 변화,clinging to her body,설명,S05,이미지 연결 설명문; 입력 프롬프트 여부 미확인,설명문에 young adult / appearing around 20; 실제 나이 확인 아님,descriptive_age_claim_not_verified,VEL-015,slot:garment_detail:static_cling_fabric
K037,05 젖음과 원단의 변화,soaked and slightly see-through,설명,S05,이미지 연결 설명문; 입력 프롬프트 여부 미확인,설명문에 young adult / appearing around 20; 실제 나이 확인 아님,descriptive_age_claim_not_verified,VEL-014,
K038,05 젖음과 원단의 변화,water droplets,설명,S05,이미지 연결 설명문; 입력 프롬프트 여부 미확인,설명문에 young adult / appearing around 20; 실제 나이 확인 아님,descriptive_age_claim_not_verified,VEL-014,
K039,05 젖음과 원단의 변화,wet hair strands,설명,S05,이미지 연결 설명문; 입력 프롬프트 여부 미확인,설명문에 young adult / appearing around 20; 실제 나이 확인 아님,descriptive_age_claim_not_verified,VEL-016,wet_damp_clumped_hair_state;slot:hair_style:hr_wet_hair_skin_contact
K040,05 젖음과 원단의 변화,sparkling highlights on wet skin,설명,S05,이미지 연결 설명문; 입력 프롬프트 여부 미확인,설명문에 young adult / appearing around 20; 실제 나이 확인 아님,descriptive_age_claim_not_verified,VEL-017,
K041,05 젖음과 원단의 변화,just-out-of-shower look,설명,S06,이미지 연결 설명문; 입력 프롬프트 여부 미확인,설명문에 young adult; 실제 나이 확인 아님,descriptive_age_claim_not_verified,VEL-018,rb_glass_reflection_transmission
K042,05 젖음과 원단의 변화,wet or clingy and shiny,설명,S06,이미지 연결 설명문; 입력 프롬프트 여부 미확인,설명문에 young adult; 실제 나이 확인 아님,descriptive_age_claim_not_verified,VEL-014,
K043,05 젖음과 원단의 변화,condensation and droplets,설명,S06,이미지 연결 설명문; 입력 프롬프트 여부 미확인,설명문에 young adult; 실제 나이 확인 아님,descriptive_age_claim_not_verified,VEL-018,rb_glass_reflection_transmission
K044,06 패션 액세서리와 역할 단서,long black glossy gloves,설명,S04,이미지 연결 설명문; 입력 프롬프트 여부 미확인,설명문에 twenties to early thirties; 실제 나이 확인 아님,descriptive_age_claim_not_verified,VEL-019,
K045,06 패션 액세서리와 역할 단서,above the elbows,설명,S04,이미지 연결 설명문; 입력 프롬프트 여부 미확인,설명문에 twenties to early thirties; 실제 나이 확인 아님,descriptive_age_claim_not_verified,VEL-019,
K046,06 패션 액세서리와 역할 단서,black choker collar,설명,S04,이미지 연결 설명문; 입력 프롬프트 여부 미확인,설명문에 twenties to early thirties; 실제 나이 확인 아님,descriptive_age_claim_not_verified,VEL-020,slot:wearable_accessory:y2kr_tattoo_choker;slot:wearable_accessory:royal_crest_choker
K047,06 패션 액세서리와 역할 단서,large silver/O-ring metal ring,설명,S04,이미지 연결 설명문; 입력 프롬프트 여부 미확인,설명문에 twenties to early thirties; 실제 나이 확인 아님,descriptive_age_claim_not_verified,VEL-020,slot:wearable_accessory:y2kr_tattoo_choker;slot:wearable_accessory:royal_crest_choker
K048,06 패션 액세서리와 역할 단서,초커 또는 넥 아머,긍정,S03,지시문 형태 원문,성인 다크 엘프 여성 명시,prompt_explicit_adult_claim_not_independently_replayed,VEL-020,slot:wearable_accessory:y2kr_tattoo_choker;slot:wearable_accessory:royal_crest_choker
K049,06 패션 액세서리와 역할 단서,얇은 가죽 스트랩,긍정,S03,지시문 형태 원문,성인 다크 엘프 여성 명시,prompt_explicit_adult_claim_not_independently_replayed,VEL-021,slot:wearable_accessory:y2kr_chain_strap;slot:wearable_accessory:unif_lapel_chain_separate_inner_neck
K050,06 패션 액세서리와 역할 단서,느슨하게 떨어지는 체인,긍정,S03,지시문 형태 원문,성인 다크 엘프 여성 명시,prompt_explicit_adult_claim_not_independently_replayed,VEL-021,slot:wearable_accessory:y2kr_chain_strap;slot:wearable_accessory:unif_lapel_chain_separate_inner_neck
K051,06 패션 액세서리와 역할 단서,부분적인 보호 장식,긍정,S03,지시문 형태 원문,성인 다크 엘프 여성 명시,prompt_explicit_adult_claim_not_independently_replayed,VEL-022,wearable_protective_armor_system
K052,06 패션 액세서리와 역할 단서,가죽 넥타이를 느슨하게,긍정,S02,지시문 형태 원문,본문에 성인 여성 명시,prompt_explicit_adult_claim_not_independently_replayed,VEL-023,
K053,06 패션 액세서리와 역할 단서,작은 메탈 버클,긍정,S02,지시문 형태 원문,본문에 성인 여성 명시,prompt_explicit_adult_claim_not_independently_replayed,VEL-021,slot:wearable_accessory:y2kr_chain_strap;slot:wearable_accessory:unif_lapel_chain_separate_inner_neck
K054,07 친밀감·사적 공간·자세,고풍스러운 침대 위에 편안하게 누워 있다,긍정,S03,지시문 형태 원문,성인 다크 엘프 여성 명시,prompt_explicit_adult_claim_not_independently_replayed,VEL-024,pv_profile_supine;pv_profile_side_lying
K055,07 친밀감·사적 공간·자세,한쪽 팔은 머리 또는 목 근처에 편안하게,긍정,S03,지시문 형태 원문,성인 다크 엘프 여성 명시,prompt_explicit_adult_claim_not_independently_replayed,VEL-024,pv_profile_supine;pv_profile_side_lying
K056,07 친밀감·사적 공간·자세,잠들기 전 우연히 카메라와 시선이 마주친 순간,긍정,S03,지시문 형태 원문,성인 다크 엘프 여성 명시,prompt_explicit_adult_claim_not_independently_replayed,VEL-028,
K057,07 친밀감·사적 공간·자세,침구에는 인물의 체중 때문에 생긴 자연스러운 눌림,긍정,S03,지시문 형태 원문,성인 다크 엘프 여성 명시,prompt_explicit_adult_claim_not_independently_replayed,VEL-024,pv_profile_supine;pv_profile_side_lying
K058,07 친밀감·사적 공간·자세,"dim, luxurious bathroom or hotel-like setting",설명,S06,이미지 연결 설명문; 입력 프롬프트 여부 미확인,설명문에 young adult; 실제 나이 확인 아님,descriptive_age_claim_not_verified,VEL-025,rb_glass_reflection_transmission
K059,07 친밀감·사적 공간·자세,leaning toward/near the sink and mirror,설명,S06,이미지 연결 설명문; 입력 프롬프트 여부 미확인,설명문에 young adult; 실제 나이 확인 아님,descriptive_age_claim_not_verified,VEL-025,rb_glass_reflection_transmission
K060,07 친밀감·사적 공간·자세,one hand is raised to/through her wet hair,설명,S06,이미지 연결 설명문; 입력 프롬프트 여부 미확인,설명문에 young adult; 실제 나이 확인 아님,descriptive_age_claim_not_verified,VEL-026,slot:hair_style:hr_wet_hair_skin_contact
K061,07 친밀감·사적 공간·자세,looking at her reflection,설명,S06,이미지 연결 설명문; 입력 프롬프트 여부 미확인,설명문에 young adult; 실제 나이 확인 아님,descriptive_age_claim_not_verified,VEL-025,rb_glass_reflection_transmission
K062,07 친밀감·사적 공간·자세,kneeling in prayer-like pose,설명,S04,이미지 연결 설명문; 입력 프롬프트 여부 미확인,설명문에 twenties to early thirties; 실제 나이 확인 아님,descriptive_age_claim_not_verified,VEL-027,pv_profile_tall_kneel;pv_profile_heel_sit;pv_profile_half_kneel
K063,07 친밀감·사적 공간·자세,hands held open and cupped/palm-up,설명,S04,이미지 연결 설명문; 입력 프롬프트 여부 미확인,설명문에 twenties to early thirties; 실제 나이 확인 아님,descriptive_age_claim_not_verified,VEL-027,pv_profile_tall_kneel;pv_profile_heel_sit;pv_profile_half_kneel
K064,07 친밀감·사적 공간·자세,devotional or offering gesture,설명,S04,이미지 연결 설명문; 입력 프롬프트 여부 미확인,설명문에 twenties to early thirties; 실제 나이 확인 아님,descriptive_age_claim_not_verified,VEL-027,pv_profile_tall_kneel;pv_profile_heel_sit;pv_profile_half_kneel
K065,08 시선·얼굴 표정,조용하고 몽환적이며 자신감 있는 시선,긍정,S03,지시문 형태 원문,성인 다크 엘프 여성 명시,prompt_explicit_adult_claim_not_independently_replayed,VEL-028,
K066,08 시선·얼굴 표정,"direct, slightly melancholic or dreamy stare",설명,S06,이미지 연결 설명문; 입력 프롬프트 여부 미확인,설명문에 young adult; 실제 나이 확인 아님,descriptive_age_claim_not_verified,VEL-028,
K067,08 시선·얼굴 표정,calm,설명,S06,이미지 연결 설명문; 입력 프롬프트 여부 미확인,설명문에 young adult; 실제 나이 확인 아님,descriptive_age_claim_not_verified,VEL-028,
K068,08 시선·얼굴 표정,pensive,설명,S06,이미지 연결 설명문; 입력 프롬프트 여부 미확인,설명문에 young adult; 실제 나이 확인 아님,descriptive_age_claim_not_verified,VEL-028,
K069,08 시선·얼굴 표정,Direct eye contact into the lens,긍정,S07,지시문 형태 원문; 전체 텍스트 확인,One adult East Asian woman 명시,prompt_explicit_adult_claim_not_independently_replayed,VEL-028,
K070,08 시선·얼굴 표정,Relaxed eyelids,긍정,S07,지시문 형태 원문; 전체 텍스트 확인,One adult East Asian woman 명시,prompt_explicit_adult_claim_not_independently_replayed,VEL-028,
K071,08 시선·얼굴 표정,lips naturally parted by approximately 1–2 mm,긍정,S07,지시문 형태 원문; 전체 텍스트 확인,One adult East Asian woman 명시,prompt_explicit_adult_claim_not_independently_replayed,VEL-029,ae_profile_lip_press;ae_profile_lip_tighten
K072,08 시선·얼굴 표정,Quiet confident expression,긍정,S07,지시문 형태 원문; 전체 텍스트 확인,One adult East Asian woman 명시,prompt_explicit_adult_claim_not_independently_replayed,VEL-028,
K073,09 거리와 시점,close-up and slightly from above,설명,S05,이미지 연결 설명문; 입력 프롬프트 여부 미확인,설명문에 young adult / appearing around 20; 실제 나이 확인 아님,descriptive_age_claim_not_verified,VEL-030,
K074,09 거리와 시점,leaning toward the lens,설명,S05,이미지 연결 설명문; 입력 프롬프트 여부 미확인,설명문에 young adult / appearing around 20; 실제 나이 확인 아님,descriptive_age_claim_not_verified,VEL-030,
K075,09 거리와 시점,the camera is close and intimate,설명,S05,이미지 연결 설명문; 입력 프롬프트 여부 미확인,설명문에 young adult / appearing around 20; 실제 나이 확인 아님,descriptive_age_claim_not_verified,VEL-030,
K076,09 거리와 시점,shallow depth of field,설명,S05,이미지 연결 설명문; 입력 프롬프트 여부 미확인,설명문에 young adult / appearing around 20; 실제 나이 확인 아님,descriptive_age_claim_not_verified,VEL-031,pfe_face_garment
K077,09 거리와 시점,mirror perspective,설명,S06,이미지 연결 설명문; 입력 프롬프트 여부 미확인,설명문에 young adult; 실제 나이 확인 아님,descriptive_age_claim_not_verified,VEL-030,
K078,09 거리와 시점,"close, intimate portrait",설명,S06,이미지 연결 설명문; 입력 프롬프트 여부 미확인,설명문에 young adult; 실제 나이 확인 아님,descriptive_age_claim_not_verified,VEL-030,
K079,09 거리와 시점,the woman’s face is the main sharp focus,설명,S06,이미지 연결 설명문; 입력 프롬프트 여부 미확인,설명문에 young adult; 실제 나이 확인 아님,descriptive_age_claim_not_verified,VEL-031,pfe_face_garment
K080,09 거리와 시점,first-person eye position,긍정,S15,현재 대화 맥락에 제공된 과거 프롬프트 원문,학생·young 맥락; 비성적 물리적 제압 표현만 분석,source_youth_context_age_unspecified,VEL-030,
K081,09 거리와 시점,low height beside the stone floor,긍정,S15,현재 대화 맥락에 제공된 과거 프롬프트 원문,학생·young 맥락; 비성적 물리적 제압 표현만 분석,source_youth_context_age_unspecified,VEL-030,
K082,09 거리와 시점,points upward toward her face,긍정,S15,현재 대화 맥락에 제공된 과거 프롬프트 원문,학생·young 맥락; 비성적 물리적 제압 표현만 분석,source_youth_context_age_unspecified,VEL-030,
K083,10 무기·장비·전투 역할,FEMALE GUNSLINGER,긍정,S08,지시문 형태 원문,ONE ADULT WOMAN 명시,prompt_explicit_adult_claim_not_independently_replayed,VEL-032,slot:prop:real_holstered_service_pistol
K084,10 무기·장비·전투 역할,Single pistol,긍정,S08,지시문 형태 원문,ONE ADULT WOMAN 명시,prompt_explicit_adult_claim_not_independently_replayed,VEL-032,slot:prop:real_holstered_service_pistol
K085,10 무기·장비·전투 역할,dual pistols,긍정,S08,지시문 형태 원문,ONE ADULT WOMAN 명시,prompt_explicit_adult_claim_not_independently_replayed,VEL-032,slot:prop:real_holstered_service_pistol
K086,10 무기·장비·전투 역할,multiple firearms,긍정,S08,지시문 형태 원문,ONE ADULT WOMAN 명시,prompt_explicit_adult_claim_not_independently_replayed,VEL-032,slot:prop:real_holstered_service_pistol
K087,10 무기·장비·전투 역할,holstered weapons,긍정,S08,지시문 형태 원문,ONE ADULT WOMAN 명시,prompt_explicit_adult_claim_not_independently_replayed,VEL-032;VEL-033,slot:prop:real_holstered_service_pistol;slot:action:carrying_holstered_real_sidearm
K088,10 무기·장비·전투 역할,oversized cinematic firearms,긍정,S08,지시문 형태 원문,ONE ADULT WOMAN 명시,prompt_explicit_adult_claim_not_independently_replayed,VEL-032,slot:prop:real_holstered_service_pistol
K089,10 무기·장비·전투 역할,mechanical weapons,긍정,S08,지시문 형태 원문,ONE ADULT WOMAN 명시,prompt_explicit_adult_claim_not_independently_replayed,VEL-032;VEL-037,slot:prop:real_holstered_service_pistol
K090,10 무기·장비·전투 역할,tactical materials,긍정,S08,지시문 형태 원문,ONE ADULT WOMAN 명시,prompt_explicit_adult_claim_not_independently_replayed,VEL-032,slot:prop:real_holstered_service_pistol
K091,10 무기·장비·전투 역할,futuristic heavy machine gun,긍정,S16,지시문 형태 원문; 전체 텍스트 확인,adult woman in her 20s 명시,prompt_explicit_adult_claim_not_independently_replayed,VEL-032;VEL-037,slot:prop:real_holstered_service_pistol
K092,10 무기·장비·전투 역할,mechanical back armament,긍정,S16,지시문 형태 원문; 전체 텍스트 확인,adult woman in her 20s 명시,prompt_explicit_adult_claim_not_independently_replayed,VEL-032;VEL-037,slot:prop:real_holstered_service_pistol
K093,10 무기·장비·전투 역할,black tactical boots,긍정,S16,지시문 형태 원문; 전체 텍스트 확인,adult woman in her 20s 명시,prompt_explicit_adult_claim_not_independently_replayed,VEL-032,slot:prop:real_holstered_service_pistol
K094,10 무기·장비·전투 역할,sleek sci-fi armored silhouette,긍정,S16,지시문 형태 원문; 전체 텍스트 확인,adult woman in her 20s 명시,prompt_explicit_adult_claim_not_independently_replayed,VEL-032,slot:prop:real_holstered_service_pistol
K095,11 동작으로 명확해지는 전투,drawing,긍정,S08,지시문 형태 원문,ONE ADULT WOMAN 명시,prompt_explicit_adult_claim_not_independently_replayed,VEL-034,
K096,11 동작으로 명확해지는 전투,aiming,긍정,S08,지시문 형태 원문,ONE ADULT WOMAN 명시,prompt_explicit_adult_claim_not_independently_replayed,VEL-035,
K097,11 동작으로 명확해지는 전투,reloading,긍정,S08,지시문 형태 원문,ONE ADULT WOMAN 명시,prompt_explicit_adult_claim_not_independently_replayed,VEL-036,
K098,11 동작으로 명확해지는 전투,dual-wielding,긍정,S08,지시문 형태 원문,ONE ADULT WOMAN 명시,prompt_explicit_adult_claim_not_independently_replayed,VEL-034,
K099,11 동작으로 명확해지는 전투,holding weapons naturally,긍정,S08,지시문 형태 원문,ONE ADULT WOMAN 명시,prompt_explicit_adult_claim_not_independently_replayed,VEL-034,
K100,11 동작으로 명확해지는 전투,preparing for action,긍정,S08,지시문 형태 원문,ONE ADULT WOMAN 명시,prompt_explicit_adult_claim_not_independently_replayed,VEL-035,
K101,11 동작으로 명확해지는 전투,composed combat stance,긍정,S08,지시문 형태 원문,ONE ADULT WOMAN 명시,prompt_explicit_adult_claim_not_independently_replayed,VEL-035,
K102,11 동작으로 명확해지는 전투,일본도를 칼집에서 천천히 뽑는 순간,긍정,S19,지시문 형태 원문,확보한 텍스트에 구체적인 성인 나이 명시 없음; 비성적 액션만 분석,source_age_unspecified,VEL-034,
K103,11 동작으로 명확해지는 전투,전투 준비 자세,긍정,S19,지시문 형태 원문,확보한 텍스트에 구체적인 성인 나이 명시 없음; 비성적 액션만 분석,source_age_unspecified,VEL-035,
K104,12 마법 결투와 충돌,casting a spell,설명,S10,이미지 연결 설명문; 입력 프롬프트 여부 미확인,teen/young adult 혼용; 비성적 액션 표현만 분석,source_mixed_teen_adult,VEL-038,
K105,12 마법 결투와 충돌,blocking,설명,S10,이미지 연결 설명문; 입력 프롬프트 여부 미확인,teen/young adult 혼용; 비성적 액션 표현만 분석,source_mixed_teen_adult,VEL-038,
K106,12 마법 결투와 충돌,defensive stance,설명,S10,이미지 연결 설명문; 입력 프롬프트 여부 미확인,teen/young adult 혼용; 비성적 액션 표현만 분석,source_mixed_teen_adult,VEL-038,
K107,12 마법 결투와 충돌,outstretched arm,설명,S10,이미지 연결 설명문; 입력 프롬프트 여부 미확인,teen/young adult 혼용; 비성적 액션 표현만 분석,source_mixed_teen_adult,VEL-038,
K108,12 마법 결투와 충돌,magical barrier,설명,S10,이미지 연결 설명문; 입력 프롬프트 여부 미확인,teen/young adult 혼용; 비성적 액션 표현만 분석,source_mixed_teen_adult,VEL-038,
K109,12 마법 결투와 충돌,spell impact zone,설명,S10,이미지 연결 설명문; 입력 프롬프트 여부 미확인,teen/young adult 혼용; 비성적 액션 표현만 분석,source_mixed_teen_adult,VEL-038;VEL-039,
K110,12 마법 결투와 충돌,white-gold sparks,설명,S10,이미지 연결 설명문; 입력 프롬프트 여부 미확인,teen/young adult 혼용; 비성적 액션 표현만 분석,source_mixed_teen_adult,VEL-039,
K111,12 마법 결투와 충돌,flying particles,설명,S10,이미지 연결 설명문; 입력 프롬프트 여부 미확인,teen/young adult 혼용; 비성적 액션 표현만 분석,source_mixed_teen_adult,VEL-039,
K112,12 마법 결투와 충돌,shards of stone or gravel,설명,S10,이미지 연결 설명문; 입력 프롬프트 여부 미확인,teen/young adult 혼용; 비성적 액션 표현만 분석,source_mixed_teen_adult,VEL-039,
K113,12 마법 결투와 충돌,cloak/robe swirling behind her,설명,S10,이미지 연결 설명문; 입력 프롬프트 여부 미확인,teen/young adult 혼용; 비성적 액션 표현만 분석,source_mixed_teen_adult,VEL-040,
K114,13 물리적 제압 관계,pressing on the viewpoint character's upper chest,긍정,S15,현재 대화 맥락에 제공된 과거 프롬프트 원문,학생·young 맥락; 비성적 물리적 제압 표현만 분석,source_youth_context_age_unspecified,VEL-041,interpersonal_physical_assault_event
K115,13 물리적 제압 관계,holds the observer down,긍정,S15,현재 대화 맥락에 제공된 과거 프롬프트 원문,학생·young 맥락; 비성적 물리적 제압 표현만 분석,source_youth_context_age_unspecified,VEL-041,interpersonal_physical_assault_event
K116,13 물리적 제압 관계,pressure remains steady,긍정,S15,현재 대화 맥락에 제공된 과거 프롬프트 원문,학생·young 맥락; 비성적 물리적 제압 표현만 분석,source_youth_context_age_unspecified,VEL-042,contrapposto_weight_shift;pv_profile_half_kneel
K117,13 물리적 제압 관계,the fixed viewpoint remains beneath her,긍정,S15,현재 대화 맥락에 제공된 과거 프롬프트 원문,학생·young 맥락; 비성적 물리적 제압 표현만 분석,source_youth_context_age_unspecified,VEL-042,contrapposto_weight_shift;pv_profile_half_kneel
K118,13 물리적 제압 관계,rests firmly,긍정,S15,현재 대화 맥락에 제공된 과거 프롬프트 원문,학생·young 맥락; 비성적 물리적 제압 표현만 분석,source_youth_context_age_unspecified,VEL-041,interpersonal_physical_assault_event
K119,13 물리적 제압 관계,her other leg is planted,긍정,S15,현재 대화 맥락에 제공된 과거 프롬프트 원문,학생·young 맥락; 비성적 물리적 제압 표현만 분석,source_youth_context_age_unspecified,VEL-042,contrapposto_weight_shift;pv_profile_half_kneel
K120,13 물리적 제압 관계,carries most of her weight,긍정,S15,현재 대화 맥락에 제공된 과거 프롬프트 원문,학생·young 맥락; 비성적 물리적 제압 표현만 분석,source_youth_context_age_unspecified,VEL-042,contrapposto_weight_shift;pv_profile_half_kneel
K121,14 사회적 우위와 언어적 대립,belittle,긍정,S14,지시문 형태 원문,15세 명시; 비성적 언쟁·사회적 갈등만 분석,source_explicit_minor,VEL-043,slot:action:ctx_listen_and_leave_room
K122,14 사회적 우위와 언어적 대립,command to be silent,긍정,S14,지시문 형태 원문,15세 명시; 비성적 언쟁·사회적 갈등만 분석,source_explicit_minor,VEL-043,slot:action:ctx_listen_and_leave_room
K123,14 사회적 우위와 언어적 대립,mid-taunt,긍정,S14,지시문 형태 원문,15세 명시; 비성적 언쟁·사회적 갈등만 분석,source_explicit_minor,VEL-044,
K124,14 사회적 우위와 언어적 대립,contempt,긍정,S14,지시문 형태 원문,15세 명시; 비성적 언쟁·사회적 갈등만 분석,source_explicit_minor,VEL-043,slot:action:ctx_listen_and_leave_room
K125,14 사회적 우위와 언어적 대립,sharp rebuke,긍정,S14,지시문 형태 원문,15세 명시; 비성적 언쟁·사회적 갈등만 분석,source_explicit_minor,VEL-043,slot:action:ctx_listen_and_leave_room
K126,14 사회적 우위와 언어적 대립,holds his ground,긍정,S14,지시문 형태 원문,15세 명시; 비성적 언쟁·사회적 갈등만 분석,source_explicit_minor,VEL-043,slot:action:ctx_listen_and_leave_room
K127,14 사회적 우위와 언어적 대립,imperiously lifted,긍정,S14,지시문 형태 원문,15세 명시; 비성적 언쟁·사회적 갈등만 분석,source_explicit_minor,VEL-043,slot:action:ctx_listen_and_leave_room
K128,14 사회적 우위와 언어적 대립,"startled, wounded disbelief",긍정,S14,지시문 형태 원문,15세 명시; 비성적 언쟁·사회적 갈등만 분석,source_explicit_minor,VEL-043,slot:action:ctx_listen_and_leave_room
K129,14 사회적 우위와 언어적 대립,her insult remains unfinished,긍정,S14,지시문 형태 원문,15세 명시; 비성적 언쟁·사회적 갈등만 분석,source_explicit_minor,VEL-044,
K130,14 사회적 우위와 언어적 대립,social rebuff,긍정,S14,지시문 형태 원문,15세 명시; 비성적 언쟁·사회적 갈등만 분석,source_explicit_minor,VEL-043,slot:action:ctx_listen_and_leave_room
K131,14 사회적 우위와 언어적 대립,contested threshold,긍정,S14,지시문 형태 원문,15세 명시; 비성적 언쟁·사회적 갈등만 분석,source_explicit_minor,VEL-043,slot:action:ctx_listen_and_leave_room
K132,14 사회적 우위와 언어적 대립,a clear interval separates their hands and faces,긍정,S14,지시문 형태 원문,15세 명시; 비성적 언쟁·사회적 갈등만 분석,source_explicit_minor,VEL-043,slot:action:ctx_listen_and_leave_room
K133,15 전투 후의 흔적과 환경,전투가 막 끝난,긍정,S09,지시문 형태 원문,확보한 텍스트에 구체적인 성인 나이 명시 없음; 선정 표현은 원문 관찰로만 기록,source_age_unspecified,VEL-045,
K134,15 전투 후의 흔적과 환경,일부 가구와 장식물이 부서져,긍정,S09,지시문 형태 원문,확보한 텍스트에 구체적인 성인 나이 명시 없음; 선정 표현은 원문 관찰로만 기록,source_age_unspecified,VEL-045,
K135,15 전투 후의 흔적과 환경,깨진 유리 조각과 잔해,긍정,S09,지시문 형태 원문,확보한 텍스트에 구체적인 성인 나이 명시 없음; 선정 표현은 원문 관찰로만 기록,source_age_unspecified,VEL-045,
K136,15 전투 후의 흔적과 환경,아주 옅은 먼지와 연기,긍정,S09,지시문 형태 원문,확보한 텍스트에 구체적인 성인 나이 명시 없음; 선정 표현은 원문 관찰로만 기록,source_age_unspecified,VEL-045,
K137,15 전투 후의 흔적과 환경,검은 검을 아래로 느슨하게 내려 들고,긍정,S09,지시문 형태 원문,확보한 텍스트에 구체적인 성인 나이 명시 없음; 선정 표현은 원문 관찰로만 기록,source_age_unspecified,VEL-046,
K138,15 전투 후의 흔적과 환경,검정 가죽 장갑을 천천히 벗고,긍정,S09,지시문 형태 원문,확보한 텍스트에 구체적인 성인 나이 명시 없음; 선정 표현은 원문 관찰로만 기록,source_age_unspecified,VEL-046,
K139,15 전투 후의 흔적과 환경,가장 위험한 전투요원,긍정,S09,지시문 형태 원문,확보한 텍스트에 구체적인 성인 나이 명시 없음; 선정 표현은 원문 관찰로만 기록,source_age_unspecified,VEL-045,
K140,15 전투 후의 흔적과 환경,ruined futuristic city background,긍정,S16,지시문 형태 원문; 전체 텍스트 확인,adult woman in her 20s 명시,prompt_explicit_adult_claim_not_independently_replayed,VEL-045,
K141,15 전투 후의 흔적과 환경,broken buildings,긍정,S16,지시문 형태 원문; 전체 텍스트 확인,adult woman in her 20s 명시,prompt_explicit_adult_claim_not_independently_replayed,VEL-045,
K142,15 전투 후의 흔적과 환경,shattered road,긍정,S16,지시문 형태 원문; 전체 텍스트 확인,adult woman in her 20s 명시,prompt_explicit_adult_claim_not_independently_replayed,VEL-045,
K143,15 전투 후의 흔적과 환경,dark smoke,긍정,S16,지시문 형태 원문; 전체 텍스트 확인,adult woman in her 20s 명시,prompt_explicit_adult_claim_not_independently_replayed,VEL-045,
K144,15 전투 후의 흔적과 환경,floating ash particles,긍정,S16,지시문 형태 원문; 전체 텍스트 확인,adult woman in her 20s 명시,prompt_explicit_adult_claim_not_independently_replayed,VEL-045,
K145,16 부상과 신체적 피해 흔적,wounded,설명,S11,이미지 연결 설명문; 입력 프롬프트 여부 미확인,설명문에 young adult; 비성적 부상·생존 표현만 분석,descriptive_age_claim_not_verified,VEL-047,bloodstain_observation_documentation;hvr_profile_gore_localized_tissue
K146,16 부상과 신체적 피해 흔적,blood smears,설명,S11,이미지 연결 설명문; 입력 프롬프트 여부 미확인,설명문에 young adult; 비성적 부상·생존 표현만 분석,descriptive_age_claim_not_verified,VEL-047,bloodstain_observation_documentation;hvr_profile_gore_localized_tissue
K147,16 부상과 신체적 피해 흔적,bruised and hurt,설명,S11,이미지 연결 설명문; 입력 프롬프트 여부 미확인,설명문에 young adult; 비성적 부상·생존 표현만 분석,descriptive_age_claim_not_verified,VEL-048,
K148,16 부상과 신체적 피해 흔적,scraped wounds,설명,S11,이미지 연결 설명문; 입력 프롬프트 여부 미확인,설명문에 young adult; 비성적 부상·생존 표현만 분석,descriptive_age_claim_not_verified,VEL-048,
K149,16 부상과 신체적 피해 흔적,bloodstains,설명,S11,이미지 연결 설명문; 입력 프롬프트 여부 미확인,설명문에 young adult; 비성적 부상·생존 표현만 분석,descriptive_age_claim_not_verified,VEL-047,bloodstain_observation_documentation;hvr_profile_gore_localized_tissue
K150,16 부상과 신체적 피해 흔적,dirty and scratched,설명,S11,이미지 연결 설명문; 입력 프롬프트 여부 미확인,설명문에 young adult; 비성적 부상·생존 표현만 분석,descriptive_age_claim_not_verified,VEL-048,
K151,16 부상과 신체적 피해 흔적,bandage-like wrappings,설명,S11,이미지 연결 설명문; 입력 프롬프트 여부 미확인,설명문에 young adult; 비성적 부상·생존 표현만 분석,descriptive_age_claim_not_verified,VEL-049,slot:garment_detail:opaque_cotton_gauze_wrap_layers;slot:garment_detail:crisscross_linen_bandage_wrapping
K152,16 부상과 신체적 피해 흔적,worn and damaged,설명,S11,이미지 연결 설명문; 입력 프롬프트 여부 미확인,설명문에 young adult; 비성적 부상·생존 표현만 분석,descriptive_age_claim_not_verified,VEL-050,
K153,16 부상과 신체적 피해 흔적,small scratches or marks on her face,설명,S12,이미지 연결 설명문; 입력 프롬프트 여부 미확인,설명문에 20s–30s; 고통·패배를 성적 감정으로 해석하지 않음,descriptive_age_claim_not_verified,VEL-048,
K154,16 부상과 신체적 피해 흔적,blood-stained knife,설명,S18,이미지 연결 설명문; 입력 프롬프트 여부 미확인,확보한 발췌에서 성인 나이 미확인; 비성적 공포·무기 표현만 분석,source_age_unspecified,VEL-047,bloodstain_observation_documentation;hvr_profile_gore_localized_tissue
K155,16 부상과 신체적 피해 흔적,dark red stains,설명,S18,이미지 연결 설명문; 입력 프롬프트 여부 미확인,확보한 발췌에서 성인 나이 미확인; 비성적 공포·무기 표현만 분석,source_age_unspecified,VEL-047,bloodstain_observation_documentation;hvr_profile_gore_localized_tissue
K156,17 고통·소진·생존,anguished and exhausted,설명,S11,이미지 연결 설명문; 입력 프롬프트 여부 미확인,설명문에 young adult; 비성적 부상·생존 표현만 분석,descriptive_age_claim_not_verified,VEL-052,ae_profile_held_tears_lips
K157,17 고통·소진·생존,teary or pained,설명,S11,이미지 연결 설명문; 입력 프롬프트 여부 미확인,설명문에 young adult; 비성적 부상·생존 표현만 분석,descriptive_age_claim_not_verified,VEL-052,ae_profile_held_tears_lips
K158,17 고통·소진·생존,crawling,설명,S11,이미지 연결 설명문; 입력 프롬프트 여부 미확인,설명문에 young adult; 비성적 부상·생존 표현만 분석,descriptive_age_claim_not_verified,VEL-051,pv_profile_quadruped;pv_profile_half_kneel;pv_profile_seated_palm_brace
K159,17 고통·소진·생존,struggling to rise,설명,S11,이미지 연결 설명문; 입력 프롬프트 여부 미확인,설명문에 young adult; 비성적 부상·생존 표현만 분석,descriptive_age_claim_not_verified,VEL-051,pv_profile_quadruped;pv_profile_half_kneel;pv_profile_seated_palm_brace
K160,17 고통·소진·생존,bracing on the ground,설명,S11,이미지 연결 설명문; 입력 프롬프트 여부 미확인,설명문에 young adult; 비성적 부상·생존 표현만 분석,descriptive_age_claim_not_verified,VEL-051,pv_profile_quadruped;pv_profile_half_kneel;pv_profile_seated_palm_brace
K161,17 고통·소진·생존,pain and determination,설명,S11,이미지 연결 설명문; 입력 프롬프트 여부 미확인,설명문에 young adult; 비성적 부상·생존 표현만 분석,descriptive_age_claim_not_verified,VEL-052,ae_profile_held_tears_lips
K162,17 고통·소진·생존,defeated expression,설명,S12,이미지 연결 설명문; 입력 프롬프트 여부 미확인,설명문에 20s–30s; 고통·패배를 성적 감정으로 해석하지 않음,descriptive_age_claim_not_verified,VEL-052,ae_profile_held_tears_lips
K163,17 고통·소진·생존,exhaustion or surrender,설명,S12,이미지 연결 설명문; 입력 프롬프트 여부 미확인,설명문에 20s–30s; 고통·패배를 성적 감정으로 해석하지 않음,descriptive_age_claim_not_verified,VEL-052,ae_profile_held_tears_lips
K164,17 고통·소진·생존,kneeling on wet asphalt,설명,S12,이미지 연결 설명문; 입력 프롬프트 여부 미확인,설명문에 20s–30s; 고통·패배를 성적 감정으로 해석하지 않음,descriptive_age_claim_not_verified,VEL-051,pv_profile_quadruped;pv_profile_half_kneel;pv_profile_seated_palm_brace
K165,17 고통·소진·생존,敗北,설명,S12,이미지 연결 설명문; 입력 프롬프트 여부 미확인,설명문에 20s–30s; 고통·패배를 성적 감정으로 해석하지 않음,descriptive_age_claim_not_verified,VEL-053,
K166,17 고통·소진·생존,stunned,설명,S13,이미지 연결 설명문; 입력 프롬프트 여부 미확인,설명문에 young adult; 비성적 불안·밀폐 상황만 분석,descriptive_age_claim_not_verified,VEL-052,ae_profile_held_tears_lips
K167,17 고통·소진·생존,anxious,설명,S13,이미지 연결 설명문; 입력 프롬프트 여부 미확인,설명문에 young adult; 비성적 불안·밀폐 상황만 분석,descriptive_age_claim_not_verified,VEL-052,ae_profile_held_tears_lips
K168,17 고통·소진·생존,breathless,설명,S13,이미지 연결 설명문; 입력 프롬프트 여부 미확인,설명문에 young adult; 비성적 불안·밀폐 상황만 분석,descriptive_age_claim_not_verified,VEL-052,ae_profile_held_tears_lips
K169,18 밀폐·불안·공포 공간,pressed against glass,설명,S13,이미지 연결 설명문; 입력 프롬프트 여부 미확인,설명문에 young adult; 비성적 불안·밀폐 상황만 분석,descriptive_age_claim_not_verified,VEL-054,rb_glass_reflection_transmission
K170,18 밀폐·불안·공포 공간,trapped underwater,설명,S13,이미지 연결 설명문; 입력 프롬프트 여부 미확인,설명문에 young adult; 비성적 불안·밀폐 상황만 분석,descriptive_age_claim_not_verified,VEL-055,slot:location:hr_sealed_habitat_external_limit
K171,18 밀폐·불안·공포 공간,enclosed chamber,설명,S13,이미지 연결 설명문; 입력 프롬프트 여부 미확인,설명문에 young adult; 비성적 불안·밀폐 상황만 분석,descriptive_age_claim_not_verified,VEL-055,slot:location:hr_sealed_habitat_external_limit
K172,18 밀폐·불안·공포 공간,sealed-container look,설명,S13,이미지 연결 설명문; 입력 프롬프트 여부 미확인,설명문에 young adult; 비성적 불안·밀폐 상황만 분석,descriptive_age_claim_not_verified,VEL-055,slot:location:hr_sealed_habitat_external_limit
K173,18 밀폐·불안·공포 공간,cold and reflective,설명,S13,이미지 연결 설명문; 입력 프롬프트 여부 미확인,설명문에 young adult; 비성적 불안·밀폐 상황만 분석,descriptive_age_claim_not_verified,VEL-054,rb_glass_reflection_transmission
K174,18 밀폐·불안·공포 공간,"tense, quiet, and suspended",설명,S13,이미지 연결 설명문; 입력 프롬프트 여부 미확인,설명문에 young adult; 비성적 불안·밀폐 상황만 분석,descriptive_age_claim_not_verified,VEL-055,slot:location:hr_sealed_habitat_external_limit
K175,18 밀폐·불안·공포 공간,"gloomy, foggy woods",설명,S18,이미지 연결 설명문; 입력 프롬프트 여부 미확인,확보한 발췌에서 성인 나이 미확인; 비성적 공포·무기 표현만 분석,source_age_unspecified,VEL-056,
K176,18 밀폐·불안·공포 공간,twisted bare branches,설명,S18,이미지 연결 설명문; 입력 프롬프트 여부 미확인,확보한 발췌에서 성인 나이 미확인; 비성적 공포·무기 표현만 분석,source_age_unspecified,VEL-056,
K177,18 밀폐·불안·공포 공간,dark eerie atmosphere,설명,S18,이미지 연결 설명문; 입력 프롬프트 여부 미확인,확보한 발췌에서 성인 나이 미확인; 비성적 공포·무기 표현만 분석,source_age_unspecified,VEL-056,
K178,18 밀폐·불안·공포 공간,wide sharp-toothed grin,설명,S18,이미지 연결 설명문; 입력 프롬프트 여부 미확인,확보한 발췌에서 성인 나이 미확인; 비성적 공포·무기 표현만 분석,source_age_unspecified,VEL-056,
K179,19 장면을 강화하는 일반 연출,Photorealistic cinematic concept photography,긍정,S08,지시문 형태 원문,ONE ADULT WOMAN 명시,prompt_explicit_adult_claim_not_independently_replayed,VEL-057,highlight_rolloff_tone_response;rb_glass_reflection_transmission
K180,19 장면을 강화하는 일반 연출,Cinematic directional lighting,긍정,S08,지시문 형태 원문,ONE ADULT WOMAN 명시,prompt_explicit_adult_claim_not_independently_replayed,VEL-057,highlight_rolloff_tone_response;rb_glass_reflection_transmission
K181,19 장면을 강화하는 일반 연출,Natural skin texture,긍정,S08,지시문 형태 원문,ONE ADULT WOMAN 명시,prompt_explicit_adult_claim_not_independently_replayed,VEL-057,highlight_rolloff_tone_response;rb_glass_reflection_transmission
K182,19 장면을 강화하는 일반 연출,believable weight distribution,긍정,S08,지시문 형태 원문,ONE ADULT WOMAN 명시,prompt_explicit_adult_claim_not_independently_replayed,VEL-057,highlight_rolloff_tone_response;rb_glass_reflection_transmission
K183,19 장면을 강화하는 일반 연출,realistic interaction,긍정,S08,지시문 형태 원문,ONE ADULT WOMAN 명시,prompt_explicit_adult_claim_not_independently_replayed,VEL-057,highlight_rolloff_tone_response;rb_glass_reflection_transmission
K184,19 장면을 강화하는 일반 연출,dramatic highlights and deep shadows,설명,S12,이미지 연결 설명문; 입력 프롬프트 여부 미확인,설명문에 20s–30s; 고통·패배를 성적 감정으로 해석하지 않음,descriptive_age_claim_not_verified,VEL-057,highlight_rolloff_tone_response;rb_glass_reflection_transmission
K185,19 장면을 강화하는 일반 연출,wet pavement reflecting light,설명,S12,이미지 연결 설명문; 입력 프롬프트 여부 미확인,설명문에 20s–30s; 고통·패배를 성적 감정으로 해석하지 않음,descriptive_age_claim_not_verified,VEL-057,highlight_rolloff_tone_response;rb_glass_reflection_transmission
K186,19 장면을 강화하는 일반 연출,yellow caution tape,설명,S12,이미지 연결 설명문; 입력 프롬프트 여부 미확인,설명문에 20s–30s; 고통·패배를 성적 감정으로 해석하지 않음,descriptive_age_claim_not_verified,VEL-057,highlight_rolloff_tone_response;rb_glass_reflection_transmission
K187,19 장면을 강화하는 일반 연출,은은한 필름 그레인,긍정,S09,지시문 형태 원문,확보한 텍스트에 구체적인 성인 나이 명시 없음; 선정 표현은 원문 관찰로만 기록,source_age_unspecified,VEL-057,highlight_rolloff_tone_response;rb_glass_reflection_transmission
K188,19 장면을 강화하는 일반 연출,차갑고 은은한 푸른 달빛과 따뜻한 촛불,긍정,S09,지시문 형태 원문,확보한 텍스트에 구체적인 성인 나이 명시 없음; 선정 표현은 원문 관찰로만 기록,source_age_unspecified,VEL-057,highlight_rolloff_tone_response;rb_glass_reflection_transmission
K189,20 선정성을 배제하는 부정 지시,not seductive,부정,S16,지시문 형태 원문; 전체 텍스트 확인,adult woman in her 20s 명시,prompt_explicit_adult_claim_not_independently_replayed,VEL-058,
K190,20 선정성을 배제하는 부정 지시,not overly revealing,부정,S16,지시문 형태 원문; 전체 텍스트 확인,adult woman in her 20s 명시,prompt_explicit_adult_claim_not_independently_replayed,VEL-058,
K191,20 선정성을 배제하는 부정 지시,oversexualized pose,부정,S16,지시문 형태 원문; 전체 텍스트 확인,adult woman in her 20s 명시,prompt_explicit_adult_claim_not_independently_replayed,VEL-058,
K192,20 선정성을 배제하는 부정 지시,nudity,부정,S16,지시문 형태 원문; 전체 텍스트 확인,adult woman in her 20s 명시,prompt_explicit_adult_claim_not_independently_replayed,VEL-058,
K193,20 선정성을 배제하는 부정 지시,lingerie,부정,S16,지시문 형태 원문; 전체 텍스트 확인,adult woman in her 20s 명시,prompt_explicit_adult_claim_not_independently_replayed,VEL-058,
K194,20 선정성을 배제하는 부정 지시,excessive cleavage,부정,S16,지시문 형태 원문; 전체 텍스트 확인,adult woman in her 20s 명시,prompt_explicit_adult_claim_not_independently_replayed,VEL-058,
K195,20 선정성을 배제하는 부정 지시,fetish outfit,부정,S16,지시문 형태 원문; 전체 텍스트 확인,adult woman in her 20s 명시,prompt_explicit_adult_claim_not_independently_replayed,VEL-058,
K196,20 선정성을 배제하는 부정 지시,rather than overtly seductive,부정,S07,지시문 형태 원문; 전체 텍스트 확인,One adult East Asian woman 명시,prompt_explicit_adult_claim_not_independently_replayed,VEL-058,
K197,20 선정성을 배제하는 부정 지시,"no broad smile, pout, exaggerated sensuality",부정,S07,지시문 형태 원문; 전체 텍스트 확인,One adult East Asian woman 명시,prompt_explicit_adult_claim_not_independently_replayed,VEL-058,
K198,20 선정성을 배제하는 부정 지시,No exaggerated hip thrust,부정,S07,지시문 형태 원문; 전체 텍스트 확인,One adult East Asian woman 명시,prompt_explicit_adult_claim_not_independently_replayed,VEL-058,
K199,20 선정성을 배제하는 부정 지시,노골적인 표현 금지,부정,S01,지시문 형태 원문,본문에 성인 여성 명시,prompt_explicit_adult_claim_not_independently_replayed,VEL-058,
K200,21 잔혹성·폭력을 배제하거나 제한하는 지시,no gore,부정,S16,지시문 형태 원문; 전체 텍스트 확인,adult woman in her 20s 명시,prompt_explicit_adult_claim_not_independently_replayed,VEL-059,
K201,21 잔혹성·폭력을 배제하거나 제한하는 지시,no blood,부정,S16,지시문 형태 원문; 전체 텍스트 확인,adult woman in her 20s 명시,prompt_explicit_adult_claim_not_independently_replayed,VEL-059,
K202,21 잔혹성·폭력을 배제하거나 제한하는 지시,body horror,부정,S16,지시문 형태 원문; 전체 텍스트 확인,adult woman in her 20s 명시,prompt_explicit_adult_claim_not_independently_replayed,VEL-059,
K203,21 잔혹성·폭력을 배제하거나 제한하는 지시,graphic injury,부정,S16,지시문 형태 원문; 전체 텍스트 확인,adult woman in her 20s 명시,prompt_explicit_adult_claim_not_independently_replayed,VEL-059,
K204,21 잔혹성·폭력을 배제하거나 제한하는 지시,not cruel smile,부정,S16,지시문 형태 원문; 전체 텍스트 확인,adult woman in her 20s 명시,prompt_explicit_adult_claim_not_independently_replayed,VEL-059,
K205,21 잔혹성·폭력을 배제하거나 제한하는 지시,不要血腥,부정,S17,지시문 형태 원문; 일부 중국어,확보한 텍스트에 성인 나이 명시 없음; 비성적 장비·모험과 부정 조건만 분석,source_age_unspecified,VEL-059,
K206,21 잔혹성·폭력을 배제하거나 제한하는 지시,不要殺戮場面,부정,S17,지시문 형태 원문; 일부 중국어,확보한 텍스트에 성인 나이 명시 없음; 비성적 장비·모험과 부정 조건만 분석,source_age_unspecified,VEL-059,
K207,21 잔혹성·폭력을 배제하거나 제한하는 지시,broken wrists,부정,S07,지시문 형태 원문; 전체 텍스트 확인,One adult East Asian woman 명시,prompt_explicit_adult_claim_not_independently_replayed,VEL-059,
K208,21 잔혹성·폭력을 배제하거나 제한하는 지시,dislocated shoulders,부정,S07,지시문 형태 원문; 전체 텍스트 확인,One adult East Asian woman 명시,prompt_explicit_adult_claim_not_independently_replayed,VEL-059,
K209,22 비선정적 반례와 보존 조건,covers the body below the upper chest,긍정,S07,지시문 형태 원문; 전체 텍스트 확인,One adult East Asian woman 명시,prompt_explicit_adult_claim_not_independently_replayed,VEL-060,slot:light_type:status_led_glow;slot:ambient_particle:egr_localized_suspended_particles
K210,22 비선정적 반례와 보존 조건,almost entirely concealed,긍정,S07,지시문 형태 원문; 전체 텍스트 확인,One adult East Asian woman 명시,prompt_explicit_adult_claim_not_independently_replayed,VEL-060,slot:light_type:status_led_glow;slot:ambient_particle:egr_localized_suspended_particles
K211,22 비선정적 반례와 보존 조건,calm and comfortable,긍정,S07,지시문 형태 원문; 전체 텍스트 확인,One adult East Asian woman 명시,prompt_explicit_adult_claim_not_independently_replayed,VEL-060,slot:light_type:status_led_glow;slot:ambient_particle:egr_localized_suspended_particles
K212,22 비선정적 반례와 보존 조건,face width-to-length ratio,긍정,S07,지시문 형태 원문; 전체 텍스트 확인,One adult East Asian woman 명시,prompt_explicit_adult_claim_not_independently_replayed,VEL-060,slot:light_type:status_led_glow;slot:ambient_particle:egr_localized_suspended_particles
K213,22 비선정적 반례와 보존 조건,bandage memory motif,긍정,S16,지시문 형태 원문; 전체 텍스트 확인,adult woman in her 20s 명시,prompt_explicit_adult_claim_not_independently_replayed,VEL-049;VEL-060,slot:garment_detail:opaque_cotton_gauze_wrap_layers;slot:garment_detail:crisscross_linen_bandage_wrapping;slot:light_type:status_led_glow;slot:ambient_particle:egr_localized_suspended_particles
K214,22 비선정적 반례와 보존 조건,red code particles,긍정,S16,지시문 형태 원문; 전체 텍스트 확인,adult woman in her 20s 명시,prompt_explicit_adult_claim_not_independently_replayed,VEL-060,slot:light_type:status_led_glow;slot:ambient_particle:egr_localized_suspended_particles
K215,22 비선정적 반례와 보존 조건,subtle crimson machine glow,긍정,S16,지시문 형태 원문; 전체 텍스트 확인,adult woman in her 20s 명시,prompt_explicit_adult_claim_not_independently_replayed,VEL-060,slot:light_type:status_led_glow;slot:ambient_particle:egr_localized_suspended_particles
K216,22 비선정적 반례와 보존 조건,FACE = LOCKED,긍정,S08,지시문 형태 원문,ONE ADULT WOMAN 명시,prompt_explicit_adult_claim_not_independently_replayed,VEL-060,slot:light_type:status_led_glow;slot:ambient_particle:egr_localized_suspended_particles
K217,22 비선정적 반례와 보존 조건,ONE ADULT WOMAN,긍정,S08,지시문 형태 원문,ONE ADULT WOMAN 명시,prompt_explicit_adult_claim_not_independently_replayed,VEL-060,slot:light_type:status_led_glow;slot:ambient_particle:egr_localized_suspended_particles
