id,category,phrase,polarity,source_kind,age_context,candidate_phrase_presence,profile_phrase_presence,candidate_neighbors,profile_neighbors
K001,01 직접적인 분위기 지시,섹시한,긍정,지시문 형태 원문,확보한 텍스트에 구체적인 성인 나이 명시 없음; 선정 표현은 원문 관찰로만 기록,,,,
K002,01 직접적인 분위기 지시,관능적이고 위태로운,긍정,지시문 형태 원문,확보한 텍스트에 구체적인 성인 나이 명시 없음; 선정 표현은 원문 관찰로만 기록,,,,self_possessed_sensual_presence
K003,01 직접적인 분위기 지시,청순함과 매혹적인 분위기가 함께,긍정,지시문 형태 원문,본문에 성인 여성 명시,,,slot:mood:focused;slot:aesthetic_trend:airy_delicate_styling_without_body_inference;slot:mood:clinical;slot:mood:reverent_awe;slot:mood:friendly_unease,egr_profile_micropleated_tulle_panel;appearance_rel_h028;ia_profile_shared_reference;ed_shared_phone;geomungo_fretted_suldae_zither
K004,01 직접적인 분위기 지시,slightly sultry,설명,이미지 연결 설명문; 입력 프롬프트 여부 미확인,설명문에 young adult; 실제 나이 확인 아님,,,slot:expression:ae_restrained_anger;slot:mood:uncanny;slot:expression:obsessive_tender_smile;slot:expression:soft_off_camera_home_gaze;slot:mood:airy_transparent_summer_atmosphere,hvr_profile_displaced_features;se_profile_lash_occluded_upward_gaze;loop_face_light_pattern;rb_repair_patch_locality;pe_rgb_split_picture_plane_relation
K005,02 몸에 맞는 실루엣,몸의 라인을 따라 슬림하게 밀착되는,긍정,지시문 형태 원문,본문에 성인 여성 명시,,,slot:garment_detail:clt_ct074_v2;slot:garment_detail:bias_cut_body_skimming_drape;slot:garment_detail:water_w161;slot:silhouette_proportion:fitted_top_voluminous_bottom_contrast;slot:wardrobe_style:pfe_opaque_fit_candidate,clothing_ct074_v2;y2kr_thin_brows;y2kr_brown_liner;graphic_negative_space_eyeliner;y2kr_bodycon
K006,02 몸에 맞는 실루엣,민소매 롱 차이나 드레스,긍정,지시문 형태 원문,본문에 성인 여성 명시,,,slot:wardrobe_style:athletic_unitard_continuous_one_piece;slot:wardrobe_style:sw_candidate_jane;slot:garment_detail:sff_extra_xa002;slot:wardrobe_style:sff_pro_y01;slot:wardrobe_style:sff_extra_xa032,unitard_upper_crotch_leg_continuity;sw_jane;uniform_front_belt_rear_dress_zip;uniform_white_collar_cuffs_black_dress;exercise_dress_integrated_short_liner
K007,02 몸에 맞는 실루엣,한쪽 허벅지까지 자연스럽게 이어지는 슬릿,긍정,지시문 형태 원문,본문에 성인 여성 명시,,,slot:silhouette_proportion:hip_to_outer_thigh_transition;slot:garment_detail:pfe_slit_candidate;slot:silhouette_proportion:curvilinear_figure_relation;slot:silhouette_proportion:back_to_waist_curve;slot:garment_detail:sff_extra_xa043,spoon_high_hip_silhouette_relation;curvilinear_figure_relation;bm_thigh_volume;toned_muscular_build;griffin_eagle_lion_topology
K008,02 몸에 맞는 실루엣,허리선이 강조된 핏되는 재킷,긍정,지시문 형태 원문,본문에 성인 여성 명시,,,slot:wardrobe_style:nineties_slip_dress_layered;slot:garment_detail:pfe_lower_abdomen_candidate;slot:silhouette_proportion:bm_waist_level;slot:garment_detail:sff_extra_xa016;slot:garment_detail:sff_extra_xa036,bifurcated_one_piece_jumpsuit;cr_accented_analogous;bm_waist_level;y2kr_bling_palette;y2kr_ultra_low
K009,02 몸에 맞는 실루엣,몸에 밀착되는 흰색 U넥 골지 탑,긍정,지시문 형태 원문,본문에 성인 여성 명시,,,slot:wardrobe_style:clt_ct010_v1;slot:garment_detail:water_w161;slot:garment_detail:clt_ct074_v2;slot:garment_detail:sw_candidate_rib;slot:wardrobe_style:y2kr_rib_tank,u_rounded_lower_face_relation;clothing_ct010_v1;y2kr_rib_tank;sw_rib;sw_scoop
K010,02 몸에 맞는 실루엣,코르셋형 패션 베스트,긍정,지시문 형태 원문,본문에 성인 여성 명시,,,slot:garment_detail:sff_pro_c18;slot:costume_style:photographer_utility_vest_costume;slot:costume_style:gothic_lolita_dress;slot:wardrobe_style:winter_expedition_fashion_layers;slot:costume_style:gyaru_fashion,pfe_face_garment;bifurcated_one_piece_jumpsuit;underwear_as_outerwear_layer_system;decolletage_neckline_exposure
K011,02 몸에 맞는 실루엣,볼륨,긍정,지시문 형태 원문,본문에 성인 여성 명시,slot:wardrobe_style:fitted_top_balloon_trouser_ensemble;slot:wardrobe_style:adult_gyaru_social_glam_styling;slot:garment_detail:boubou_broad_sleeve_rectangular_volume;slot:garment_detail:boubou_broad_sleeve_rectangular_volume;slot:garment_detail:balloon_leg_curve_tapered_hem;slot:garment_detail:y2kr_tiny_big;slot:garment_detail:y2kr_tiny_big;slot:garment_detail:sff_pro_c19,soft_full_figure_volume;soft_full_figure_volume;soft_full_figure_volume;soft_full_figure_volume;bust_prominence_relation;theremin_dual_antenna_noncontact;theremin_dual_antenna_noncontact;theremin_dual_antenna_noncontact,slot:garment_detail:sff_pro_c19;slot:costume_style:clt_ct149_v1;slot:silhouette_proportion:bm_thigh_volume;slot:silhouette_proportion:bm_bust_prominence;slot:silhouette_proportion:bm_breast_fullness,bm_thigh_volume;clothing_ct149_v1;bm_calf_contour;bust_prominence_relation;bm_breast_fullness
K012,02 몸에 맞는 실루엣,일체형 패드 장착,긍정,지시문 형태 원문,본문에 성인 여성 명시,,,slot:garment_detail:one_piece_continuous_bodice_to_hem;slot:garment_detail:jumpsuit_bodice_crotch_leg_continuity;slot:wardrobe_style:one_piece_a_line_dress;slot:wardrobe_style:sw_candidate_surfsuit;slot:wardrobe_style:cycling_jersey_bib_short_ensemble,integral_instant_print_object_relation;clothing_ct102_v1;midi_controller_external_sound_source;se_profile_lapel_fingertip_touch;sw_surfsuit
K013,02 몸에 맞는 실루엣,fitted dress,설명,이미지 연결 설명문; 입력 프롬프트 여부 미확인,설명문에 twenties to early thirties; 실제 나이 확인 아님,,,slot:garment_detail:y2kr_bandage;slot:wardrobe_style:exercise_dress_integrated_liner_ensemble;slot:garment_detail:exercise_dress_outer_skirt_inner_shorts;slot:garment_detail:hw_lingerie_daydress_3;slot:wardrobe_style:nineties_slip_dress_layered,y2kr_bandage;hw_lingerie_daydress;exercise_dress_integrated_short_liner;sw_swimdress;qipao_standing_collar_diagonal_closure_system
K014,02 몸에 맞는 실루엣,cinched waist,설명,이미지 연결 설명문; 입력 프롬프트 여부 미확인,설명문에 twenties to early thirties; 실제 나이 확인 아님,slot:silhouette_proportion:cinched_hourglass_waist;slot:silhouette_proportion:cinched_hourglass_waist,,slot:silhouette_proportion:cinched_hourglass_waist;slot:garment_detail:clt_ct075_v2;slot:garment_detail:hw_drop_waist_1920_1;slot:silhouette_proportion:bm_bust_prominence;slot:silhouette_proportion:bm_waist_level,clothing_ct075_v2;hw_drop_waist_1920;hw_anglaise_fitted_back;hw_chatelaine_waist_tools;ri_ballgame_player
K015,02 몸에 맞는 실루엣,corset-like seams,설명,이미지 연결 설명문; 입력 프롬프트 여부 미확인,설명문에 twenties to early thirties; 실제 나이 확인 아님,,,slot:garment_detail:clt_ct070_v1;slot:wardrobe_style:y2kr_bustier;slot:garment_detail:y2kr_tiered;slot:wardrobe_style:y2kr_mesh_dress;slot:wardrobe_style:y2kr_sheer_top,clothing_ct070_v1;clothing_ct044_v1;y2kr_bustier;water_rel_w162;water_rel_w161
K016,03 재질과 촉각성,glossy black latex,설명,이미지 연결 설명문; 입력 프롬프트 여부 미확인,설명문에 twenties to early thirties; 실제 나이 확인 아님,,,slot:surface_material:black_acrylic_reflection;slot:garment_detail:sff_extra_xa046;slot:texture:sff_extra_xa044;slot:surface_material:subway_tile_wall;slot:surface_material:glossy_white_consumer_shell_surface,hvr_profile_fetish_material_owner;y2kr_magazine;y2kr_wet_hair;egr_profile_camellia_flower_leaf_system;y2kr_jelly_nails
K017,03 재질과 촉각성,leather-like,설명,이미지 연결 설명문; 입력 프롬프트 여부 미확인,설명문에 twenties to early thirties; 실제 나이 확인 아님,slot:surface_material:y2kr_patent;slot:surface_material:y2kr_patent;slot:surface_material:y2kr_patent;slot:garment_detail:y2kr_patent_garment;slot:garment_detail:y2kr_patent_garment;slot:garment_detail:y2kr_patent_garment,y2kr_patent;y2kr_patent;y2kr_patent;y2kr_patent;y2kr_moto_bag;y2kr_moto_bag;y2kr_moto_bag;y2kr_moto_bag,slot:surface_material:y2kr_patent;slot:garment_detail:y2kr_patent_garment,y2kr_patent;y2kr_moto_bag
K018,03 재질과 촉각성,tight and reflective,설명,이미지 연결 설명문; 입력 프롬프트 여부 미확인,설명문에 twenties to early thirties; 실제 나이 확인 아님,,,slot:surface_material:pe_daguerreotype_plate;slot:surface_material:orn_gd04;slot:surface_material:pal_app_navy_brass_cream;slot:surface_material:pal_app_ivory_champagne_gold;slot:surface_material:chrome_mirror_surface,deliberate_underarm_salience;rb_clean_space_plausibility;orn_profile_gd04;clothing_ct028_v1;y2kr_retroreflective
K019,03 재질과 촉각성,highlights and sheen,설명,이미지 연결 설명문; 입력 프롬프트 여부 미확인,설명문에 twenties to early thirties; 실제 나이 확인 아님,,,slot:texture:pfe_hosiery_sheen_candidate;slot:surface_material:y2kr_velour;slot:garment_detail:y2kr_velour_garment;slot:garment_detail:sw_candidate_finish;slot:surface_material:clt_ct089_v2,pfe_hosiery_sheen;satin_directional_luster_drape_surface;y2kr_velour;sw_finish;silver_mirroring_surface_region_relation
K020,03 재질과 촉각성,shiny folds,설명,이미지 연결 설명문; 입력 프롬프트 여부 미확인,설명문에 twenties to early thirties; 실제 나이 확인 아님,,,slot:garment_detail:sw_candidate_smocked;slot:garment_detail:sw_candidate_ruched;slot:garment_detail:water_w161;slot:garment_detail:clt_ct077_v1;slot:garment_detail:clt_ct037_v1,sw_smocked;sw_ruched;pr_fabric_tension_fold_attachment;clothing_ct091_v2;clothing_ct063_v2
K021,03 재질과 촉각성,블랙 가죽은 은은한 무광 질감,긍정,지시문 형태 원문,성인 다크 엘프 여성 명시,,,slot:texture:silk_hanbok_texture;slot:surface_material:clt_ct078_v2;slot:texture:matte_white_gauze_weave_texture;slot:garment_detail:matte_white_bandage_weave;slot:texture:matte_synthetic_skin_pore,clothing_ct078_v2;costume_ccx_cc13_03;y2kr_patent;negative_fill_shadow_deepening_relation;hw_damask_tonal_pattern
K022,03 재질과 촉각성,오래된 은빛과 흑철의 질감,긍정,지시문 형태 원문,성인 다크 엘프 여성 명시,,,slot:texture:polaroid;slot:surface_material:orn_gd04;slot:surface_material:clt_ct088_v1;slot:surface_material:clt_ct078_v2;slot:texture:mep_surface_texture_candidate,hvr_profile_wreath_fresh_decay_contrast;hvr_profile_tsukumogami_tool_agency;wuxia_rooftop_qinggong_traversal;clothing_ct088_v1;clothing_ct078_v2
K023,03 재질과 촉각성,검은 가죽과 금속 세공,긍정,지시문 형태 원문,성인 다크 엘프 여성 명시,,,slot:surface_material:wood_canvas_leather_brass_travel_structure_surface;slot:garment_detail:sff_extra_xa002;slot:garment_detail:sff_extra_xa055;slot:garment_detail:sff_extra_xa056;slot:garment_detail:sff_extra_xa053,ri_tefillin_pair;commercial_appeal_revealing_armor;jelly_footwear_molded_translucent_surface;heritage_travel_object_construction;egr_profile_matte_mourning_crape
K024,03 재질과 촉각성,satin/ silk,설명,이미지 연결 설명문; 입력 프롬프트 여부 미확인,설명문에 young adult; 실제 나이 확인 아님,,,slot:surface_material:fluid_satin_luster_drape_surface;slot:surface_material:sff_pro_t07;slot:garment_detail:sff_pro_e14;slot:garment_detail:liquid_satin_sheen;slot:surface_material:opaque_satin_specular_flow_surface,satin_directional_luster_drape_surface;y2kr_satin;restrained_polished_natural_makeup_balance;gradient_lip_center_distribution;qipao_standing_collar_diagonal_closure_system
K025,03 재질과 촉각성,lace trim,설명,이미지 연결 설명문; 입력 프롬프트 여부 미확인,설명문에 young adult; 실제 나이 확인 아님,slot:garment_detail:lace_trim_edge;slot:garment_detail:lace_trim_edge;slot:garment_detail:y2kr_lace_cami;slot:garment_detail:y2kr_lace_cami;slot:garment_detail:pfe_opaque_lace_trim_candidate;slot:garment_detail:pfe_opaque_lace_trim_candidate;slot:garment_detail:pfe_opaque_lace_trim_candidate,lace_trim_attached_edge;lace_trim_attached_edge;lace_trim_attached_edge;y2kr_lace_cami;y2kr_lace_cami,slot:garment_detail:pfe_opaque_lace_trim_candidate;slot:garment_detail:lace_trim_edge;slot:garment_detail:orn_gd32;slot:surface_material:clt_ct081_v1;slot:garment_detail:sca_g20,lace_trim_attached_edge;hw_lace_insertion;orn_profile_gd32;orn_profile_gd41;opening_western_blouse_reference
K026,03 재질과 촉각성,smooth satin texture,설명,이미지 연결 설명문; 입력 프롬프트 여부 미확인,설명문에 young adult; 실제 나이 확인 아님,,,slot:surface_material:y2kr_satin;slot:garment_detail:y2kr_satin_garment;slot:surface_material:satin_directional_luster_drape_surface;slot:surface_material:clt_ct085_v1;slot:surface_material:sff_pro_t07,y2kr_satin;satin_directional_luster_drape_surface;gradient_lip_center_distribution;restrained_polished_natural_makeup_balance;highlight_rolloff_tone_response
K027,04 목선과 의복 개방성,square neckline showing cleavage,설명,이미지 연결 설명문; 입력 프롬프트 여부 미확인,설명문에 twenties to early thirties; 실제 나이 확인 아님,,,slot:garment_detail:pfe_cleavage_candidate;slot:garment_detail:clt_ct035_v1;slot:garment_detail:sw_candidate_square;slot:garment_detail:y2kr_checkerboard;slot:garment_detail:y2kr_pixel_graphic,clothing_ct035_v1;decolletage_neckline_exposure;pfe_cleavage;sw_square;clothing_ct129_v1
K028,04 목선과 의복 개방성,low neckline,설명,이미지 연결 설명문; 입력 프롬프트 여부 미확인,설명문에 young adult / appearing around 20; 실제 나이 확인 아님,,decolletage_neckline_exposure;decolletage_neckline_exposure,slot:garment_detail:clt_ct037_v2;slot:garment_detail:sw_candidate_scoop;slot:garment_detail:sw_candidate_plunge;slot:garment_detail:clt_ct035_v1;slot:garment_detail:clt_ct032_v1,decolletage_neckline_exposure;clothing_ct127_v2;sw_plunge;sw_scoop;water_rel_w018
K029,04 목선과 의복 개방성,thin-strapped sundress,설명,이미지 연결 설명문; 입력 프롬프트 여부 미확인,설명문에 young adult / appearing around 20; 실제 나이 확인 아님,,,slot:garment_detail:y2kr_lace_cami,y2kr_lace_cami
K030,04 목선과 의복 개방성,one shoulder strap fallen/sliding off,설명,이미지 연결 설명문; 입력 프롬프트 여부 미확인,설명문에 young adult / appearing around 20; 실제 나이 확인 아님,,,slot:garment_detail:clt_ct056_v1;slot:garment_detail:y2kr_bra_straps;slot:garment_detail:sw_candidate_straps;slot:garment_detail:crossback_strap_intersection;slot:costume_style:faded_court_robe_worn,clothing_ct131_v1;y2kr_mini_shoulder;clothing_ct056_v1;y2kr_bra_straps;sw_straps
K031,04 목선과 의복 개방성,revealing cleavage,설명,이미지 연결 설명문; 입력 프롬프트 여부 미확인,설명문에 young adult / appearing around 20; 실제 나이 확인 아님,,,slot:garment_detail:pfe_cleavage_candidate;slot:garment_detail:revealing_armor_deliberate_exposure_pattern;slot:garment_detail:revealing_armor_opaque_intimate_coverage;slot:costume_style:commercial_revealing_fantasy_armor,clothing_ct079_v1;commercial_appeal_revealing_armor;decolletage_neckline_exposure;egr_profile_localized_flaking_gilding;pfe_cleavage
K032,04 목선과 의복 개방성,slip/lingerie-style camisole dress,설명,이미지 연결 설명문; 입력 프롬프트 여부 미확인,설명문에 young adult; 실제 나이 확인 아님,,,slot:garment_detail:camisole_slip_over_shirt_layer;slot:wardrobe_style:pale_yellow_gauze_slip_dress;slot:wardrobe_style:dropwaist_satin_slip_dress;slot:wardrobe_style:y2kr_slip;slot:wardrobe_style:nineties_slip_dress_layered,y2kr_slip;underwear_as_outerwear_layer_system;clothing_ct155_v1;clothing_ct004_v1;y2kr_lace_cami
K033,04 목선과 의복 개방성,thin spaghetti straps,설명,이미지 연결 설명문; 입력 프롬프트 여부 미확인,설명문에 young adult; 실제 나이 확인 아님,,,slot:wardrobe_style:y2kr_cami;slot:garment_detail:y2kr_whale_tail;slot:wardrobe_style:y2kr_slip;slot:wardrobe_style:dark_spaghetti_strap_top;slot:garment_detail:sff_extra_xa034,y2kr_cami;y2kr_whale_tail;y2kr_slip;clothing_ct105_v2;sw_halter
K034,04 목선과 의복 개방성,neckline,설명,이미지 연결 설명문; 입력 프롬프트 여부 미확인,설명문에 young adult; 실제 나이 확인 아님,slot:costume_style:ao_dai_long_tunic_trouser_system;slot:costume_style:ao_dai_long_tunic_trouser_system;slot:costume_style:ao_dai_long_tunic_trouser_system;slot:costume_style:baju_kurung_long_tunic_skirt_system;slot:costume_style:west_african_grand_boubou_system;slot:costume_style:west_african_grand_boubou_system;slot:costume_style:west_african_agbada_layered_robe_system;slot:costume_style:arabian_thobe_ankle_length_robe,one_piece_dress_construction;one_piece_dress_construction;one_piece_dress_construction;one_piece_dress_construction;one_piece_dress_construction;decolletage_neckline_exposure;decolletage_neckline_exposure;decolletage_neckline_exposure,slot:garment_detail:clt_ct037_v2;slot:garment_detail:sw_candidate_scoop;slot:garment_detail:sw_candidate_plunge;slot:garment_detail:clt_ct035_v1;slot:garment_detail:clt_ct032_v1,sw_plunge;sw_scoop;clothing_ct066_v2;pfe_cleavage;clothing_ct037_v2
K035,05 젖음과 원단의 변화,wet and semi-translucent,설명,이미지 연결 설명문; 입력 프롬프트 여부 미확인,설명문에 young adult / appearing around 20; 실제 나이 확인 아님,,,slot:weather:water_w015;slot:surface_material:tidal_wet_stone_surface;slot:weather:post_rain_mist;slot:hair_style:hr_wet_hair_skin_contact;slot:texture:hr_damp_material_consistency,water_rel_w121;water_rel_w006;hvr_profile_wet_hair_skin_contact;hvr_profile_damp_material_consistency;ed_rain_threshold
K036,05 젖음과 원단의 변화,clinging to her body,설명,이미지 연결 설명문; 입력 프롬프트 여부 미확인,설명문에 young adult / appearing around 20; 실제 나이 확인 아님,,,slot:garment_detail:y2kr_foldover;slot:garment_detail:clt_ct029_v1;slot:garment_detail:button_down_collar_point_fastening;slot:garment_detail:clt_ct029_v2;slot:garment_detail:unif_utility_pockets_beside_closure,ri_eleousa_contact;ri_artemis_bow_quiver;ri_pieta_support;embodied_corruption_transition;ri_hodegetria_pointing
K037,05 젖음과 원단의 변화,soaked and slightly see-through,설명,이미지 연결 설명문; 입력 프롬프트 여부 미확인,설명문에 young adult / appearing around 20; 실제 나이 확인 아님,,,slot:garment_detail:sff_extra_xa001;slot:surface_material:iron_gall_ink_stain;slot:skin_condition:after_crying_puffy_eyes;slot:texture:screen_grab_softness;slot:texture:rb_repair_patch_locality_candidate,sheer_garment_optical_layering;hvr_profile_displaced_features;se_profile_lash_occluded_upward_gaze;loop_face_light_pattern;pe_rgb_split_picture_plane_relation
K038,05 젖음과 원단의 변화,water droplets,설명,이미지 연결 설명문; 입력 프롬프트 여부 미확인,설명문에 young adult / appearing around 20; 실제 나이 확인 아님,slot:texture:dew_water_droplets_texture;slot:texture:dew_water_droplets_texture;slot:texture:dew_water_droplets_texture;slot:garment_detail:sw_candidate_wet;slot:garment_detail:sw_candidate_wet;slot:garment_detail:sw_candidate_wet;slot:garment_detail:sw_candidate_wet;slot:garment_detail:sw_candidate_wet,sw_wet;sw_wet;sw_wet;sw_wet;sw_wet;sw_wet,slot:garment_detail:sw_candidate_wet;slot:texture:dew_water_droplets_texture;slot:surface_material:water_w004;slot:surface_material:water_w014;slot:surface_material:water_w017,sw_wet;water_rel_w004;water_rel_w019;water_rel_w026;water_rel_w025
K039,05 젖음과 원단의 변화,wet hair strands,설명,이미지 연결 설명문; 입력 프롬프트 여부 미확인,설명문에 young adult / appearing around 20; 실제 나이 확인 아님,slot:hair_style:hr_wet_hair_skin_contact;slot:hair_style:hr_wet_hair_skin_contact;slot:hair_style:hr_wet_hair_skin_contact;slot:hair_style:hr_wet_hair_skin_contact;slot:hair_style:hr_wet_hair_skin_contact;slot:hair_style:hr_wet_hair_skin_contact;slot:hair_style:hr_wet_hair_skin_contact,hvr_profile_wet_hair_skin_contact;hvr_profile_wet_hair_skin_contact;hvr_profile_wet_hair_skin_contact;hvr_profile_wet_hair_skin_contact;hvr_profile_wet_hair_skin_contact,slot:hair_style:hr_wet_hair_skin_contact;slot:hair_style:slicked_back_wet;slot:hair_style:egr_separate_cheek_tendrils;slot:hair_style:loose_tied_face_framing_strands;slot:hair_style:rain_damp_face_framing_hair,hvr_profile_wet_hair_skin_contact;wet_damp_clumped_hair_state;locs_cord_structure;pr_hair_strand_owner_and_cause;y2kr_color_streak
K040,05 젖음과 원단의 변화,sparkling highlights on wet skin,설명,이미지 연결 설명문; 입력 프롬프트 여부 미확인,설명문에 young adult / appearing around 20; 실제 나이 확인 아님,,,slot:surface_material:opaque_satin_specular_flow_surface;slot:texture:pfe_hosiery_sheen_candidate;slot:texture:hr_damp_material_consistency;slot:hair_style:hr_wet_hair_skin_contact;slot:texture:wet_mud_caked_skin,pfe_hosiery_sheen;hvr_profile_damp_material_consistency;hvr_profile_wet_hair_skin_contact;hvr_profile_waxy_skin_surface;hvr_profile_palette_metal_monochrome
K041,05 젖음과 원단의 변화,just-out-of-shower look,설명,이미지 연결 설명문; 입력 프롬프트 여부 미확인,설명문에 young adult; 실제 나이 확인 아님,,,slot:surface_material:clt_ct085_v1;slot:surface_material:clt_ct085_v2,ae_profile_lip_tighten;clothing_ct085_v1;no_makeup_makeup_layering;ae_profile_lip_press;computational_low_light_multiframe_look
K042,05 젖음과 원단의 변화,wet or clingy and shiny,설명,이미지 연결 설명문; 입력 프롬프트 여부 미확인,설명문에 young adult; 실제 나이 확인 아님,,,slot:garment_detail:water_w161;slot:hair_style:wet_damp_clumped_hair_state;slot:surface_material:water_w045;slot:surface_material:water_w006;slot:surface_material:intertidal_wet_dry_biotic_band_surface,water_rel_w006;ed_rain_threshold;wet_damp_clumped_hair_state;wet_surface_light_reflection_owner_relation;water_rel_w045
K043,05 젖음과 원단의 변화,condensation and droplets,설명,이미지 연결 설명문; 입력 프롬프트 여부 미확인,설명문에 young adult; 실제 나이 확인 아님,,,slot:surface_material:water_w014;slot:weather:cold_window_condensation;slot:texture:condensation_window_smear_texture;slot:weather:light_drizzle;slot:garment_detail:sw_candidate_wet,water_rel_w014;water_rel_w062;sw_wet;water_rel_w017;water_rel_w024
K044,06 패션 액세서리와 역할 단서,long black glossy gloves,설명,이미지 연결 설명문; 입력 프롬프트 여부 미확인,설명문에 twenties to early thirties; 실제 나이 확인 아님,,,slot:wearable_accessory:silk_opera_gloves;slot:wearable_accessory:clt_ct106_v1;slot:wearable_accessory:ctx_c060;slot:fetish_styling:choker_gloves_high_heels;slot:fetish_styling:sff_pro_e11,clothing_ct106_v1;y2kr_magazine;y2kr_wet_hair;egr_profile_camellia_flower_leaf_system;y2kr_jelly_nails
K045,06 패션 액세서리와 역할 단서,above the elbows,설명,이미지 연결 설명문; 입력 프롬프트 여부 미확인,설명문에 twenties to early thirties; 실제 나이 확인 아님,,appearance_rel_h009,slot:garment_detail:orn_gd42;slot:garment_detail:orn_gd34;slot:garment_detail:clt_ct050_v1;slot:garment_detail:clt_ct071_v1;slot:garment_detail:clt_ct060_v1,cv_profile_arm_heart;pv_profile_ballet_fifth_arms_overhead;pv_profile_kakasana;appearance_rel_h009;cv_profile_flower_chin
K046,06 패션 액세서리와 역할 단서,black choker collar,설명,이미지 연결 설명문; 입력 프롬프트 여부 미확인,설명문에 twenties to early thirties; 실제 나이 확인 아님,,,slot:garment_detail:unif_white_collar_cuffs_black_dress;slot:garment_detail:unif_grey_yoke_black_body_color_neck;slot:wearable_accessory:royal_crest_choker;slot:wearable_accessory:sff_extra_xa040;slot:wearable_accessory:ctx_c019,uniform_white_collar_cuffs_black_dress;uniform_grey_yoke_black_body_color_neck;y2kr_stone_choker;y2kr_tattoo_choker;hvr_profile_palette_metal_monochrome
K047,06 패션 액세서리와 역할 단서,large silver/O-ring metal ring,설명,이미지 연결 설명문; 입력 프롬프트 여부 미확인,설명문에 twenties to early thirties; 실제 나이 확인 아님,,,slot:garment_detail:sw_candidate_ring;slot:garment_detail:y2kr_chainmail_garment;slot:wearable_accessory:clt_ct121_v2;slot:garment_detail:y2kr_silver_fabric_garment;slot:wearable_accessory:y2kr_toe_ring,sw_ring;y2kr_chainmail;y2kr_cyber_palette;pa_bounded_metal_trim;y2kr_silver_fabric
K048,06 패션 액세서리와 역할 단서,초커 또는 넥 아머,긍정,지시문 형태 원문,성인 다크 엘프 여성 명시,,,slot:wearable_accessory:sff_extra_xa040;slot:wearable_accessory:y2kr_tattoo_choker;slot:wearable_accessory:royal_crest_choker;slot:fetish_styling:choker_gloves_high_heels;slot:wearable_accessory:ctx_c019,commercial_appeal_revealing_armor;y2kr_tattoo_choker;sca_rigid_hair_tie_hardware;sca_flat_control_panel_motif;costume_attached_rear_panel
K049,06 패션 액세서리와 역할 단서,얇은 가죽 스트랩,긍정,지시문 형태 원문,성인 다크 엘프 여성 명시,,,slot:wearable_accessory:sff_extra_xa037;slot:wearable_accessory:leather_watch;slot:wearable_accessory:sff_extra_xa024;slot:fetish_styling:sff_extra_xa038;slot:wearable_accessory:sff_pro_g08,jelly_footwear_molded_translucent_surface;y2kr_patent;clothing_ct125_v1;ri_tefillin_pair;clothing_ct025_v1
K050,06 패션 액세서리와 역할 단서,느슨하게 떨어지는 체인,긍정,지시문 형태 원문,성인 다크 엘프 여성 명시,,,slot:garment_detail:sff_pro_c22;slot:garment_detail:clt_ct048_v1;slot:garment_detail:loose_ribbon_ties;slot:wearable_accessory:sff_pro_j02;slot:wearable_accessory:sff_pro_j01,clothing_ct048_v1;cv_profile_cat_paw;clothing_ct037_v1;phoenix_rebirth_causal_cycle;clothing_ct113_v2
K051,06 패션 액세서리와 역할 단서,부분적인 보호 장식,긍정,지시문 형태 원문,성인 다크 엘프 여성 명시,,,slot:wearable_accessory:ccx_cc30_01;slot:wearable_accessory:ccx_cc37_02;slot:wearable_accessory:ccx_cc30_02;slot:wearable_accessory:ccx_cc20_01;slot:wearable_accessory:ccx_cc05_01,xia_protective_intervention_event;heritage_travel_object_construction;hvr_profile_safe_boundary_failure;sca_g14;wearable_protective_armor_system
K052,06 패션 액세서리와 역할 단서,가죽 넥타이를 느슨하게,긍정,지시문 형태 원문,본문에 성인 여성 명시,,,slot:garment_detail:clt_ct048_v1;slot:garment_detail:loose_ribbon_ties;slot:garment_detail:appearance_h004;slot:garment_detail:appearance_h002;slot:wearable_accessory:sff_extra_xa024,clothing_ct048_v1;cv_profile_cat_paw;clothing_ct037_v1;appearance_rel_h004;appearance_rel_h002
K053,06 패션 액세서리와 역할 단서,작은 메탈 버클,긍정,지시문 형태 원문,본문에 성인 여성 명시,,,slot:garment_detail:sff_pro_e10;slot:fetish_styling:sff_extra_xa049;slot:garment_detail:sff_pro_h09;slot:garment_detail:clt_ct056_v2;slot:garment_detail:sw_candidate_belt,sca_g19;sw_belt;clothing_ct056_v2;clothing_ct123_v1;y2kr_western_belt
K054,07 친밀감·사적 공간·자세,고풍스러운 침대 위에 편안하게 누워 있다,긍정,지시문 형태 원문,성인 다크 엘프 여성 명시,,,slot:body_pose:reclining_lounge_pose;slot:body_orientation:axial_elongation_relaxed_shoulders;slot:hand_pose:ia_pen_hover;slot:body_pose:pv_supine_knees_bent;slot:body_pose:pv_curled_side,ia_profile_pen_hover;clothing_ct038_v2;appearance_rel_h079;ia_profile_page_hold;pf_machicolation
K055,07 친밀감·사적 공간·자세,한쪽 팔은 머리 또는 목 근처에 편안하게,긍정,지시문 형태 원문,성인 다크 엘프 여성 명시,,,slot:body_pose:reclining_lounge_pose;slot:body_orientation:axial_elongation_relaxed_shoulders;slot:body_pose:relaxed_standing_weight_shift;slot:contact_point:ia_crossarm_support;slot:body_orientation:pv_head_tilt,accessory_earpiece_mouth_boom;pc_pc24_owner_relation;third_grid_focal_anchor_relation;ia_profile_crossarm_support;uniform_helmet_connected_suit_neck
K056,07 친밀감·사적 공간·자세,잠들기 전 우연히 카메라와 시선이 마주친 순간,긍정,지시문 형태 원문,성인 다크 엘프 여성 명시,,,slot:gaze_target:joint_gaze_to_shared_target;slot:gaze_target:avoiding_camera_downcast;slot:gaze_target:camera_direct_ignoring_partner;slot:body_pose:pc_pc13_component_3;slot:hand_pose:pc_pc16_component_1,decision_uncertainty_display;two_adult_shared_target_handoff;overhead_social_snapshot_relation;ia_profile_over_glasses;ia_profile_close_read
K057,07 친밀감·사적 공간·자세,침구에는 인물의 체중 때문에 생긴 자연스러운 눌림,긍정,지시문 형태 원문,성인 다크 엘프 여성 명시,,,slot:situation_context:retrofuture_infrastructure_world_transit_situation;slot:body_pose:pc_pc30_component_3;slot:hand_pose:pc_pc03_component_3;slot:contact_point:pc_pc23_component_1;slot:hand_pose:pc_pc16_component_1,bm_foot_arch_instep;pc_pc03_owner_relation;food_access_budget_choice_event;household_energy_affordability_coping_relation;relative_participation_affordability_barrier
K058,07 친밀감·사적 공간·자세,"dim, luxurious bathroom or hotel-like setting",설명,이미지 연결 설명문; 입력 프롬프트 여부 미확인,설명문에 young adult; 실제 나이 확인 아님,,,slot:location:bathroom_countertop;slot:location:dim_jazz_club;slot:location:bathroom_mirror;slot:location:clean_bathroom_tile_wall;slot:location:dim_monitor_glow_bedroom,ri_sanshin_old_tiger;high_jewelry_setting_integration;pr_scene_owned_exposure_tradeoff;pc_pc27_owner_relation;intentional_face_occluded_mood_portrait
K059,07 친밀감·사적 공간·자세,leaning toward/near the sink and mirror,설명,이미지 연결 설명문; 입력 프롬프트 여부 미확인,설명문에 young adult; 실제 나이 확인 아님,,,slot:body_orientation:opening_wall_phone_separate_receiver_4;slot:body_pose:ctx_c100;slot:body_pose:theremin_split_hand_field_pose;slot:body_pose:pv_figure_four;slot:body_pose:pv_retire,ri_sanshin_old_tiger;fantasy_portal_two_world_threshold;rb_scale_perspective;opening_wall_phone_separate_receiver;overhead_social_snapshot_relation
K060,07 친밀감·사적 공간·자세,one hand is raised to/through her wet hair,설명,이미지 연결 설명문; 입력 프롬프트 여부 미확인,설명문에 young adult; 실제 나이 확인 아님,,,slot:hand_pose:ia_page_turn_endpoint;slot:contact_point:pv_neck_touch;slot:contact_point:pv_seated_palm_brace;slot:hand_pose:ia_wrist_behind_back;slot:hand_pose:tucking_hair_behind_ear,intentional_face_occluded_mood_portrait;leading_line_target_continuity;controlled_languid_movement_display;hvr_profile_wet_hair_skin_contact;wet_damp_clumped_hair_state
K061,07 친밀감·사적 공간·자세,looking at her reflection,설명,이미지 연결 설명문; 입력 프롬프트 여부 미확인,설명문에 young adult; 실제 나이 확인 아님,,,slot:gaze_target:to_own_reflection_doubt;slot:contact_point:pc_pc23_component_1;slot:body_orientation:looking_back_over_shoulder_orientation;slot:gaze_target:pc_pc26_component_1;slot:gaze_target:pc_pc06_component_2,water_rel_w050;mirror_selfie_reflection_device_topology;ri_chakra_white2;pr_surface_wear_contact_owner;pc_pc23_owner_relation
K062,07 친밀감·사적 공간·자세,kneeling in prayer-like pose,설명,이미지 연결 설명문; 입력 프롬프트 여부 미확인,설명문에 twenties to early thirties; 실제 나이 확인 아님,,,slot:body_pose:kneeling_soft_pose;slot:body_pose:pv_tall_kneel;slot:body_pose:pv_heel_sit;slot:body_pose:pv_kakasana;slot:contact_point:pv_legs_wall,pv_profile_heel_sit;pv_profile_tall_kneel;ri_centaur_nessos_human_knees;pv_profile_grand_jete;pv_profile_kakasana
K063,07 친밀감·사적 공간·자세,hands held open and cupped/palm-up,설명,이미지 연결 설명문; 입력 프롬프트 여부 미확인,설명문에 twenties to early thirties; 실제 나이 확인 아님,,,slot:hand_pose:pv_cupped_hands;slot:hand_pose:pv_flower_chin;slot:contact_point:hand_cupping_steam;slot:contact_point:theremin_no_contact_dual_field_relation;slot:hand_pose:ia_wrist_behind_back,cv_profile_flower_chin;ed_cafe_pickup_wait;intentional_face_occluded_mood_portrait;ia_profile_page_hold;jianghu_inn_identity_standoff
K064,07 친밀감·사적 공간·자세,devotional or offering gesture,설명,이미지 연결 설명문; 입력 프롬프트 여부 미확인,설명문에 twenties to early thirties; 실제 나이 확인 아님,,,slot:hand_pose:pc_pc16_component_1;slot:contact_point:pc_pc16_component_2;slot:contact_point:pv_shush;slot:hand_pose:cv_thumb_index_cross;slot:hand_pose:hand_adjusting_sunglasses,pc_pc16_owner_relation;interpersonal_credible_threat_relation;contained_affect_self_presentation;pc_pc12_owner_relation;local_legend_site_transmission
K065,08 시선·얼굴 표정,조용하고 몽환적이며 자신감 있는 시선,긍정,지시문 형태 원문,성인 다크 엘프 여성 명시,,,slot:expression:confident_direct_gaze;slot:gaze_target:toward_reflection_self_gaze;slot:expression:engaged_lowered_lid_target_gaze;slot:expression:proud_refusal_gaze;slot:expression:obsessive_tender_smile,self_possessed_sensual_presence;uncanny_coherence_mismatch;pc_pc12_owner_relation;oneiric_dream_logic_discontinuity;ca_pointed_ear_panels
K066,08 시선·얼굴 표정,"direct, slightly melancholic or dreamy stare",설명,이미지 연결 설명문; 입력 프롬프트 여부 미확인,설명문에 young adult; 실제 나이 확인 아님,,,slot:expression:cold_unreadable_stare;slot:expression:fierce_editorial_stare;slot:expression:glass_doll_eye_stare;slot:expression:dissociated_blank_calm;slot:expression:optical_iris_stare,golden_hour_low_sun_relation;blue_hour_ambient_practical_balance;late_century_minilab_flash_print_relation;press_flash_newsprint_reproduction_relation;pc_pc22_owner_relation
K067,08 시선·얼굴 표정,calm,설명,이미지 연결 설명문; 입력 프롬프트 여부 미확인,설명문에 young adult; 실제 나이 확인 아님,slot:expression:calm_intense_gaze;slot:expression:eyes_closed_serene;slot:expression:dissociated_blank_calm;slot:expression:dissociated_blank_calm;slot:expression:predatory_calm_lidded;slot:expression:predatory_calm_lidded,kuudere_composed_warmth_relation;kuudere_composed_warmth_relation;subject_field_negative_space_relation,slot:expression:dissociated_blank_calm;slot:expression:predatory_calm_lidded;slot:expression:calm_intense_gaze;slot:expression:eyes_closed_serene,subject_field_negative_space_relation;kuudere_composed_warmth_relation
K068,08 시선·얼굴 표정,pensive,설명,이미지 연결 설명문; 입력 프롬프트 여부 미확인,설명문에 young adult; 실제 나이 확인 아님,slot:expression:looking_away_pensive;slot:expression:looking_away_pensive;slot:expression:looking_away_pensive;slot:expression:looking_away_pensive,,slot:expression:looking_away_pensive,
K069,08 시선·얼굴 표정,Direct eye contact into the lens,긍정,지시문 형태 원문; 전체 텍스트 확인,One adult East Asian woman 명시,,,slot:gaze_engagement:pv_gaze_direct;slot:gaze_engagement:eyes_closed_serene;slot:eye_detail:sv_pupil_heart_motif;slot:eye_detail:appearance_h050;slot:expression:egr_off_camera_upward_eyeline,sv_pupil_heart_motif;appearance_rel_h050;y2kr_shield;ca_spectacle_frame;hvr_profile_seance_shared_focus
K070,08 시선·얼굴 표정,Relaxed eyelids,긍정,지시문 형태 원문; 전체 텍스트 확인,One adult East Asian woman 명시,,,slot:expression:ae_sultry_variant;slot:expression:ae_squinch;slot:expression:relaxed_open_mouth_smile;slot:expression:egr_relaxed_lip_separation;slot:expression:egr_neutral_lowered_upper_lids,egr_profile_relaxed_lip_separation;egr_profile_neutral_lowered_upper_lids;ae_profile_squinch;sca_f03;verified_safety_relief
K071,08 시선·얼굴 표정,lips naturally parted by approximately 1–2 mm,긍정,지시문 형태 원문; 전체 텍스트 확인,One adult East Asian woman 명시,,,slot:expression:pv_parted_lips;slot:expression:ctx_c044;slot:expression:small_asymmetric_closed_lip_target_smile;slot:expression:ae_pucker;slot:expression:ae_lip_press,ia_profile_enumeration;costume_ccx_cc02_02;protostar_disk_bipolar_outflow;ia_profile_score_study;mep_casting_profile
K072,08 시선·얼굴 표정,Quiet confident expression,긍정,지시문 형태 원문; 전체 텍스트 확인,One adult East Asian woman 명시,,,slot:expression:confident_direct_gaze;slot:expression:quiet_yearning;slot:expression:quiet_craftsman_concentration;slot:expression:round_pupil_quiet_predator_focus;slot:expression:mid_shout_call,contained_affect_self_presentation;low_brand_prominence_material_luxury;window_seat_daylight_activity_relation;cv_profile_puffed_cheeks;pfe_face_garment
K073,09 거리와 시점,close-up and slightly from above,설명,이미지 연결 설명문; 입력 프롬프트 여부 미확인,설명문에 young adult / appearing around 20; 실제 나이 확인 아님,,,slot:camera_direction:high_observer_angle;slot:composition:pc_pc25_component_2;slot:camera_height:pc_pc11_component_2;slot:subject_framing:pc_pc07_component_1;slot:composition:ri_danae_gold_readable_composition,loop_face_light_pattern;se_profile_lash_occluded_upward_gaze;forensic_scene_documentation_process;clothing_ct085_v2;bloodstain_observation_documentation
K074,09 거리와 시점,leaning toward the lens,설명,이미지 연결 설명문; 입력 프롬프트 여부 미확인,설명문에 young adult / appearing around 20; 실제 나이 확인 아님,,,slot:composition:lens_partly_covered_by_foreground;slot:composition:hr_suspense_information_gap;slot:proxemics:hr_psychosexual_competing_attention;slot:composition:pf_parterre_axis_composition;slot:composition:pc_px11_component_2,y2kr_wraparound;ri_sanshin_old_tiger;egr_profile_off_camera_upward_eyeline;pc_pc02_owner_relation;se_profile_edge_on_hand_to_camera
K075,09 거리와 시점,the camera is close and intimate,설명,이미지 연결 설명문; 입력 프롬프트 여부 미확인,설명문에 young adult / appearing around 20; 실제 나이 확인 아님,,,slot:camera_direction:overhead_social_snapshot_relation;slot:composition:lens_partly_covered_by_foreground;slot:camera_height:pc_pc11_component_2;slot:camera_direction:pc_pc04_component_1;slot:camera_height:pc_pc01_component_2,direct_on_camera_flash_snapshot_signature;overhead_social_snapshot_relation;wide_angle_near_field_perspective;smartphone_ultrawide_near_far_perspective_relation;spacecraft_docking_capture_alignment
K076,09 거리와 시점,shallow depth of field,설명,이미지 연결 설명문; 입력 프롬프트 여부 미확인,설명문에 young adult / appearing around 20; 실제 나이 확인 아님,slot:focus:shallow_depth,,slot:focus:shallow_depth;slot:focus:pr_focus_plane_subject_falloff_candidate;slot:focus:rb_depth_focus_continuity_candidate;slot:focus:rb_readable_environment_focus_candidate;slot:composition:pf_muqarnas_composition,high_key_tonal_distribution;orn_profile_gd19;shallow_depth_focus_falloff_relation;cr_color_blocks;telephoto_distance_compression_relation
K077,09 거리와 시점,mirror perspective,설명,이미지 연결 설명문; 입력 프롬프트 여부 미확인,설명문에 young adult; 실제 나이 확인 아님,,,slot:subject_framing:pc_px07_component_3;slot:camera_direction:pc_px07_component_1;slot:composition:pc_px07_component_2;slot:subject_framing:distortion_controlled_portrait_perspective;slot:camera_height:child_height_public_gaze,pc_pc23_owner_relation;hvr_profile_uncanny_familiar_discrepancy;y2kr_mirror;hvr_profile_reflection_pose_disagreement;hvr_profile_elevator_presence_comparison
K078,09 거리와 시점,"close, intimate portrait",설명,이미지 연결 설명문; 입력 프롬프트 여부 미확인,설명문에 young adult; 실제 나이 확인 아님,,,slot:composition:lens_partly_covered_by_foreground;slot:subject_framing:pc_pc01_component_1;slot:focus:pc_pc01_component_3;slot:composition:pc_pc01_component_4;slot:camera_height:pc_pc01_component_2,overhead_social_snapshot_relation;negative_fill_shadow_deepening_relation;butterfly_face_light_pattern;round_compact_face_relation;pc_pc17_owner_relation
K079,09 거리와 시점,the woman’s face is the main sharp focus,설명,이미지 연결 설명문; 입력 프롬프트 여부 미확인,설명문에 young adult; 실제 나이 확인 아님,,,slot:focus:pc_pc29_component_2;slot:focus:pc_pc17_component_4;slot:focus:pe_shallow_falloff;slot:focus:pc_pc19_component_2;slot:focus:pc_pc22_component_4,pc_pc17_owner_relation;hvr_profile_kuchisake_mask_reveal;pfe_face_garment;shallow_depth_focus_falloff_relation;focus_stacked_extended_depth_composite
K080,09 거리와 시점,first-person eye position,긍정,현재 대화 맥락에 제공된 과거 프롬프트 원문,학생·young 맥락; 비성적 물리적 제압 표현만 분석,,,slot:composition:first_person_handed_object_frame;slot:composition:first_person_contract_handoff;slot:composition:hands_first_task_pov;slot:camera_direction:first_person_phone_selfie_view;slot:composition:first_person_token_handoff_macro,sv_left_right_pupil_relation;split_face_light_pattern;bm_scapular_relief;hvr_profile_doll_gaze_relation;hvr_profile_dread_held_exit
K081,09 거리와 시점,low height beside the stone floor,긍정,현재 대화 맥락에 제공된 과거 프롬프트 원문,학생·young 맥락; 비성적 물리적 제압 표현만 분석,,,slot:composition:pf_machicolation_composition;slot:camera_height:eye_level_observer;slot:camera_direction:extreme_low_hero_angle;slot:composition:ri_rebis_two_heads_readable_composition;slot:composition:opening_hanok_chair_contact_4,intertidal_high_low_exposure_zonation;pf_rib_vault_chapel;pf_dry_moat;opening_hybrid_veranda_architecture;low_brand_prominence_material_luxury
K082,09 거리와 시점,points upward toward her face,긍정,현재 대화 맥락에 제공된 과거 프롬프트 원문,학생·young 맥락; 비성적 물리적 제압 표현만 분석,,,slot:composition:ri_hodegetria_pointing_readable_composition;slot:composition:ri_virgin_hybrid_variant_readable_composition;slot:composition:ri_eleousa_contact_readable_composition;slot:composition:hr_suspense_information_gap;slot:camera_height:pc_pc07_component_2,ri_virgin_hybrid_variant;ri_hodegetria_pointing;se_profile_lash_occluded_upward_gaze;ri_eleousa_contact;overhead_social_snapshot_relation
K083,10 무기·장비·전투 역할,FEMALE GUNSLINGER,긍정,지시문 형태 원문,ONE ADULT WOMAN 명시,,,,ri_sphinx_greek;ri_buraq_golconda
K084,10 무기·장비·전투 역할,Single pistol,긍정,지시문 형태 원문,ONE ADULT WOMAN 명시,,,slot:prop:real_semiauto_pistol;slot:prop:nonfunctional_semiauto_pistol_prop;slot:prop:real_holstered_service_pistol;slot:prop:oversized_silver_toy_pistol;slot:prop:nonfunctional_submachine_gun_prop,revolver_chambered_cylinder_system;clothing_ct068_v1;clothing_ct106_v2;clothing_ct109_v1;clothing_ct058_v2
K085,10 무기·장비·전투 역할,dual pistols,긍정,지시문 형태 원문,ONE ADULT WOMAN 명시,,,slot:prop:dungeon_synth_world_chronicle_prop;slot:wardrobe_style:court_skort_racerback_top_ensemble,ambiguous_figure_ground_dual_read
K086,10 무기·장비·전투 역할,multiple firearms,긍정,지시문 형태 원문,ONE ADULT WOMAN 명시,,,slot:prop:aristocratic_reputation_hearing_prop;slot:prop:gayageum_movable_bridge_zither_prop;slot:prop:bt_phase_state_prop;slot:prop:har_romantic_rivalry_limited_choice_prop;slot:action:diver_records_fixed_structure_action,water_rel_w070;water_rel_w111;water_rel_w030;water_rel_w042;water_rel_w106
K087,10 무기·장비·전투 역할,holstered weapons,긍정,지시문 형태 원문,ONE ADULT WOMAN 명시,,,slot:action:carrying_holstered_real_sidearm;slot:prop:real_holstered_service_pistol,ri_durga_eight;interpersonal_credible_threat_relation;chaoskampf_cosmogonic_ordering
K088,10 무기·장비·전투 역할,oversized cinematic firearms,긍정,지시문 형태 원문,ONE ADULT WOMAN 명시,,,slot:action:weapon_low_ready_stance;slot:action:blade_guarded_ready_pose;slot:action:doorframe_shadow_watch;slot:wardrobe_style:tomboy_oversized_layers;slot:wardrobe_style:athletic_shorts_oversized_blazer,clothing_ct074_v1;y2kr_oversize_tee;y2kr_large_hoops;pfe_volume_contrast;halberd_axe_point_rear_spike
K089,10 무기·장비·전투 역할,mechanical weapons,긍정,지시문 형태 원문,ONE ADULT WOMAN 명시,,,slot:prop:open_mechanical_movement_loupe_prop;slot:prop:astrolabe_watch_prop;slot:prop:orn_gd63;slot:action:hand_finishing_mechanical_watch_bridges;slot:prop:punk_decopunk_mechanism_prop,ri_durga_eight;sca_x16;orn_profile_gd63;fine_watchmaking_mechanical_finishing;interpersonal_credible_threat_relation
K090,10 무기·장비·전투 역할,tactical materials,긍정,지시문 형태 원문,ONE ADULT WOMAN 명시,,,slot:action:prepping_workshop_materials;slot:action:indigenous_futurisms_world_repository_action;slot:action:styling_contemporary_heisei_y2k_revival;slot:prop:pov_inactive_service_draft_control_prop;slot:action:distilling_visible_material_transition,rb_clean_space_plausibility;rb_film_grain_choice;private_client_service_interaction;next_milestone_ambition_pursuit;phase_transition_nucleation_growth
K091,10 무기·장비·전투 역할,futuristic heavy machine gun,긍정,지시문 형태 원문; 전체 텍스트 확인,adult woman in her 20s 명시,,,slot:prop:real_machine_gun;slot:prop:real_submachine_gun;slot:prop:nonfunctional_submachine_gun_prop;slot:action:heavy_bag_strike;slot:prop:ledger_of_sin_prop,pf_portcullis;pf_gun_battery;revolver_chambered_cylinder_system;opening_disc_gramophone_listening;ca_rigid_limb_joint
K092,10 무기·장비·전투 역할,mechanical back armament,긍정,지시문 형태 원문; 전체 텍스트 확인,adult woman in her 20s 명시,,,slot:prop:open_mechanical_movement_loupe_prop;slot:prop:astrolabe_watch_prop;slot:prop:orn_gd63;slot:action:hand_finishing_mechanical_watch_bridges;slot:prop:punk_decopunk_mechanism_prop,sca_x16;orn_profile_gd63;fine_watchmaking_mechanical_finishing;hvr_profile_bodily_fusion_shared_junction;critical_threshold_pretransition_accumulation
K093,10 무기·장비·전투 역할,black tactical boots,긍정,지시문 형태 원문; 전체 텍스트 확인,adult woman in her 20s 명시,,,slot:footwear:western_cowboy_boots;slot:footwear:pointed_ankle_boots;slot:footwear:tall_suede_boots;slot:footwear:y2kr_platform_boots;slot:footwear:y2kr_furry_boots,y2kr_platform_boots;y2kr_furry_boots;y2kr_knee_boots;y2kr_sheepskin_boots;y2kr_mini_boots
K094,10 무기·장비·전투 역할,sleek sci-fi armored silhouette,긍정,지시문 형태 원문; 전체 텍스트 확인,adult woman in her 20s 명시,,,slot:costume_style:sci_fi_rebirth_bandage_wrap_costume;slot:wardrobe_style:clt_ct028_v2;slot:costume_style:clt_ct149_v1;slot:prop:tall_scythe_prop;slot:prop:character_chibi_identity_translation_scene_prop,wet_damp_clumped_hair_state;living_armor_hollow_articulated_agency;clothing_ct028_v2;mg_silhouette_clip_relation;clothing_ct149_v1
K095,11 동작으로 명확해지는 전투,drawing,긍정,지시문 형태 원문,ONE ADULT WOMAN 명시,slot:action:staged_archery_draw_pose;slot:action:staged_archery_draw_pose;slot:action:curtain_draw_window_pause;slot:action:curtain_draw_window_pause;slot:action:ctx_c104;slot:action:ctx_c104;slot:action:ctx_c104;slot:action:ia_drawing_model,mg_orthographic_artwork_relation;mg_orthographic_artwork_relation;mg_orthographic_artwork_relation;ia_profile_drawing_model;ia_profile_drawing_model;ia_profile_drawing_model;ia_profile_drawing_model;ia_profile_drawing_model,slot:action:ia_drawing_model;slot:action:staged_archery_draw_pose;slot:action:ctx_c104;slot:action:curtain_draw_window_pause,ia_profile_drawing_model;appearance_rel_h065;mg_orthographic_artwork_relation
K096,11 동작으로 명확해지는 전투,aiming,긍정,지시문 형태 원문,ONE ADULT WOMAN 명시,slot:action:ep_mid_stride_path_progress,,slot:action:ep_mid_stride_path_progress,
K097,11 동작으로 명확해지는 전투,reloading,긍정,지시문 형태 원문,ONE ADULT WOMAN 명시,,,,
K098,11 동작으로 명확해지는 전투,dual-wielding,긍정,지시문 형태 원문,ONE ADULT WOMAN 명시,,,,
K099,11 동작으로 명확해지는 전투,holding weapons naturally,긍정,지시문 형태 원문,ONE ADULT WOMAN 명시,,,slot:action:probing_tidepool;slot:action:ctx_care_without_debt;slot:action:ctx_cloth_lag_walk;slot:action:ctx_hem_weight_lift;slot:body_pose:candid_adjusting_balance_pose,mep_casting_profile;ri_durga_eight;rear_curtain_flash_motion_trace;clothing_ct091_v1;mep_jewelry_contact
K100,11 동작으로 명확해지는 전투,preparing for action,긍정,지시문 형태 원문,ONE ADULT WOMAN 명시,,,slot:action:ed_kitchen_prep_candidate;slot:action:cooking;slot:action:ctx_c148;slot:action:preparing_gyaru_hair_makeup_and_nails;slot:action:preparing_cybergoth_clubwear_and_dance,emergency_medical_transport_system;yandere_affection_control_relation;excess_accumulation_overflow_event;kuudere_composed_warmth_relation;retaliatory_violence_prior_harm_relation
K101,11 동작으로 명확해지는 전투,composed combat stance,긍정,지시문 형태 원문,ONE ADULT WOMAN 명시,,,slot:body_pose:open_grounded_self_directed_stance;slot:action:ctx_formality_without_stiffness;slot:action:ctx_loose_tie_after_duty;slot:body_pose:pv_wide_stance;slot:body_pose:power_stance_feet_apart,self_possessed_sensual_presence;chaoskampf_cosmogonic_ordering;bm_limb_alignment;military_uniform_duty_system;pc_pc30_owner_relation
K102,11 동작으로 명확해지는 전투,일본도를 칼집에서 천천히 뽑는 순간,긍정,지시문 형태 원문,확보한 텍스트에 구체적인 성인 나이 명시 없음; 비성적 액션만 분석,,,slot:action:ctx_c094;slot:action:carrying_sheathed_real_blade;slot:action:drifting_water;slot:action:sauce_dripping;slot:action:unfurling_after_rain,decadent_languor_environment;ia_profile_listening_reference;two_adult_shared_target_handoff;controlled_languid_movement_display;hvr_profile_decapitation_head_body
K103,11 동작으로 명확해지는 전투,전투 준비 자세,긍정,지시문 형태 원문,확보한 텍스트에 구체적인 성인 나이 명시 없음; 비성적 액션만 분석,,,slot:action:blade_guarded_ready_pose;slot:action:weapon_low_ready_stance;slot:body_pose:loaded_ready_stance;slot:action:ctx_choose_time_self;slot:action:chaoskampf_defeat_order_action,chaoskampf_cosmogonic_ordering;emergency_medical_transport_system;firefighter_protective_response_system;mythic_flood_preservation_vessel;hvr_profile_eerie_expected_absence
K104,12 마법 결투와 충돌,casting a spell,설명,이미지 연결 설명문; 입력 프롬프트 여부 미확인,teen/young adult 혼용; 비성적 액션 표현만 분석,,,slot:surreal_physics_detail:cold_breath_in_warm_room;slot:surreal_physics_detail:scorch_gradient_residue;slot:prop:projection_pedestal_prop;slot:motion:kinetic_spell_trail_motion;slot:action:breaking_thread_with_intent,mep_casting_profile;mep_casting_front;summoner_distinct_entity_arrival;locs_cord_structure;water_rel_w128
K105,12 마법 결투와 충돌,blocking,설명,이미지 연결 설명문; 입력 프롬프트 여부 미확인,teen/young adult 혼용; 비성적 액션 표현만 분석,slot:action:vc_sexual_violence_refusal_action;slot:prop:vc_sexual_violence_control_trace_prop;slot:prop:vc_sexual_violence_control_trace_prop;slot:relational_action:working_same_target_from_two_sides,adult_nonconsensual_sexual_violence_relation;early_2000s_compact_digicam_social_repost;cr_color_blocks;cr_color_blocks,slot:prop:vc_sexual_violence_control_trace_prop;slot:relational_action:working_same_target_from_two_sides;slot:action:vc_sexual_violence_refusal_action,cr_color_blocks;adult_nonconsensual_sexual_violence_relation;early_2000s_compact_digicam_social_repost
K106,12 마법 결투와 충돌,defensive stance,설명,이미지 연결 설명문; 입력 프롬프트 여부 미확인,teen/young adult 혼용; 비성적 액션 표현만 분석,,,slot:prop:real_round_shield;slot:action:martial_arts_guard_stance;slot:action:ctx_scent_source_distance;slot:action:armor_articulation_stance;slot:action:rpg_weapon_ready_pose,pf_walled_town;pf_wall_tower_walk;pf_concentric;pf_arrow_loop;pf_gun_battery
K107,12 마법 결투와 충돌,outstretched arm,설명,이미지 연결 설명문; 입력 프롬프트 여부 미확인,teen/young adult 혼용; 비성적 액션 표현만 분석,,,slot:action:leaning_into_sofa_arm;slot:relational_action:pv_side_hug;slot:action:ctx_movement_sound_costume;slot:action:ctx_wearable_art_volume;slot:action:ctx_work_shirt_own_fit,water_rel_w103;bm_scapular_relief;pc_pc12_owner_relation;costume_ccx_cc37_01;costume_ccx_cc10_01
K108,12 마법 결투와 충돌,magical barrier,설명,이미지 연결 설명문; 입력 프롬프트 여부 미확인,teen/young adult 혼용; 비성적 액션 표현만 분석,,,slot:ambient_particle:fireflies_drift;slot:ambient_particle:luminous_pollen_glow;slot:prop:police_radio_log_barrier_set;slot:prop:punk_magipunk_maintenance_handoff_prop;slot:prop:rule_horror_contradictory_route_prop,magical_realism_matter_of_fact_anomaly;water_rel_w075;barrier_breakthrough_causal_event;hvr_profile_safe_boundary_failure;inaccessible_target_longing_relation
K109,12 마법 결투와 충돌,spell impact zone,설명,이미지 연결 설명문; 입력 프롬프트 여부 미확인,teen/young adult 혼용; 비성적 액션 표현만 분석,,,slot:ambient_particle:water_w024;slot:prop:gaowu_martial_academy_prop;slot:action:water_w025;slot:motion:kinetic_spell_trail_motion;slot:action:breaking_thread_with_intent,water_rel_w024;water_rel_w026;water_rel_w025;hvr_profile_ritual_boundary_crossing;hvr_profile_corrosion_used_touch_zone
K110,12 마법 결투와 충돌,white-gold sparks,설명,이미지 연결 설명문; 입력 프롬프트 여부 미확인,teen/young adult 혼용; 비성적 액션 표현만 분석,,,slot:action:phoenix_emerging_from_ash_nest,phoenix_rebirth_causal_cycle
K111,12 마법 결투와 충돌,flying particles,설명,이미지 연결 설명문; 입력 프롬프트 여부 미확인,teen/young adult 혼용; 비성적 액션 표현만 분석,,,slot:action:broom_flight_across_moon;slot:ambient_particle:egr_localized_suspended_particles;slot:ambient_particle:hr_haze_light_volume;slot:ambient_particle:flash_dust_particles;slot:ambient_particle:pollen_in_backlight,egr_profile_localized_suspended_particles;water_rel_w052;water_rel_w051;hvr_profile_haze_light_volume;water_rel_w045
K112,12 마법 결투와 충돌,shards of stone or gravel,설명,이미지 연결 설명문; 입력 프롬프트 여부 미확인,teen/young adult 혼용; 비성적 액션 표현만 분석,,,slot:action:body_to_site_stone_action;slot:action:ia_go_review;slot:prop:punk_stonepunk_mechanism_prop;slot:prop:mortar_pestle_prop;slot:action:setting_matched_gemstones_under_magnification,ia_profile_go_review;clothing_ct111_v2;hvr_profile_well_depth_boundary;high_jewelry_setting_integration;golem_constructed_material_agency
K113,12 마법 결투와 충돌,cloak/robe swirling behind her,설명,이미지 연결 설명문; 입력 프롬프트 여부 미확인,teen/young adult 혼용; 비성적 액션 표현만 분석,,,slot:motion:petal_swirl_motion;slot:motion:robe_billow_motion;slot:relational_action:hr_slasher_pursuit_corridor;slot:relational_action:ctx_c015;slot:motion:water_w036,appearance_rel_h014;rear_curtain_flash_motion_trace;ri_hodegetria_pointing;hw_qing_embroidered_robe;ri_daoist_robe_sky
K114,13 물리적 제압 관계,pressing on the viewpoint character's upper chest,긍정,현재 대화 맥락에 제공된 과거 프롬프트 원문,학생·young 맥락; 비성적 물리적 제압 표현만 분석,,,slot:body_pose:ctx_c100;slot:body_pose:pv_prone_forearms;slot:contact_point:pv_collarbone_touch;slot:body_pose:ctx_c017;slot:relational_action:pv_spooning,appearance_rel_h023;ae_profile_lip_press;commercial_appeal_revealing_armor;bm_breast_root_height;ri_daoist_robe_xuanwu
K115,13 물리적 제압 관계,holds the observer down,긍정,현재 대화 맥락에 제공된 과거 프롬프트 원문,학생·young 맥락; 비성적 물리적 제압 표현만 분석,,,slot:body_pose:pc_pc11_component_1;slot:contact_point:opening_wall_phone_separate_receiver_3;slot:hand_pose:pv_palms_down;slot:hand_pose:ia_glasses_removed;slot:body_pose:hr_jiangshi_rigid_pose,hvr_profile_shadow_independent_pose;hvr_profile_cosmic_incompatible_scale;hvr_profile_laboratory_observation_barrier;pr_casual_crop_subject_legibility;clothing_ct093_v1
K116,13 물리적 제압 관계,pressure remains steady,긍정,현재 대화 맥락에 제공된 과거 프롬프트 원문,학생·young 맥락; 비성적 물리적 제압 표현만 분석,,,slot:contact_point:fingertip_pressing_seal;slot:contact_point:se_existing_pendant_fingertip_hold;slot:hand_pose:ia_page_hold;slot:hand_pose:se_edge_on_hand_to_camera;slot:body_pose:pc_pc08_component_2,repeated_acquisition_without_use_cycle;critical_threshold_pretransition_accumulation;phase_transition_nucleation_growth;dormant_capacity_limiter_release;eva_spacewalk_work_system
K117,13 물리적 제압 관계,the fixed viewpoint remains beneath her,긍정,현재 대화 맥락에 제공된 과거 프롬프트 원문,학생·young 맥락; 비성적 물리적 제압 표현만 분석,,,slot:contact_point:rb_soft_ground_contact_candidate;slot:body_pose:hr_levitation_clearance;slot:contact_point:geomungo_suldae_string_contact;slot:viewer_position:hr_voyeuristic_occluded_view;slot:body_pose:pv_prone_forearms,pr_fixed_surveillance_observation;wrap_front_overlap_closure;impossible_object_global_connection;deliberate_underarm_salience;ri_artemis_bow_quiver
K118,13 물리적 제압 관계,rests firmly,긍정,현재 대화 맥락에 제공된 과거 프롬프트 원문,학생·young 맥락; 비성적 물리적 제압 표현만 분석,,,slot:body_pose:perched_edge_sit_grounded_support;slot:contact_point:opening_hanok_chair_contact_3;slot:hand_pose:se_one_hand_behind_head;slot:body_pose:ctx_c130;slot:contact_point:cv_cheek_palm,rb_use_trace_affordance;y2kr_chain_belt;rb_clean_space_plausibility;costume_ccx_cc07_02;pv_profile_prone
K119,13 물리적 제압 관계,her other leg is planted,긍정,현재 대화 맥락에 제공된 과거 프롬프트 원문,학생·young 맥락; 비성적 물리적 제압 표현만 분석,,,slot:body_pose:pv_half_kneel;slot:body_pose:pv_single_support;slot:body_pose:single_support_backward_flexed_free_leg;slot:body_pose:pv_arabesque;slot:body_pose:pv_tendu,pv_profile_half_kneel;pv_profile_tendu;pv_profile_arabesque;pv_profile_retire;contrapposto_weight_shift
K120,13 물리적 제압 관계,carries most of her weight,긍정,현재 대화 맥락에 제공된 과거 프롬프트 원문,학생·young 맥락; 비성적 물리적 제압 표현만 분석,,,slot:body_pose:contrapposto_full_body;slot:body_pose:propped_elbow_recline_support;slot:body_pose:pv_single_support;slot:body_pose:relaxed_standing_weight_shift;slot:body_pose:half_turn_weight_shift_pose,contrapposto_weight_shift;y2kr_shrug;subject_field_negative_space_relation;pfe_hem_foundation;high_key_tonal_distribution
K121,14 사회적 우위와 언어적 대립,belittle,긍정,지시문 형태 원문,15세 명시; 비성적 언쟁·사회적 갈등만 분석,,,,
K122,14 사회적 우위와 언어적 대립,command to be silent,긍정,지시문 형태 원문,15세 명시; 비성적 언쟁·사회적 갈등만 분석,,,slot:proxemics:side_by_side_silent_distance;slot:action:reading_comment_thread_silent;slot:expression:brief_eye_contact_then_busy;slot:action:vc_orgcrime_coordinated_action;slot:intent_state:identity_about_to_reveal,fictional_organized_crime_operation;appearance_rel_h087;controlled_execution_custody_causality;ia_profile_revision_sequence;sca_h06
K123,14 사회적 우위와 언어적 대립,mid-taunt,긍정,지시문 형태 원문,15세 명시; 비성적 언쟁·사회적 갈등만 분석,,,,
K124,14 사회적 우위와 언어적 대립,contempt,긍정,지시문 형태 원문,15세 명시; 비성적 언쟁·사회적 갈등만 분석,slot:expression:ae_sneer_variant;slot:expression:ae_sneer_variant;slot:expression:ae_sneer_variant,,slot:expression:ae_sneer_variant,
K125,14 사회적 우위와 언어적 대립,sharp rebuke,긍정,지시문 형태 원문,15세 명시; 비성적 언쟁·사회적 갈등만 분석,,,,clothing_ct080_v2;hvr_profile_localized_unstable_outline;y2kr_vinyl;y2kr_frost_nails;y2kr_pointed
K126,14 사회적 우위와 언어적 대립,holds his ground,긍정,지시문 형태 원문,15세 명시; 비성적 언쟁·사회적 갈등만 분석,,,slot:proxemics:hr_psychosexual_competing_attention;slot:action:opening_bellows_camera_sitting_3;slot:action:ccx_repair_detached_cuff;slot:action:ccx_cc38_01;slot:expression:ae_set_jaw,ri_pieta_support;ri_hermes_staff_winged_sandals;ri_ganesha_chola;ri_lucy_plate_eyes;hvr_profile_jiangshi_rigid_pose
K127,14 사회적 우위와 언어적 대립,imperiously lifted,긍정,지시문 형태 원문,15세 명시; 비성적 언쟁·사회적 갈등만 분석,,,slot:expression:ae_squinch;slot:expression:ae_inner_brow;slot:action:tactile_crease_contact_action;slot:hand_pose:ia_page_turn_endpoint;slot:expression:ae_smize,y2kr_teased_crown;pe_lifted_black_floor_relation;hw_polonaise_three_lifts;pv_profile_figure_four;cv_profile_single_heel_lift
K128,14 사회적 우위와 언어적 대립,"startled, wounded disbelief",긍정,지시문 형태 원문,15세 명시; 비성적 언쟁·사회적 갈등만 분석,,,,armed_conflict_protected_status_breach
K129,14 사회적 우위와 언어적 대립,her insult remains unfinished,긍정,지시문 형태 원문,15세 명시; 비성적 언쟁·사회적 갈등만 분석,,,slot:action:ep_half_drawn_curtain_pause;slot:action:shirt_cuff_adjustment_mid_action;slot:action:ctx_c121;slot:relational_action:approach_withdrawal_object_exchange;slot:action:tool_contact_active_process_visible_result,embodied_corruption_transition;intentional_face_occluded_mood_portrait;ri_artemis_bow_quiver;decadent_languor_environment;production_gap_behind_scenes
K130,14 사회적 우위와 언어적 대립,social rebuff,긍정,지시문 형태 원문,15세 명시; 비성적 언쟁·사회적 갈등만 분석,,,slot:situation_context:text_persistent_world_governance_situation;slot:situation_context:aristocratic_estate_audit_situation;slot:situation_context:public_private_persona_moment;slot:action:reviewing_food;slot:action:serving_with_mechanical_precision,early_2000s_compact_digicam_social_repost;contained_affect_self_presentation;late_century_minilab_flash_print_relation;overhead_social_snapshot_relation;embarrassment_repair_display
K131,14 사회적 우위와 언어적 대립,contested threshold,긍정,지시문 형태 원문,15세 명시; 비성적 언쟁·사회적 갈등만 분석,,,slot:action:bt_irreversible_crossing_action;slot:action:opening_two_world_threshold_crossing;slot:action:descending_threshold_pose;slot:action:releasing_summoned_entity_return;slot:action:guiding_deceased_across_threshold,hvr_profile_gothic_past_present;hvr_profile_terror_anticipation;hvr_profile_haunting_place_residue;hvr_profile_supernatural_coherent_breach;hvr_profile_revenant_corporeal_return
K132,14 사회적 우위와 언어적 대립,a clear interval separates their hands and faces,긍정,지시문 형태 원문,15세 명시; 비성적 언쟁·사회적 갈등만 분석,,,slot:action:ctx_mutual_ready_glance;slot:action:ctx_listen_and_leave_room;slot:relational_action:hr_seance_shared_focus;slot:action:ctx_seated_self_styling;slot:relational_action:hr_doppelganger_pair_divergence,ri_hodegetria_pointing;cr_isolated_accent;cr_accent_cluster;ri_hevajra_eight16;sca_g01
K133,15 전투 후의 흔적과 환경,전투가 막 끝난,긍정,지시문 형태 원문,확보한 텍스트에 구체적인 성인 나이 명시 없음; 선정 표현은 원문 관찰로만 기록,,,slot:location:mecha_kaiju_mecha_recovery_location;slot:action:ed_parcel_open_candidate;slot:action:character_role_state_scene_action;slot:action:chaoskampf_defeat_order_action;slot:location:graduation_ceremony_exit,chaoskampf_cosmogonic_ordering;ca_membrane_wings;y2kr_frost_eye;costume_external_membrane_wings;decadent_languor_environment
K134,15 전투 후의 흔적과 환경,일부 가구와 장식물이 부서져,긍정,지시문 형태 원문,확보한 텍스트에 구체적인 성인 나이 명시 없음; 선정 표현은 원문 관찰로만 기록,,,slot:prop:orn_gd53;slot:prop:har_ottoman_household_task_set_prop;slot:prop:orn_gd25;slot:location:royal_princess_chamber;slot:location:urban_occult_transit_investigation_location,clothing_ct121_v1;opening_hanok_chair_contact;mughal_zenana_courtyard_household;sca_f03;clothing_ct102_v2
K135,15 전투 후의 흔적과 환경,깨진 유리 조각과 잔해,긍정,지시문 형태 원문,확보한 텍스트에 구체적인 성인 나이 명시 없음; 선정 표현은 원문 관찰로만 기록,,,slot:prop:punk_crystalpunk_mechanism_prop;slot:location:broken_mirror_fragment_studio;slot:location:mecha_kaiju_damage_recovery_location;slot:action:mecha_kaiju_damage_recovery_action;slot:prop:broken_halo_ring_prop,egr_profile_gold_mosaic_tesserae;clothing_ct031_v1;supernova_remnant_shock_shell;pc_pc21_owner_relation;autochrome_glass_transparency_color_screen
K136,15 전투 후의 흔적과 환경,아주 옅은 먼지와 연기,긍정,지시문 형태 원문,확보한 텍스트에 구체적인 성인 나이 명시 없음; 선정 표현은 원문 관찰로만 기록,,,slot:aftermath_trace:hr_dust_removed_silhouette;slot:action:har_orientalist_static_tableau_action;slot:location:street_food_stall;slot:location:pale_woven_floor_room;slot:prop:extinguished_candle_prop,hvr_profile_dust_removed_silhouette;clothing_ct086_v2;y2kr_micro_braids;appearance_rel_h120;hvr_profile_smoke_bounded_deflection
K137,15 전투 후의 흔적과 환경,검은 검을 아래로 느슨하게 내려 들고,긍정,지시문 형태 원문,확보한 텍스트에 구체적인 성인 나이 명시 없음; 선정 표현은 원문 관찰로만 기록,,,slot:action:slouched_in_gaming_chair;slot:prop:wooden_training_bow_prop;slot:action:ctx_chain_held_quiet;slot:action:ctx_c003;slot:action:ctx_palm_back_contrast,clothing_ct048_v1;appearance_rel_h001;clothing_ct037_v1;cv_profile_cat_paw;pfe_cowl
K138,15 전투 후의 흔적과 환경,검정 가죽 장갑을 천천히 벗고,긍정,지시문 형태 원문,확보한 텍스트에 구체적인 성인 나이 명시 없음; 선정 표현은 원문 관찰로만 기록,,,slot:prop:black_leather_gloves_prop;slot:action:adjusting_choker_gloves;slot:action:drifting_water;slot:action:sauce_dripping;slot:action:unfurling_after_rain,costume_ccx_cc36_01;uniform_white_collar_cuffs_black_dress;uniform_grey_yoke_black_body_color_neck;uniform_yellow_black_uniform_sections;pe_lifted_black_floor_relation
K139,15 전투 후의 흔적과 환경,가장 위험한 전투요원,긍정,지시문 형태 원문,확보한 텍스트에 구체적인 성인 나이 명시 없음; 선정 표현은 원문 관찰로만 기록,,,slot:action:mecha_kaiju_kaiju_evacuation_action,hvr_profile_dread_held_exit;hvr_profile_forbidden_knowledge_context;smoky_eye_diffused_gradient;gradient_lip_center_distribution;diamond_zygomatic_dominant_relation
K140,15 전투 후의 흔적과 환경,ruined futuristic city background,긍정,지시문 형태 원문; 전체 텍스트 확인,adult woman in her 20s 명시,,,slot:location:ruined_palace_wing;slot:location:contested_ruined_hall_location;slot:location:simple_indoor_selfie_room;slot:location:otaku_living_room_sofa_tv;slot:location:pure_black_flash_backdrop,pf_walled_town;overlook_edge_foreground_vista_relation;cr_restricted_background;cr_complex_subject;water_rel_w019
K141,15 전투 후의 흔적과 환경,broken buildings,긍정,지시문 형태 원문; 전체 텍스트 확인,adult woman in her 20s 명시,,,slot:location:pf_keep_ward_location;slot:prop:broken_chain_prop;slot:prop:broken_halo_ring_prop;slot:action:holding_broken_halo_ring;slot:aftermath_trace:disturbed_dust_clue_trace,pf_keep_ward;clothing_ct095_v1;water_rel_w065;y2kr_blackletter;y2kr_camouflage
K142,15 전투 후의 흔적과 환경,shattered road,긍정,지시문 형태 원문; 전체 텍스트 확인,adult woman in her 20s 명시,,,slot:location:fog_mountain_road;slot:location:biaoju_gate_loading_yard_road;slot:action:biaoju_guarded_convoy_departure;slot:location:jianghu_mountain_pass_waystation,biaoju_guarded_cargo_departure;handled_environment_surface_layer
K143,15 전투 후의 흔적과 환경,dark smoke,긍정,지시문 형태 원문; 전체 텍스트 확인,adult woman in her 20s 명시,,,slot:aftermath_trace:localized_extinguished_flame_trace;slot:prop:cigarette_holder_prop;slot:prop:extinguished_candle_prop;slot:prop:phantasmagoria_lantern_screen_set;slot:action:operating_spectral_projection_sequence,phantasmagoria_projected_spectral_sequence;hvr_profile_smoke_bounded_deflection;deliberate_arson_causality;alchemist_material_transmutation_process;phase_transition_nucleation_growth
K144,15 전투 후의 흔적과 환경,floating ash particles,긍정,지시문 형태 원문; 전체 텍스트 확인,adult woman in her 20s 명시,,,slot:ambient_particle:luminous_pollen_glow;slot:action:phoenix_emerging_from_ash_nest;slot:aftermath_trace:phoenix_ash_to_feather_trace;slot:action:reading_ash_pattern;slot:ambient_particle:egr_localized_suspended_particles,phoenix_rebirth_causal_cycle;egr_profile_localized_suspended_particles;water_rel_w052;water_rel_w051;hvr_profile_haze_light_volume
K145,16 부상과 신체적 피해 흔적,wounded,설명,이미지 연결 설명문; 입력 프롬프트 여부 미확인,설명문에 young adult; 비성적 부상·생존 표현만 분석,,armed_conflict_protected_status_breach,,armed_conflict_protected_status_breach
K146,16 부상과 신체적 피해 흔적,blood smears,설명,이미지 연결 설명문; 입력 프롬프트 여부 미확인,설명문에 young adult; 비성적 부상·생존 표현만 분석,,,slot:aftermath_trace:hr_gore_localized_tissue;slot:aftermath_trace:hr_splatter_visible_aftermath,hvr_profile_gore_localized_tissue;hvr_profile_splatter_visible_aftermath;bloodstain_observation_documentation
K147,16 부상과 신체적 피해 흔적,bruised and hurt,설명,이미지 연결 설명문; 입력 프롬프트 여부 미확인,설명문에 young adult; 비성적 부상·생존 표현만 분석,,,slot:prop:punk_teslapunk_mechanism_prop;slot:surface_material:diegetic_larp_world_surface_material;slot:prop:retrofuture_infrastructure_world_archive_prop;slot:surface_material:conlang_conculture_world_surface_material;slot:surface_material:timeline_surface_material,pfe_face_garment;clothing_ct046_v1;water_rel_w096;pv_profile_v_sign;ri_ardhana_cambodia
K148,16 부상과 신체적 피해 흔적,scraped wounds,설명,이미지 연결 설명문; 입력 프롬프트 여부 미확인,설명문에 young adult; 비성적 부상·생존 표현만 분석,,,,
K149,16 부상과 신체적 피해 흔적,bloodstains,설명,이미지 연결 설명문; 입력 프롬프트 여부 미확인,설명문에 young adult; 비성적 부상·생존 표현만 분석,,,,
K150,16 부상과 신체적 피해 흔적,dirty and scratched,설명,이미지 연결 설명문; 입력 프롬프트 여부 미확인,설명문에 young adult; 비성적 부상·생존 표현만 분석,,,slot:surface_material:scratched_workbench_steel_surface;slot:prop:welding_mask_prop;slot:surface_material:worn_alloy_surface;slot:prop:punk_teslapunk_mechanism_prop;slot:surface_material:diegetic_larp_world_surface_material,anthrobot_microscopic_ciliated_biobot;pfe_face_garment;clothing_ct046_v1;water_rel_w096;pv_profile_v_sign
K151,16 부상과 신체적 피해 흔적,bandage-like wrappings,설명,이미지 연결 설명문; 입력 프롬프트 여부 미확인,설명문에 young adult; 비성적 부상·생존 표현만 분석,,,slot:garment_detail:opaque_cotton_gauze_wrap_layers,
K152,16 부상과 신체적 피해 흔적,worn and damaged,설명,이미지 연결 설명문; 입력 프롬프트 여부 미확인,설명문에 young adult; 비성적 부상·생존 표현만 분석,,,slot:prop:infinite_flow_return_quarantine_prop;slot:prop:character_observable_personality_scene_prop;slot:prop:dungeon_stream_production_backroom_prop;slot:prop:mecha_kaiju_mecha_recovery_prop;slot:prop:media_mix_transformation_support_prop,hvr_profile_false_escape_repeated_marker;ri_cham_mask_performer;ri_tefillin_pair;ri_hermes_staff_winged_sandals;ia_profile_glasses_bridge
K153,16 부상과 신체적 피해 흔적,small scratches or marks on her face,설명,이미지 연결 설명문; 입력 프롬프트 여부 미확인,설명문에 20s–30s; 고통·패배를 성적 감정으로 해석하지 않음,,,slot:garment_detail:vr_flat_control_panel_motif;slot:surface_material:worn_alloy_surface;slot:surface_material:clt_ct087_v2;slot:garment_detail:sca_x15;slot:surface_material:pe_charcoal_print,sca_flat_control_panel_motif;ri_chakra_white2;sca_facial_surface_dot_scatter;ca_drawn_cover_face;pe_scan_dust_specks_relation
K154,16 부상과 신체적 피해 흔적,blood-stained knife,설명,이미지 연결 설명문; 입력 프롬프트 여부 미확인,확보한 발췌에서 성인 나이 미확인; 비성적 공포·무기 표현만 분석,,,slot:prop:real_survival_knife;slot:prop:blunt_training_dagger_prop;slot:prop:sheathed_utility_knife_prop;slot:garment_detail:clt_ct063_v1;slot:prop:real_dagger,ri_bartholomew_knife;clothing_ct063_v1;ri_vajravarahi_red
K155,16 부상과 신체적 피해 흔적,dark red stains,설명,이미지 연결 설명문; 입력 프롬프트 여부 미확인,확보한 발췌에서 성인 나이 미확인; 비성적 공포·무기 표현만 분석,,,slot:prop:ornate_goblet_dark_liquid_prop;slot:surface_material:ccx_cc31_01;slot:surface_material:conworld_cartography_world_surface_material;slot:surface_material:civic_solarpunk_world_surface_material;slot:surface_material:mail_art_world_surface_material,costume_ccx_cc31_01;pa_dark_oxblood_bone_owners;hvr_profile_palette_mold_ward;appearance_rel_h018;pa_local_color_under_separate_lights
K156,17 고통·소진·생존,anguished and exhausted,설명,이미지 연결 설명문; 입력 프롬프트 여부 미확인,설명문에 young adult; 비성적 부상·생존 표현만 분석,,,slot:expression:exhausted_satisfied;slot:expression:exhausted_perfectionist_look;slot:hand_pose:pv_v_sign;slot:action:conlang_conculture_world_reform_action;slot:action:xianxia_sect_formation_repair_action,working_income_essential_cost_gap_relation;phoenix_rebirth_causal_cycle;pfe_face_garment;clothing_ct046_v1;water_rel_w096
K157,17 고통·소진·생존,teary or pained,설명,이미지 연결 설명문; 입력 프롬프트 여부 미확인,설명문에 young adult; 비성적 부상·생존 표현만 분석,,,slot:expression:emotional_teary_eyes;slot:action:vc_sexual_violence_refusal_action;slot:action:vc_coercive_control_action;slot:action:vc_atrocity_campaign_breach_action;slot:action:vc_terrorism_coercion_action,water_rel_w175;y2kr_headscarf;y2kr_cargo;water_rel_w061;water_rel_w119
K158,17 고통·소진·생존,crawling,설명,이미지 연결 설명문; 입력 프롬프트 여부 미확인,설명문에 young adult; 비성적 부상·생존 표현만 분석,,,,
K159,17 고통·소진·생존,struggling to rise,설명,이미지 연결 설명문; 입력 프롬프트 여부 미확인,설명문에 young adult; 비성적 부상·생존 표현만 분석,,,slot:expression:pv_smile_teeth;slot:expression:ae_inner_brow;slot:hand_pose:pv_wrists_cross_overhead;slot:expression:hr_mouth_eye_affect_split;slot:expression:pv_smile_closed,ae_profile_inner_brow;cv_profile_toothy_smile;ca_cap_projections;hvr_profile_mouth_eye_affect_split;y2kr_flame_graphic
K160,17 고통·소진·생존,bracing on the ground,설명,이미지 연결 설명문; 입력 프롬프트 여부 미확인,설명문에 young adult; 비성적 부상·생존 표현만 분석,,,slot:contact_point:pv_seated_palm_brace;slot:action:character_relationship_chemistry_scene_action;slot:action:bracing_against_cold_wind;slot:contact_point:rb_soft_ground_contact_candidate;slot:body_pose:pv_ballet_second_flat,pv_profile_seated_palm_brace;water_rel_w015;orn_profile_gd36;orn_profile_gd37;orn_profile_gd15
K161,17 고통·소진·생존,pain and determination,설명,이미지 연결 설명문; 입력 프롬프트 여부 미확인,설명문에 young adult; 비성적 부상·생존 표현만 분석,,,slot:hand_pose:pv_v_sign;slot:action:conlang_conculture_world_reform_action;slot:action:xianxia_sect_formation_repair_action;slot:action:mecha_kaiju_damage_recovery_action;slot:action:apocalypse_base_infrastructure_repair_action,sunburn_blush_cross_face_distribution;pfe_face_garment;clothing_ct046_v1;water_rel_w096;pv_profile_v_sign
K162,17 고통·소진·생존,defeated expression,설명,이미지 연결 설명문; 입력 프롬프트 여부 미확인,설명문에 20s–30s; 고통·패배를 성적 감정으로 해석하지 않음,,,slot:expression:mid_shout_call;slot:expression:wind_squint_outdoor;slot:expression:exhausted_satisfied;slot:expression:commanding_chin_up;slot:expression:quiet_yearning,burglary_forced_entry_crime_event;cv_profile_puffed_cheeks;pfe_face_garment;bm_facial_asymmetry;chaoskampf_cosmogonic_ordering
K163,17 고통·소진·생존,exhaustion or surrender,설명,이미지 연결 설명문; 입력 프롬프트 여부 미확인,설명문에 20s–30s; 고통·패배를 성적 감정으로 해석하지 않음,,,slot:action:vc_sexual_violence_refusal_action;slot:action:vc_coercive_control_action;slot:action:vc_atrocity_campaign_breach_action;slot:action:vc_terrorism_coercion_action;slot:body_pose:midi_controller_touch_signal_pose,water_rel_w175;y2kr_headscarf;y2kr_cargo;water_rel_w061;water_rel_w119
K164,17 고통·소진·생존,kneeling on wet asphalt,설명,이미지 연결 설명문; 입력 프롬프트 여부 미확인,설명문에 20s–30s; 고통·패배를 성적 감정으로 해석하지 않음,,,slot:body_pose:pv_heel_sit;slot:body_pose:kneeling_soft_pose;slot:body_pose:pv_tall_kneel;slot:action:ed_rain_threshold_candidate;slot:action:kneeling_for_inspection,pv_profile_heel_sit;ri_centaur_nessos_human_knees;pv_profile_tall_kneel;water_rel_w015;water_rel_w117
K165,17 고통·소진·생존,敗北,설명,이미지 연결 설명문; 입력 프롬프트 여부 미확인,설명문에 20s–30s; 고통·패배를 성적 감정으로 해석하지 않음,,,,
K166,17 고통·소진·생존,stunned,설명,이미지 연결 설명문; 입력 프롬프트 여부 미확인,설명문에 young adult; 비성적 불안·밀폐 상황만 분석,,,,
K167,17 고통·소진·생존,anxious,설명,이미지 연결 설명문; 입력 프롬프트 여부 미확인,설명문에 young adult; 비성적 불안·밀폐 상황만 분석,,,,
K168,17 고통·소진·생존,breathless,설명,이미지 연결 설명문; 입력 프롬프트 여부 미확인,설명문에 young adult; 비성적 불안·밀폐 상황만 분석,,,,
K169,18 밀폐·불안·공포 공간,pressed against glass,설명,이미지 연결 설명문; 입력 프롬프트 여부 미확인,설명문에 young adult; 비성적 불안·밀폐 상황만 분석,,,slot:location:old_bindery;slot:contact_point:palm_flat_on_ledger;slot:expression:ae_lip_press;slot:expression:ae_held_tears_lips;slot:surface_material:translucent_glass_block,rb_glass_reflection_transmission;ae_profile_lip_press;ae_profile_held_tears_lips;rb_glass_smudge_locality;rb_material_response_contrast
K170,18 밀폐·불안·공포 공간,trapped underwater,설명,이미지 연결 설명문; 입력 프롬프트 여부 미확인,설명문에 young adult; 비성적 불안·밀폐 상황만 분석,,,slot:location:underwater_studio_pool;slot:location:underwater_grotto;slot:location:underwater_surface_room;slot:surface_material:water_w177;slot:location:coral_reef_cross_shore_location,water_rel_w126;water_rel_w050;water_rel_w052;water_rel_w092;water_rel_w190
K171,18 밀폐·불안·공포 공간,enclosed chamber,설명,이미지 연결 설명문; 입력 프롬프트 여부 미확인,설명문에 young adult; 비성적 불안·밀폐 상황만 분석,,,slot:location:dungeon_stone_chamber;slot:location:hr_sealed_habitat_external_limit;slot:location:collapsed_ruin_clue_chamber;slot:location:royal_princess_chamber;slot:location:pf_motte_bailey_location,pf_garden_grotto;revolver_chambered_cylinder_system;anthrobot_microscopic_ciliated_biobot;y2kr_large_hoops;hvr_profile_sealed_habitat_external_limit
K172,18 밀폐·불안·공포 공간,sealed-container look,설명,이미지 연결 설명문; 입력 프롬프트 여부 미확인,설명문에 young adult; 비성적 불안·밀폐 상황만 분석,,,slot:expression:looking_away_pensive;slot:expression:chin_up_haughty_look;slot:expression:exhausted_perfectionist_look;slot:expression:ae_lip_press;slot:expression:composed_camera_look,ae_profile_lip_tighten;clothing_ct085_v1;no_makeup_makeup_layering;ae_profile_lip_press;computational_low_light_multiframe_look
K173,18 밀폐·불안·공포 공간,cold and reflective,설명,이미지 연결 설명문; 입력 프롬프트 여부 미확인,설명문에 young adult; 비성적 불안·밀폐 상황만 분석,,,slot:surface_material:chrome_mirror_surface;slot:surface_material:pe_daguerreotype_plate;slot:expression:cold_unreadable_stare;slot:surface_material:orn_gd04;slot:surface_material:pal_app_navy_brass_cream,cold_shoulder_cutout_topology;water_rel_w014;rb_clean_space_plausibility;orn_profile_gd04;occupied_housing_habitability_mitigation_relation
K174,18 밀폐·불안·공포 공간,"tense, quiet, and suspended",설명,이미지 연결 설명문; 입력 프롬프트 여부 미확인,설명문에 young adult; 비성적 불안·밀폐 상황만 분석,,,slot:location:between_use_transit_interior;slot:surreal_concept:between_use_liminal_suspension;slot:space_condition:quiet_after_event_state;slot:location:character_affection_distance_spectrum_scene_location;slot:location:character_transformation_dual_life_scene_location,low_brand_prominence_material_luxury;window_seat_daylight_activity_relation;uncanny_coherence_mismatch;clothing_ct004_v1;clothing_ct020_v2
K175,18 밀폐·불안·공포 공간,"gloomy, foggy woods",설명,이미지 연결 설명문; 입력 프롬프트 여부 미확인,확보한 발췌에서 성인 나이 미확인; 비성적 공포·무기 표현만 분석,,,slot:location:foggy_lake_boardwalk;slot:location:foggy_empty_beach;slot:location:fog_mountain_road,ghost_ship_former_vessel_breach
K176,18 밀폐·불안·공포 공간,twisted bare branches,설명,이미지 연결 설명문; 입력 프롬프트 여부 미확인,확보한 발췌에서 성인 나이 미확인; 비성적 공포·무기 표현만 분석,,,slot:surface_material:treeline_wind_pruned_krummholz_surface;slot:location:water_w070;slot:surface_material:biological_soil_crust_surface;slot:surface_material:sheer_organza_chiffon_transmission;slot:location:har_otome_branching_keyart_location,water_rel_w070;water_rel_w091;water_rel_w116;ca_forked_tail;sw_oneshoulder
K177,18 밀폐·불안·공포 공간,dark eerie atmosphere,설명,이미지 연결 설명문; 입력 프롬프트 여부 미확인,확보한 발췌에서 성인 나이 미확인; 비성적 공포·무기 표현만 분석,,,slot:location:reflective_dark_corridor;slot:location:dark_academia_study_tabletop;slot:location:dark_studio;slot:location:blue_rimlight_cosplay_studio;slot:location:hologram_projection_room,auroral_arc_curtain_atmosphere;cr_atmospheric_color;volumetric_occluded_light_shafts;cr_dark_on_dark;pe_lifted_black_floor_relation
K178,18 밀폐·불안·공포 공간,wide sharp-toothed grin,설명,이미지 연결 설명문; 입력 프롬프트 여부 미확인,확보한 발췌에서 성인 나이 미확인; 비성적 공포·무기 표현만 분석,,,slot:expression:bright_refreshing_grin;slot:expression:ae_mugging_variant;slot:expression:side_set_prey_alert_gaze;slot:body_pose:pv_wide_stance;slot:location:coral_reef_cross_shore_location,clothing_ct035_v2;hw_qipao_1920_loose;opening_rail_platform_departure;opening_hybrid_veranda_architecture;y2kr_wide_belt
K179,19 장면을 강화하는 일반 연출,Photorealistic cinematic concept photography,긍정,지시문 형태 원문,ONE ADULT WOMAN 명시,,,slot:medium:film_still;slot:lighting:projector_pool_light;slot:lighting:chiaroscuro_window_light;slot:body_pose:tiptoe_reach_pose;slot:body_pose:jumping_motion_pose,ia_profile_teaching_reference
K180,19 장면을 강화하는 일반 연출,Cinematic directional lighting,긍정,지시문 형태 원문,ONE ADULT WOMAN 명시,,,slot:lighting:projector_pool_light;slot:lighting:lit_window_large_soft_source;slot:light_type:lit_rembrandt_controlled_directional_source;slot:light_type:lit_luxury_large_directional_soft_source;slot:lighting:pal_app_red_navy_violet_noir_light,key_fill_separation_background_roles;water_rel_w046;water_rel_w052;cr_two_color_lights;cr_cross_color_light
K181,19 장면을 강화하는 일반 연출,Natural skin texture,긍정,지시문 형태 원문,ONE ADULT WOMAN 명시,,,slot:skin_finish:realistic_skin_texture_no_retouch;slot:skin_finish:translucent_base_makeup_skin;slot:skin_finish:ctx_c109;slot:skin_finish:soft_peach_fuzz_detail;slot:surface_material:fruit_bloom_skin_surface,sheer_complexion_texture_preservation;no_makeup_makeup_layering;pe_texture_preserving_tone_evening_relation;bm_striae_surface;pfe_hosiery_opaque
K182,19 장면을 강화하는 일반 연출,believable weight distribution,긍정,지시문 형태 원문,ONE ADULT WOMAN 명시,,,slot:body_pose:crossed_ankles_narrow_base;slot:skin_finish:bm_body_hair_distribution;slot:body_pose:relaxed_standing_weight_shift;slot:surface_material:ep_raised_maru_courtyard_threshold;slot:body_pose:casual_lean_against_wall,bm_body_hair_distribution;pv_profile_fingertip_touch;egr_profile_asymmetric_botanical_balance;bm_skin_relief_texture;wearable_protective_armor_system
K183,19 장면을 강화하는 일반 연출,realistic interaction,긍정,지시문 형태 원문,ONE ADULT WOMAN 명시,,,slot:skin_finish:oily_tzone_real;slot:skin_finish:realistic_skin_texture_no_retouch;slot:skin_finish:light_freckle_scatter;slot:skin_finish:natural_under_eye_fullness;slot:skin_finish:soft_peach_fuzz_detail,playful_flirtation_interaction;pc_pc18_owner_relation;ia_profile_debugging;affiliative_reassurance_smile;interacting_galaxies_tidal_structure
K184,19 장면을 강화하는 일반 연출,dramatic highlights and deep shadows,설명,이미지 연결 설명문; 입력 프롬프트 여부 미확인,설명문에 20s–30s; 고통·패배를 성적 감정으로 해석하지 않음,,,slot:color_grading:lit_rembrandt_deep_detailed_tone;slot:lighting:chiaroscuro_window_light;slot:lighting:instrument_structure_grazing_light;slot:color_grading:cr_advisory_three_way_grade;slot:color_grading:cr_candidate_split_toning,chiaroscuro_form_modeling_relation;cr_split_toning;hard_light_shadow_edge_relation;early_2000s_compact_digicam_social_repost;high_key_tonal_distribution
K185,19 장면을 강화하는 일반 연출,wet pavement reflecting light,설명,이미지 연결 설명문; 입력 프롬프트 여부 미확인,설명문에 20s–30s; 고통·패배를 성적 감정으로 해석하지 않음,,,slot:lighting:neon;slot:lighting:rb_hard_source_environment_candidate;slot:lighting:rb_shared_cast_shadow_candidate;slot:surface_material:clt_ct080_v2;slot:lighting:multi_material_same_source_response,wet_surface_light_reflection_owner_relation;ed_rain_threshold;rb_shared_cast_shadow;clothing_ct080_v2;water_rel_w050
K186,19 장면을 강화하는 일반 연출,yellow caution tape,설명,이미지 연결 설명문; 입력 프롬프트 여부 미확인,설명문에 20s–30s; 고통·패배를 성적 감정으로 해석하지 않음,,,slot:surface_material:dungeon_synth_world_surface_material;slot:lighting:pal_app_yellow_black_cyan_industrial;slot:surface_material:pal_app_black_antique_gold_ivory;slot:surface_material:anomalous_archive_world_surface_material;slot:surface_material:text_persistent_world_surface_material,uniform_red_coat_outer_leg_stripe;uniform_yellow_black_uniform_sections;appearance_rel_h120;pa_primary_rectangles_orthogonal;pa_painted_emissive_owners
K187,19 장면을 강화하는 일반 연출,은은한 필름 그레인,긍정,지시문 형태 원문,확보한 텍스트에 구체적인 성인 나이 명시 없음; 선정 표현은 원문 관찰로만 기록,,,slot:ambient_particle:luminous_pollen_glow;slot:color_grading:muted_film_low_contrast_grade;slot:grain_profile:expired_film_mottle;slot:grain_profile:pushed_800_grain;slot:color_grading:expired_film_shifted_grade,y2kr_disposable;acetate_channeling_shrinkage_relation;pe_coarse_film_grain_relation;pe_fine_midtonal_grain_relation;film_halation_highlight_edge_relation
K188,19 장면을 강화하는 일반 연출,차갑고 은은한 푸른 달빛과 따뜻한 촛불,긍정,지시문 형태 원문,확보한 텍스트에 구체적인 성인 나이 명시 없음; 선정 표현은 원문 관찰로만 기록,,,slot:lighting:lit_golden_low_sun_backlight;slot:color_grading:cr_candidate_cool_highlights;slot:color_grading:cr_candidate_warm_highlights;slot:color_grading:pe_warm_cast;slot:color_grading:pe_cool_shadow_warm_skin,hvr_profile_palette_moon_ink;egr_profile_cool_skin_warm_reflected_edge;y2kr_bronze_makeup;y2kr_boho_palette;cr_cool_foreground
K189,20 선정성을 배제하는 부정 지시,not seductive,부정,지시문 형태 원문; 전체 텍스트 확인,adult woman in her 20s 명시,,,,
K190,20 선정성을 배제하는 부정 지시,not overly revealing,부정,지시문 형태 원문; 전체 텍스트 확인,adult woman in her 20s 명시,,,,
K191,20 선정성을 배제하는 부정 지시,oversexualized pose,부정,지시문 형태 원문; 전체 텍스트 확인,adult woman in her 20s 명시,,,,
K192,20 선정성을 배제하는 부정 지시,nudity,부정,지시문 형태 원문; 전체 텍스트 확인,adult woman in her 20s 명시,,sheer_garment_optical_layering,,
K193,20 선정성을 배제하는 부정 지시,lingerie,부정,지시문 형태 원문; 전체 텍스트 확인,adult woman in her 20s 명시,,commercial_appeal_revealing_armor;underwear_as_outerwear_layer_system;soft_window_private_room_adult_portrait;soft_window_private_room_adult_portrait;hw_lingerie_daydress;hw_lingerie_daydress;hw_lingerie_daydress;hw_lingerie_daydress,,
K194,20 선정성을 배제하는 부정 지시,excessive cleavage,부정,지시문 형태 원문; 전체 텍스트 확인,adult woman in her 20s 명시,,,,
K195,20 선정성을 배제하는 부정 지시,fetish outfit,부정,지시문 형태 원문; 전체 텍스트 확인,adult woman in her 20s 명시,,,,
K196,20 선정성을 배제하는 부정 지시,rather than overtly seductive,부정,지시문 형태 원문; 전체 텍스트 확인,One adult East Asian woman 명시,,,,
K197,20 선정성을 배제하는 부정 지시,"no broad smile, pout, exaggerated sensuality",부정,지시문 형태 원문; 전체 텍스트 확인,One adult East Asian woman 명시,,,,
K198,20 선정성을 배제하는 부정 지시,No exaggerated hip thrust,부정,지시문 형태 원문; 전체 텍스트 확인,One adult East Asian woman 명시,,,,
K199,20 선정성을 배제하는 부정 지시,노골적인 표현 금지,부정,지시문 형태 원문,본문에 성인 여성 명시,,,,
K200,21 잔혹성·폭력을 배제하거나 제한하는 지시,no gore,부정,지시문 형태 원문; 전체 텍스트 확인,adult woman in her 20s 명시,,,,
K201,21 잔혹성·폭력을 배제하거나 제한하는 지시,no blood,부정,지시문 형태 원문; 전체 텍스트 확인,adult woman in her 20s 명시,,,,
K202,21 잔혹성·폭력을 배제하거나 제한하는 지시,body horror,부정,지시문 형태 원문; 전체 텍스트 확인,adult woman in her 20s 명시,,,,
K203,21 잔혹성·폭력을 배제하거나 제한하는 지시,graphic injury,부정,지시문 형태 원문; 전체 텍스트 확인,adult woman in her 20s 명시,,,,
K204,21 잔혹성·폭력을 배제하거나 제한하는 지시,not cruel smile,부정,지시문 형태 원문; 전체 텍스트 확인,adult woman in her 20s 명시,,,,
K205,21 잔혹성·폭력을 배제하거나 제한하는 지시,不要血腥,부정,지시문 형태 원문; 일부 중국어,확보한 텍스트에 성인 나이 명시 없음; 비성적 장비·모험과 부정 조건만 분석,,,,
K206,21 잔혹성·폭력을 배제하거나 제한하는 지시,不要殺戮場面,부정,지시문 형태 원문; 일부 중국어,확보한 텍스트에 성인 나이 명시 없음; 비성적 장비·모험과 부정 조건만 분석,,,,
K207,21 잔혹성·폭력을 배제하거나 제한하는 지시,broken wrists,부정,지시문 형태 원문; 전체 텍스트 확인,One adult East Asian woman 명시,,,,
K208,21 잔혹성·폭력을 배제하거나 제한하는 지시,dislocated shoulders,부정,지시문 형태 원문; 전체 텍스트 확인,One adult East Asian woman 명시,,,,
K209,22 비선정적 반례와 보존 조건,covers the body below the upper chest,긍정,지시문 형태 원문; 전체 텍스트 확인,One adult East Asian woman 명시,,,slot:garment_detail:opening_reformed_hanbok_length_closure_1;slot:garment_detail:pfe_lower_chest_candidate;slot:prop:y2kr_razr_phone;slot:garment_detail:pfe_lateral_chest_candidate;slot:prop:y2kr_razr_phone_tabletop,appearance_rel_h013;bm_breast_root_height;hvr_profile_flooded_depth_uncertainty;costume_ccx_cc03_02;pfe_lower_chest
K210,22 비선정적 반례와 보존 조건,almost entirely concealed,긍정,지시문 형태 원문; 전체 텍스트 확인,One adult East Asian woman 명시,,,slot:garment_detail:clt_ct052_v2;slot:expression:pv_smile_closed,orn_profile_gd01;clothing_ct052_v2;hvr_profile_suspense_information_gap;cv_profile_closed_smile;uncanny_coherence_mismatch
K211,22 비선정적 반례와 보존 조건,calm and comfortable,긍정,지시문 형태 원문; 전체 텍스트 확인,One adult East Asian woman 명시,,,slot:expression:dissociated_blank_calm;slot:expression:predatory_calm_lidded;slot:expression:calm_intense_gaze;slot:prop:canary_lantern_prop;slot:expression:eyes_closed_serene,subject_field_negative_space_relation;kuudere_composed_warmth_relation;pfe_face_garment;clothing_ct046_v1;water_rel_w096
K212,22 비선정적 반례와 보존 조건,face width-to-length ratio,긍정,지시문 형태 원문; 전체 텍스트 확인,One adult East Asian woman 명시,,,slot:subject_framing:pc_pc25_component_1;slot:subject_framing:face_hands_prop_visibility_budget;slot:expression:hr_mouth_eye_affect_split;slot:light_type:underlit_face_horror;slot:prop:phone_with_anime_face_screen,cjk_seed_face_relation;triangle_lower_body_dominant_relation;lateral_waist_hip_contour_transition;bottom_hourglass_silhouette_relation;top_hourglass_silhouette_relation
K213,22 비선정적 반례와 보존 조건,bandage memory motif,긍정,지시문 형태 원문; 전체 텍스트 확인,adult woman in her 20s 명시,,,slot:garment_detail:crisscross_linen_bandage_wrapping;slot:garment_detail:matte_white_bandage_weave;slot:garment_detail:frayed_trailing_bandage_edges;slot:prop:bandage_strip_unopened_prop;slot:garment_detail:y2kr_bandage,y2kr_bandage;orn_profile_gd16;orn_profile_gd17;orn_profile_gd23;orn_profile_gd34
K214,22 비선정적 반례와 보존 조건,red code particles,긍정,지시문 형태 원문; 전체 텍스트 확인,adult woman in her 20s 명시,,,slot:ambient_particle:egr_localized_suspended_particles;slot:ambient_particle:hr_haze_light_volume;slot:ambient_particle:flash_dust_particles;slot:ambient_particle:pollen_in_backlight;slot:ambient_particle:sea_spray_air,conspicuous_original_house_code_display;egr_profile_localized_suspended_particles;ia_profile_debugging;water_rel_w052;water_rel_w051
K215,22 비선정적 반례와 보존 조건,subtle crimson machine glow,긍정,지시문 형태 원문; 전체 텍스트 확인,adult woman in her 20s 명시,,,slot:light_type:bioluminescence;slot:light_type:status_led_glow;slot:prop:angel_halo_wings_set;slot:prop:curved_horn_set_prop;slot:prop:real_machine_gun,hvr_profile_palette_single_crimson;highlight_rolloff_tone_response;dormant_capacity_limiter_release;opening_disc_gramophone_listening;y2kr_fine_body_shimmer
K216,22 비선정적 반례와 보존 조건,FACE = LOCKED,긍정,지시문 형태 원문,ONE ADULT WOMAN 명시,,,slot:subject_framing:pc_pc25_component_1;slot:subject_framing:face_hands_prop_visibility_budget;slot:expression:hr_mouth_eye_affect_split;slot:light_type:underlit_face_horror;slot:prop:phone_with_anime_face_screen,hvr_profile_laboratory_observation_barrier;mep_visual_juxtaposition;locs_cord_structure;impossible_object_global_connection;egr_profile_dark_lateral_negative_space
K217,22 비선정적 반례와 보존 조건,ONE ADULT WOMAN,긍정,지시문 형태 원문,ONE ADULT WOMAN 명시,,,slot:expression:hr_kuchisake_mask_reveal;slot:expression:ctx_c052;slot:expression:ctx_c026;slot:expression:ae_coquettish_variant;slot:garment_detail:pfe_one_shoulder_candidate,hvr_profile_kuchisake_mask_reveal;hvr_profile_slasher_pursuit_corridor;hvr_profile_vampire_identity_variant;hvr_profile_psychosexual_competing_attention;hvr_profile_vampiric_seduction_dual_signal
