category,profiles,share_pct
observable_fashion_and_object_morphology,306,22.094
clothing_visible_relation,287,20.722
costume_cosplay_visible_relation,87,6.282
swimwear_selected_visible_relation,65,4.693
selected_color_region_relation,64,4.621
palace_fortification_visible_relation,34,2.455
photographic_environment_relation,32,2.31
portrait_garment_owner_relation,28,2.022
historical_womenswear_visible_relation,24,1.733
scoped_photographic_editing_effect,22,1.588
photographic_presentation_relation,21,1.516
opening_era_visible_form_relation,16,1.155
portrait_composition_owner_relation,16,1.155
photographic_scene_relation,12,0.866
facial_shape_relation,11,0.794
professional_role,10,0.722
adult_silhouette_relation,9,0.65
everyday_event_relation,7,0.505
photo_era_capture_process_material_object,6,0.433
context_bound_affect_display,5,0.361
culture_bounded_garment_system,5,0.361
adult_body_build_relation,4,0.289
fantasy_creature_topology,4,0.289
behavioral_archetype,3,0.217
classical_pose_geometry,3,0.217
adult_appeal_relational_display,3,0.217
eye_makeup_geometry,3,0.217
luxury_object_construction,3,0.217
photo_era_deterioration,3,0.217
institutional_garment,2,0.144
classical_composition_line,2,0.144
makeup_layer_balance,2,0.144
hair_cut_structure,2,0.144
luxury_visual_grammar,2,0.144
luxury_craft_process,2,0.144
photo_era_material_object_output_container,2,0.144
photo_era_capture_response,2,0.144
pose_geometry,1,0.072
composite_expression,1,0.072
support_mechanics,1,0.072
pose_salience,1,0.072
state_transition,1,0.072
affective_self_presentation,1,0.072
media_failure_aesthetic,1,0.072
world_invariant_failure,1,0.072
perceptual_coherence_mismatch,1,0.072
garment_construction,1,0.072
material_optics,1,0.072
wearable_protective_system,1,0.072
adult_fantasy_garment_mixin,1,0.072
facial_surface_landmark,1,0.072
upper_torso_surface_landmark,1,0.072
adult_garment_body_boundary,1,0.072
adult_body_contour_relation,1,0.072
adult_posterior_surface_landmark,1,0.072
body_composition_geometry,1,0.072
adult_regional_body_relation,1,0.072
adult_motion_display,1,0.072
adult_environmental_appeal_display,1,0.072
complexion_optics,1,0.072
lip_color_distribution,1,0.072
cheek_color_distribution,1,0.072
cosmetic_plane_sculpting,1,0.072
hair_braid_topology,1,0.072
hair_lock_topology,1,0.072
hair_arrangement_topology,1,0.072
hair_color_placement,1,0.072
hair_finish_state,1,0.072
supernatural_dead_relation,1,0.072
disembodied_dead_presence,1,0.072
culture_bounded_afterlife_role,1,0.072
mortality_personification,1,0.072
fictional_human_remains,1,0.072
biological_origin_relation,1,0.072
cellular_origin_composition,1,0.072
microscopic_living_biorobot,1,0.072
referent_synchronization_relation,1,0.072
living_synthetic_integration,1,0.072
luxury_service_interaction,1,0.072
garment_collar_closure_topology,1,0.072
garment_shoulder_sleeve_topology,1,0.072
garment_front_closure_topology,1,0.072
garment_one_piece_bifurcated_topology,1,0.072
garment_trouser_leg_topology,1,0.072
instrument_korean_bridge_zither,1,0.072
instrument_korean_fretted_zither,1,0.072
instrument_single_reed_keyed_wind,1,0.072
instrument_lip_reed_valved_brass,1,0.072
instrument_bowed_string_floor_supported,1,0.072
instrument_bowed_string_human_scale,1,0.072
instrument_keyboard_percussion_metal,1,0.072
instrument_keyboard_percussion_wood,1,0.072
instrument_electronic_noncontact_control,1,0.072
instrument_digital_control_interface,1,0.072
weapon_edged_thrusting_sword_morphology,1,0.072
weapon_polearm_composite_head_morphology,1,0.072
weapon_archery_compound_bow_morphology,1,0.072
weapon_archery_crossbow_morphology,1,0.072
weapon_firearm_revolver_external_morphology,1,0.072
weapon_crew_served_ground_mortar_morphology,1,0.072
wuxia_qinggong_rooftop_spatial_relation,1,0.072
wuxia_bamboo_duel_two_actor_spatial_relation,1,0.072
wuxia_jianghu_inn_multifaction_standoff_relation,1,0.072
wuxia_biwu_two_actor_precontact_relation,1,0.072
wuxia_xia_three_role_protective_event,1,0.072
wuxia_biaoju_escort_cargo_institution_relation,1,0.072
fantasy_threshold_relation,1,0.072
fantasy_summoning_causal_relation,1,0.072
fantasy_alchemy_process_relation,1,0.072
fantasy_construct_material_agency,1,0.072
fantasy_living_armor_agency,1,0.072
fantasy_rebirth_causal_relation,1,0.072
fantasy_familiar_relation,1,0.072
fantasy_bounded_magic_relation,1,0.072
activewear_back_strap_topology,1,0.072
activewear_bra_length_topology,1,0.072
activewear_bra_cup_topology,1,0.072
activewear_short_layer_topology,1,0.072
activewear_short_side_topology,1,0.072
activewear_skirt_short_layer_topology,1,0.072
activewear_dress_liner_topology,1,0.072
activewear_cycling_bib_topology,1,0.072
activewear_one_piece_leg_topology,1,0.072
activewear_leg_hem_foot_topology,1,0.072
natural_environment_forest_structure,1,0.072
natural_environment_wetland_hydrology,1,0.072
natural_environment_coastal_zonation,1,0.072
natural_environment_karst_drainage,1,0.072
natural_environment_glacial_landform,1,0.072
natural_environment_aeolian_landform,1,0.072
natural_environment_convective_cloud_structure,1,0.072
natural_environment_alpine_ecotone,1,0.072
oneiric_spatial_discontinuity,1,0.072
reversible_figure_ground_perception,1,0.072
globally_impossible_local_topology,1,0.072
between_use_transition_place,1,0.072
ordinary_reality_naturalized_impossibility,1,0.072
aligned_reflection_behavior_breach,1,0.072
face_like_pattern_in_nonface_substrate,1,0.072
single_subject_contiguous_transformation,1,0.072
apparatus_bound_spectral_projection_show,1,0.072
comparative_creation_earth_diver_causality,1,0.072
comparative_creation_cosmic_egg_transition,1,0.072
comparative_creation_world_parent_separation,1,0.072
comparative_cosmology_axis_mundi_relation,1,0.072
greek_myth_moirai_life_thread_roles,1,0.072
mythic_apotheosis_identity_continuity,1,0.072
mythic_katabasis_living_traveler_relation,1,0.072
ancient_egyptian_afterlife_heart_weighing,1,0.072
comparative_flood_myth_preservation_causality,1,0.072
comparative_combat_myth_cosmogonic_consequence,1,0.072
astronomy_small_body_active_comet_structure,1,0.072
astronomy_galaxy_barred_spiral_morphology,1,0.072
astronomy_galaxy_interaction_tidal_morphology,1,0.072
astronomy_gravitational_lensing_ring_geometry,1,0.072
astronomy_compact_object_measurement_reconstruction,1,0.072
astronomy_compact_object_scientific_visualization,1,0.072
astronomy_stellar_birth_disk_outflow_geometry,1,0.072
astronomy_stellar_death_expanding_remnant,1,0.072
space_weather_auroral_atmospheric_structure,1,0.072
solar_activity_prominence_limb_geometry,1,0.072
solar_activity_flare_active_region_emission,1,0.072
solar_space_weather_coronagraph_measurement,1,0.072
human_spaceflight_eva_task_geometry,1,0.072
human_spaceflight_microgravity_interior_evidence,1,0.072
spaceflight_docking_interface_capture_geometry,1,0.072
planetary_exploration_rover_instrument_operation,1,0.072
interpersonal_violence_threat_relation,1,0.072
interpersonal_physical_force_event,1,0.072
violent_property_transfer_event,1,0.072
abduction_forced_relocation_event,1,0.072
hostage_third_party_coercion_relation,1,0.072
fictional_fatal_interpersonal_causality,1,0.072
fictional_organized_criminal_group_operation,1,0.072
deliberate_fire_setting_event,1,0.072
unlawful_building_entry_crime_event,1,0.072
retaliation_prior_harm_consequence_relation,1,0.072
forensic_scene_preservation_documentation,1,0.072
bloodstain_pattern_observation_documentation,1,0.072
custodial_torture_authority_purpose_relation,1,0.072
declared_genocidal_group_destruction_campaign,1,0.072
declared_war_crime_protected_status_breach,1,0.072
execution_custody_controlled_killing_event,1,0.072
adult_nonconsensual_sexual_act_or_attempt,1,0.072
declared_minor_victim_specific_crime_relation,1,0.072
adult_trafficking_action_means_exploitation_chain,1,0.072
terrorism_civilian_harm_public_compulsion_relation,1,0.072
bounded_system_pretransition_critical_approach,1,0.072
resisting_barrier_contact_rupture_crossing,1,0.072
functional_restraint_disengagement_same_source_output,1,0.072
rated_system_excess_load_dependency_failure,1,0.072
single_specimen_new_phase_nucleation_interface_growth,1,0.072
one_way_threshold_lost_return_committed_state,1,0.072
identifiable_target_blocked_approach_relation,1,0.072
immediate_reward_long_term_goal_conflict_event,1,0.072
same_category_reacquisition_visible_nonuse_cycle,1,0.072
continued_input_beyond_visible_capacity_event,1,0.072
overt_claim_toward_currently_owned_object_relation,1,0.072
assigned_share_boundary_crossing_shortage_event,1,0.072
public_presentation_multiobserver_recognition_event,1,0.072
completed_current_next_goal_progress_event,1,0.072
valued_resource_control_claim_affected_access_event,1,0.072
site_evidence_teller_listener_transmission,1,0.072
fixed_rock_anomalous_trace_scale_site_evidence,1,0.072
extraordinary_agent_terrain_contact_deformation_result,1,0.072
fixed_cache_active_attempt_guardian_interruption_failed_transfer,1,0.072
underwater_multi_structure_foundation_plan_in_situ,1,0.072
same_vessel_physical_baseline_spectral_breach_service_residue,1,0.072
garment_trouser_length_topology,1,0.072
garment_trouser_volume_cuff_topology,1,0.072
garment_trouser_curved_leg_topology,1,0.072
garment_skirt_overlap_closure_topology,1,0.072
garment_attached_trim_material_topology,1,0.072
footwear_molded_translucent_material_topology,1,0.072
capture_relation_public_event_fan_side,1,0.072
capture_relation_camera_display_rephotograph,1,0.072
capture_relation_off_camera_companion,1,0.072
capture_relation_between_takes_production,1,0.072
capture_relation_physical_print_scan,1,0.072
capture_processing_compact_digicam_social_repost,1,0.072
capture_relation_contact_sheet_selection,1,0.072
historical_private_household_spatial_relation,1,0.072
historical_screened_courtyard_household_relation,1,0.072
constructed_art_historical_tableau,1,0.072
adult_multi_interest_relation_topology,1,0.072
adult_competing_suitor_event_topology,1,0.072
capture_geometry_wide_angle_near_field_perspective,1,0.072
capture_geometry_telephoto_distance_compression,1,0.072
capture_focus_shallow_depth_transition,1,0.072
capture_focus_extended_depth_composite,1,0.072
capture_focus_split_diopter_dual_plane,1,0.072
capture_motion_panning_subject_tracking,1,0.072
capture_motion_rear_curtain_flash_trace,1,0.072
capture_sensor_readout_rolling_shutter_skew,1,0.072
capture_lighting_rembrandt_face_pattern,1,0.072
capture_lighting_clamshell_dual_source,1,0.072
capture_lighting_negative_fill_relation,1,0.072
capture_optical_diffusion_highlight_halation,1,0.072
capture_color_mixed_illuminant_white_balance,1,0.072
capture_tone_highlight_rolloff_response,1,0.072
capture_lighting_hard_light_shadow_edge_relation,1,0.072
capture_lighting_soft_light_shadow_edge_relation,1,0.072
capture_lighting_loop_face_light_pattern,1,0.072
capture_lighting_butterfly_face_light_pattern,1,0.072
capture_lighting_split_face_light_pattern,1,0.072
capture_lighting_broad_face_light_orientation_relation,1,0.072
capture_lighting_short_face_light_orientation_relation,1,0.072
capture_lighting_key_fill_separation_background_roles,1,0.072
capture_lighting_backlit_rim_edge_separation_relation,1,0.072
capture_lighting_backlit_silhouette_mass_relation,1,0.072
capture_lighting_high_key_tonal_distribution,1,0.072
capture_lighting_low_key_selective_illumination,1,0.072
capture_lighting_chiaroscuro_form_modeling_relation,1,0.072
capture_lighting_tenebrist_dark_field_isolation,1,0.072
capture_lighting_direct_on_camera_flash_snapshot_signature,1,0.072
capture_lighting_motivated_practical_mixed_interior_relation,1,0.072
capture_lighting_volumetric_occluded_light_shafts,1,0.072
capture_lighting_golden_hour_low_sun_relation,1,0.072
capture_lighting_blue_hour_ambient_practical_balance,1,0.072
capture_lighting_lens_ghosting_flare_alignment,1,0.072
capture_lighting_veiling_flare_contrast_loss_relation,1,0.072
capture_lighting_film_halation_highlight_edge_relation,1,0.072
composition_third_grid_focal_anchor_relation,1,0.072
composition_centered_primary_anchor_relation,1,0.072
composition_axial_bilateral_symmetry_relation,1,0.072
composition_asymmetric_counterbalance_relation,1,0.072
composition_leading_line_target_continuity,1,0.072
composition_look_motion_room_direction_relation,1,0.072
composition_subject_field_negative_space_relation,1,0.072
composition_frame_within_frame_boundary_relation,1,0.072
composition_three_plane_depth_chain,1,0.072
composition_pattern_break_focal_exception,1,0.072
composition_primary_secondary_figure_ground_hierarchy,1,0.072
composition_peak_action_event_phase,1,0.072
social_capture_mirror_selfie_topology,1,0.072
social_capture_close_overhead_relation,1,0.072
social_portrait_intentional_face_occlusion,1,0.072
makeup_sheer_complexion_texture_preservation,1,0.072
makeup_under_eye_high_cheek_blush_distribution,1,0.072
makeup_cheekbone_temple_blush_drape,1,0.072
social_format_photobooth_four_cut_sequence,1,0.072
adult_editorial_controlled_reveal_relation,1,0.072
adult_figure_study_strategic_coverage,1,0.072
adult_fashion_underwear_outerwear_layer_system,1,0.072
adult_private_room_soft_window_portrait,1,0.072
place_activity_light_relation,1,0.072
architectural_visibility_relation,1,0.072
movement_space_relation,1,0.072
weather_light_surface_relation,1,0.072
elevated_view_relation,1,0.072
cultural_space_attention_relation,1,0.072
browse_interaction_relation,1,0.072
transit_state_relation,1,0.072
adaptive_reuse_relation,1,0.072
hanok_spatial_topology,1,0.072
contact_driven_environmental_layer,1,0.072
lighting_receiver_relation,1,0.072
multi_subject_object_relation,1,0.072
garment_material_optical_relation,1,0.072
photo_era_genre_practice_output_container,1,0.072
photo_era_genre_practice_composition,1,0.072
photo_era_capture_response_genre_practice_output_container,1,0.072
photo_era_capture_response_output_container,1,0.072
photo_era_capture_response_composition,1,0.072
poverty_access_food_access_resource_constraint,1,0.072
poverty_access_food_supply_allocation_relation,1,0.072
poverty_access_basic_needs_choice_constraint,1,0.072
poverty_access_energy_service_affordability_relation,1,0.072
poverty_access_housing_habitability_defect_relation,1,0.072
poverty_access_paid_work_household_resource_gap,1,0.072
poverty_access_transport_cost_access_event,1,0.072
poverty_access_essential_item_use_extension_relation,1,0.072
poverty_access_relative_access_participation_relation,1,0.072
