id,category,original_phrase,polarity,source_id,basis,old_cards,followup_cards,review_note
K001,01 직접적인 분위기 지시,섹시한,긍정,S09,문맥 결합,VEL-001,VD-026,분해의 원래 출처·극성·연령·범위를 유지한다. 구체화의 각 세부는 runtime 채택 전에 invariant·사례값·선택 예시로 나눈다.
K002,01 직접적인 분위기 지시,관능적이고 위태로운,긍정,S09,문맥 결합,VEL-001,VD-026,분해의 원래 출처·극성·연령·범위를 유지한다. 구체화의 각 세부는 runtime 채택 전에 invariant·사례값·선택 예시로 나눈다.
K003,01 직접적인 분위기 지시,청순함과 매혹적인 분위기가 함께,긍정,S02,문맥 결합,VEL-001,VD-025;VD-026;VD-027,메이크업 색이 반드시 실제 얼굴 그림자를 줄인다고 단정하지 않는다. 색·음영·빛은 별도 속성이다.
K004,01 직접적인 분위기 지시,slightly sultry,설명,S06,해석 예시,VEL-001,VD-026,오래 머무는 시선은 정지 이미지로 지속 시간 확인이 불가하다. 선택된 정서 예시는 보편 형상이 아니다.
K005,02 몸에 맞는 실루엣,몸의 라인을 따라 슬림하게 밀착되는,긍정,S01,직접 분해,VEL-002,,관절 주변에만 주름이 있다는 배타 조건은 기본 핏의 보편 뜻이 아니다. 재단·자세·소재별 변형으로 둔다.
K006,02 몸에 맞는 실루엣,민소매 롱 차이나 드레스,긍정,S01,직접 분해,VEL-003,,분해의 원래 출처·극성·연령·범위를 유지한다. 구체화의 각 세부는 runtime 채택 전에 invariant·사례값·선택 예시로 나눈다.
K007,02 몸에 맞는 실루엣,한쪽 허벅지까지 자연스럽게 이어지는 슬릿,긍정,S01,직접 분해,VEL-003,VD-028,분해의 원래 출처·극성·연령·범위를 유지한다. 구체화의 각 세부는 runtime 채택 전에 invariant·사례값·선택 예시로 나눈다.
K008,02 몸에 맞는 실루엣,허리선이 강조된 핏되는 재킷,긍정,S02,문맥 결합,VEL-002,VD-001;VD-002,핀스트라이프와 안쪽 의복 층은 S02 사례값이다. 일반 fitted jacket에 자동 주입하지 않는다.
K009,02 몸에 맞는 실루엣,몸에 밀착되는 흰색 U넥 골지 탑,긍정,S02,직접 분해,VEL-002,VD-001;VD-002,골 간격 변화는 특정 편직/장력의 조건부 실현이다. 평면 줄무늬와 구별하되 모든 골지의 동일 변형을 강제하지 않는다.
K010,02 몸에 맞는 실루엣,코르셋형 패션 베스트,긍정,S02,문맥 결합,VEL-004,VD-001,닫힌 허리 앞판과 탑/넥타이가 보이는 상흉부 중앙을 서로 다른 영역으로 기록한다.
K011,02 몸에 맞는 실루엣,볼륨,긍정,S02,문맥 결합,VEL-005,VD-001,분해의 원래 출처·극성·연령·범위를 유지한다. 구체화의 각 세부는 runtime 채택 전에 invariant·사례값·선택 예시로 나눈다.
K012,02 몸에 맞는 실루엣,일체형 패드 장착,긍정,S02,문맥 결합,VEL-005,VD-001,분해의 원래 출처·극성·연령·범위를 유지한다. 구체화의 각 세부는 runtime 채택 전에 invariant·사례값·선택 예시로 나눈다.
K013,02 몸에 맞는 실루엣,fitted dress,설명,S04,직접 분해,VEL-002,,분해의 원래 출처·극성·연령·범위를 유지한다. 구체화의 각 세부는 runtime 채택 전에 invariant·사례값·선택 예시로 나눈다.
K014,02 몸에 맞는 실루엣,cinched waist,설명,S04,직접 분해,VEL-002,,분해의 원래 출처·극성·연령·범위를 유지한다. 구체화의 각 세부는 runtime 채택 전에 invariant·사례값·선택 예시로 나눈다.
K015,02 몸에 맞는 실루엣,corset-like seams,설명,S04,직접 분해,VEL-004,VD-001;VD-002,분해의 원래 출처·극성·연령·범위를 유지한다. 구체화의 각 세부는 runtime 채택 전에 invariant·사례값·선택 예시로 나눈다.
K016,03 재질과 촉각성,glossy black latex,설명,S04,직접 분해,VEL-006,VD-005,분해의 원래 출처·극성·연령·범위를 유지한다. 구체화의 각 세부는 runtime 채택 전에 invariant·사례값·선택 예시로 나눈다.
K017,03 재질과 촉각성,leather-like,설명,S04,직접 분해,VEL-007,VD-005,leather-like에 뚜렷한 결·두꺼운 가장자리를 모두 필수화하지 않는다. 코팅/평활 가죽 외관도 있다.
K018,03 재질과 촉각성,tight and reflective,설명,S04,직접 분해,VEL-006,VD-005,분해의 원래 출처·극성·연령·범위를 유지한다. 구체화의 각 세부는 runtime 채택 전에 invariant·사례값·선택 예시로 나눈다.
K019,03 재질과 촉각성,highlights and sheen,설명,S04,직접 분해,VEL-006,VD-005;VD-023,분해의 원래 출처·극성·연령·범위를 유지한다. 구체화의 각 세부는 runtime 채택 전에 invariant·사례값·선택 예시로 나눈다.
K020,03 재질과 촉각성,shiny folds,설명,S04,직접 분해,VEL-006,VD-005,모든 주름 능선이 항상 밝고 골이 항상 어두운 것은 아니다. 광원·뷰·표면 법선에 조건화한다.
K021,03 재질과 촉각성,블랙 가죽은 은은한 무광 질감,긍정,S03,직접 분해,VEL-007,VD-005,분해의 원래 출처·극성·연령·범위를 유지한다. 구체화의 각 세부는 runtime 채택 전에 invariant·사례값·선택 예시로 나눈다.
K022,03 재질과 촉각성,오래된 은빛과 흑철의 질감,긍정,S03,직접 분해,VEL-007,VD-005,"옛 금속 표현을 심한 녹이나 부서짐, 실제 금속 화학 판정으로 확대하지 않는다."
K023,03 재질과 촉각성,검은 가죽과 금속 세공,긍정,S03,직접 분해,VEL-007,VD-005,분해의 원래 출처·극성·연령·범위를 유지한다. 구체화의 각 세부는 runtime 채택 전에 invariant·사례값·선택 예시로 나눈다.
K024,03 재질과 촉각성,satin/ silk,설명,S06,직접 분해,VEL-008,VD-005,분해의 원래 출처·극성·연령·범위를 유지한다. 구체화의 각 세부는 runtime 채택 전에 invariant·사례값·선택 예시로 나눈다.
K025,03 재질과 촉각성,lace trim,설명,S06,직접 분해,VEL-009,VD-004,꽃·망상 도안과 scallop은 선택된 레이스 변형이다. 구멍 아래 바탕층의 별도 가림을 보존한다.
K026,03 재질과 촉각성,smooth satin texture,설명,S06,직접 분해,VEL-008,VD-005,분해의 원래 출처·극성·연령·범위를 유지한다. 구체화의 각 세부는 runtime 채택 전에 invariant·사례값·선택 예시로 나눈다.
K027,04 목선과 의복 개방성,square neckline showing cleavage,설명,S04,직접 분해,VEL-010,VD-004;VD-028,분해의 원래 출처·극성·연령·범위를 유지한다. 구체화의 각 세부는 runtime 채택 전에 invariant·사례값·선택 예시로 나눈다.
K028,04 목선과 의복 개방성,low neckline,설명,S05,직접 분해,VEL-010,VD-004,분해의 원래 출처·극성·연령·범위를 유지한다. 구체화의 각 세부는 runtime 채택 전에 invariant·사례값·선택 예시로 나눈다.
K029,04 목선과 의복 개방성,thin-strapped sundress,설명,S05,직접 분해,VEL-011,VD-003,분해의 원래 출처·극성·연령·범위를 유지한다. 구체화의 각 세부는 runtime 채택 전에 invariant·사례값·선택 예시로 나눈다.
K030,04 목선과 의복 개방성,one shoulder strap fallen/sliding off,설명,S05,직접 분해,VEL-012,VD-003,분해의 원래 출처·극성·연령·범위를 유지한다. 구체화의 각 세부는 runtime 채택 전에 invariant·사례값·선택 예시로 나눈다.
K031,04 목선과 의복 개방성,revealing cleavage,설명,S05,직접 분해,VEL-010,VD-004;VD-028,분해의 원래 출처·극성·연령·범위를 유지한다. 구체화의 각 세부는 runtime 채택 전에 invariant·사례값·선택 예시로 나눈다.
K032,04 목선과 의복 개방성,slip/lingerie-style camisole dress,설명,S06,직접 분해,VEL-013,VD-004,분해의 원래 출처·극성·연령·범위를 유지한다. 구체화의 각 세부는 runtime 채택 전에 invariant·사례값·선택 예시로 나눈다.
K033,04 목선과 의복 개방성,thin spaghetti straps,설명,S06,직접 분해,VEL-011,VD-003,분해의 원래 출처·극성·연령·범위를 유지한다. 구체화의 각 세부는 runtime 채택 전에 invariant·사례값·선택 예시로 나눈다.
K034,04 목선과 의복 개방성,neckline,설명,S06,직접 분해,VEL-010,VD-004,분해의 원래 출처·극성·연령·범위를 유지한다. 구체화의 각 세부는 runtime 채택 전에 invariant·사례값·선택 예시로 나눈다.
K035,05 젖음과 원단의 변화,wet and semi-translucent,설명,S05,직접 분해,VEL-014,VD-004;VD-005,젖음에 따른 어두워짐·무거운 드레이프·겹쳐 덜 비침은 조건부 실현이며 젖음에서 자동 투명도를 추론하지 않는다.
K036,05 젖음과 원단의 변화,clinging to her body,설명,S05,직접 분해,VEL-015,VD-005,분해의 원래 출처·극성·연령·범위를 유지한다. 구체화의 각 세부는 runtime 채택 전에 invariant·사례값·선택 예시로 나눈다.
K037,05 젖음과 원단의 변화,soaked and slightly see-through,설명,S05,직접 분해,VEL-014,VD-004;VD-005,겹쳐 덜 비치는 정도는 실제 소재/빛 경로에 의존한다. 약한 가시 투과라는 원래 정도는 유지한다.
K038,05 젖음과 원단의 변화,water droplets,설명,S05,직접 분해,VEL-014,VD-005,분해의 원래 출처·극성·연령·범위를 유지한다. 구체화의 각 세부는 runtime 채택 전에 invariant·사례값·선택 예시로 나눈다.
K039,05 젖음과 원단의 변화,wet hair strands,설명,S05,직접 분해,VEL-016,VD-005,분해의 원래 출처·극성·연령·범위를 유지한다. 구체화의 각 세부는 runtime 채택 전에 invariant·사례값·선택 예시로 나눈다.
K040,05 젖음과 원단의 변화,sparkling highlights on wet skin,설명,S05,직접 분해,VEL-017,VD-005;VD-023,하이라이트는 광원 방향만 아니라 관찰 방향과 국소 표면에도 의존한다. 피부 전체를 같은 반사로 만들지 않는다.
K041,05 젖음과 원단의 변화,just-out-of-shower look,설명,S06,문맥 결합,VEL-018,VD-006,분해의 원래 출처·극성·연령·범위를 유지한다. 구체화의 각 세부는 runtime 채택 전에 invariant·사례값·선택 예시로 나눈다.
K042,05 젖음과 원단의 변화,wet or clingy and shiny,설명,S06,직접 분해,VEL-014,VD-005;VD-028,wet OR clingy라는 선택 구조와 shiny의 수식 범위를 원문 그대로 해석한다. 논리 범위가 미확정이면 전부 필수로 만들지 않는다.
K043,05 젖음과 원단의 변화,condensation and droplets,설명,S06,직접 분해,VEL-018,VD-006,결로를 무조건 흰 연속 물막으로 모델링하지 않는다. 표면 방울/산란 흐림과 카메라 디포커스를 분리한다.
K044,06 패션 액세서리와 역할 단서,long black glossy gloves,설명,S04,직접 분해,VEL-019,,분해의 원래 출처·극성·연령·범위를 유지한다. 구체화의 각 세부는 runtime 채택 전에 invariant·사례값·선택 예시로 나눈다.
K045,06 패션 액세서리와 역할 단서,above the elbows,설명,S04,직접 분해,VEL-019,,분해의 원래 출처·극성·연령·범위를 유지한다. 구체화의 각 세부는 runtime 채택 전에 invariant·사례값·선택 예시로 나눈다.
K046,06 패션 액세서리와 역할 단서,black choker collar,설명,S04,직접 분해,VEL-020,VD-007,분해의 원래 출처·극성·연령·범위를 유지한다. 구체화의 각 세부는 runtime 채택 전에 invariant·사례값·선택 예시로 나눈다.
K047,06 패션 액세서리와 역할 단서,large silver/O-ring metal ring,설명,S04,직접 분해,VEL-020,VD-007,분해의 원래 출처·극성·연령·범위를 유지한다. 구체화의 각 세부는 runtime 채택 전에 invariant·사례값·선택 예시로 나눈다.
K048,06 패션 액세서리와 역할 단서,초커 또는 넥 아머,긍정,S03,문맥 결합,VEL-020,VD-008;VD-028,초커 OR 넥 아머를 둘 다 필수로 만들지 않는다. 보석 색과 엘프 문양은 S03 사례값이다.
K049,06 패션 액세서리와 역할 단서,얇은 가죽 스트랩,긍정,S03,직접 분해,VEL-021,VD-009,분해의 원래 출처·극성·연령·범위를 유지한다. 구체화의 각 세부는 runtime 채택 전에 invariant·사례값·선택 예시로 나눈다.
K050,06 패션 액세서리와 역할 단서,느슨하게 떨어지는 체인,긍정,S03,직접 분해,VEL-021,VD-009,분해의 원래 출처·극성·연령·범위를 유지한다. 구체화의 각 세부는 runtime 채택 전에 invariant·사례값·선택 예시로 나눈다.
K051,06 패션 액세서리와 역할 단서,부분적인 보호 장식,긍정,S03,문맥 결합,VEL-022,VD-008,분해의 원래 출처·극성·연령·범위를 유지한다. 구체화의 각 세부는 runtime 채택 전에 invariant·사례값·선택 예시로 나눈다.
K052,06 패션 액세서리와 역할 단서,가죽 넥타이를 느슨하게,긍정,S02,문맥 결합,VEL-023,VD-001,분해의 원래 출처·극성·연령·범위를 유지한다. 구체화의 각 세부는 runtime 채택 전에 invariant·사례값·선택 예시로 나눈다.
K053,06 패션 액세서리와 역할 단서,작은 메탈 버클,긍정,S02,문맥 결합,VEL-021,VD-001;VD-009,분해의 원래 출처·극성·연령·범위를 유지한다. 구체화의 각 세부는 runtime 채택 전에 invariant·사례값·선택 예시로 나눈다.
K054,07 친밀감·사적 공간·자세,고풍스러운 침대 위에 편안하게 누워 있다,긍정,S03,문맥 결합,VEL-024,VD-010,분해의 원래 출처·극성·연령·범위를 유지한다. 구체화의 각 세부는 runtime 채택 전에 invariant·사례값·선택 예시로 나눈다.
K055,07 친밀감·사적 공간·자세,한쪽 팔은 머리 또는 목 근처에 편안하게,긍정,S03,문맥 결합,VEL-024,VD-010;VD-025,분해의 원래 출처·극성·연령·범위를 유지한다. 구체화의 각 세부는 runtime 채택 전에 invariant·사례값·선택 예시로 나눈다.
K056,07 친밀감·사적 공간·자세,잠들기 전 우연히 카메라와 시선이 마주친 순간,긍정,S03,문맥 결합,VEL-028,VD-010;VD-012,분해의 원래 출처·극성·연령·범위를 유지한다. 구체화의 각 세부는 runtime 채택 전에 invariant·사례값·선택 예시로 나눈다.
K057,07 친밀감·사적 공간·자세,침구에는 인물의 체중 때문에 생긴 자연스러운 눌림,긍정,S03,직접 분해,VEL-024,VD-010,분해의 원래 출처·극성·연령·범위를 유지한다. 구체화의 각 세부는 runtime 채택 전에 invariant·사례값·선택 예시로 나눈다.
K058,07 친밀감·사적 공간·자세,"dim, luxurious bathroom or hotel-like setting",설명,S06,문맥 결합,VEL-025,,분해의 원래 출처·극성·연령·범위를 유지한다. 구체화의 각 세부는 runtime 채택 전에 invariant·사례값·선택 예시로 나눈다.
K059,07 친밀감·사적 공간·자세,leaning toward/near the sink and mirror,설명,S06,직접 분해,VEL-025,VD-006;VD-012,분해의 원래 출처·극성·연령·범위를 유지한다. 구체화의 각 세부는 runtime 채택 전에 invariant·사례값·선택 예시로 나눈다.
K060,07 친밀감·사적 공간·자세,one hand is raised to/through her wet hair,설명,S06,직접 분해,VEL-026,VD-012,분해의 원래 출처·극성·연령·범위를 유지한다. 구체화의 각 세부는 runtime 채택 전에 invariant·사례값·선택 예시로 나눈다.
K061,07 친밀감·사적 공간·자세,looking at her reflection,설명,S06,직접 분해,VEL-025,VD-006;VD-012,분해의 원래 출처·극성·연령·범위를 유지한다. 구체화의 각 세부는 runtime 채택 전에 invariant·사례값·선택 예시로 나눈다.
K062,07 친밀감·사적 공간·자세,kneeling in prayer-like pose,설명,S04,문맥 결합,VEL-027,VD-026,붉은 쿠션·제단·촛불·아래 시선은 S04의 선택된 기도 장면이다. 일반 kneeling의 필수 요소가 아니다.
K063,07 친밀감·사적 공간·자세,hands held open and cupped/palm-up,설명,S04,직접 분해,VEL-027,,분해의 원래 출처·극성·연령·범위를 유지한다. 구체화의 각 세부는 runtime 채택 전에 invariant·사례값·선택 예시로 나눈다.
K064,07 친밀감·사적 공간·자세,devotional or offering gesture,설명,S04,문맥 결합,VEL-027,VD-026,분해의 원래 출처·극성·연령·범위를 유지한다. 구체화의 각 세부는 runtime 채택 전에 invariant·사례값·선택 예시로 나눈다.
K065,08 시선·얼굴 표정,조용하고 몽환적이며 자신감 있는 시선,긍정,S03,해석 예시,VEL-028,VD-010;VD-012;VD-026,분해의 원래 출처·극성·연령·범위를 유지한다. 구체화의 각 세부는 runtime 채택 전에 invariant·사례값·선택 예시로 나눈다.
K066,08 시선·얼굴 표정,"direct, slightly melancholic or dreamy stare",설명,S06,해석 예시,VEL-028,VD-012;VD-026;VD-028,분해의 원래 출처·극성·연령·범위를 유지한다. 구체화의 각 세부는 runtime 채택 전에 invariant·사례값·선택 예시로 나눈다.
K067,08 시선·얼굴 표정,calm,설명,S06,해석 예시,VEL-028,VD-012;VD-026,분해의 원래 출처·극성·연령·범위를 유지한다. 구체화의 각 세부는 runtime 채택 전에 invariant·사례값·선택 예시로 나눈다.
K068,08 시선·얼굴 표정,pensive,설명,S06,해석 예시,VEL-028,VD-012;VD-026,분해의 원래 출처·극성·연령·범위를 유지한다. 구체화의 각 세부는 runtime 채택 전에 invariant·사례값·선택 예시로 나눈다.
K069,08 시선·얼굴 표정,Direct eye contact into the lens,긍정,S07,직접 분해,VEL-028,VD-011;VD-012;VD-024;VD-025,머리 방향과 안구 목표는 독립 축이다. 자연스러운 시선을 이유로 모든 직접 응시의 머리를 정면으로 고정하지 않는다.
K070,08 시선·얼굴 표정,Relaxed eyelids,긍정,S07,직접 분해,VEL-028,VD-011,분해의 원래 출처·극성·연령·범위를 유지한다. 구체화의 각 세부는 runtime 채택 전에 invariant·사례값·선택 예시로 나눈다.
K071,08 시선·얼굴 표정,lips naturally parted by approximately 1–2 mm,긍정,S07,문맥 결합,VEL-029,VD-011;VD-024,1–2 mm와 치아 비노출은 S07 요청값으로 유지한다. 스케일 없는 이미지에서 mm 실측을 PASS로 기록하지 않는다.
K072,08 시선·얼굴 표정,Quiet confident expression,긍정,S07,해석 예시,VEL-028,VD-011;VD-012;VD-025;VD-026,분해의 원래 출처·극성·연령·범위를 유지한다. 구체화의 각 세부는 runtime 채택 전에 invariant·사례값·선택 예시로 나눈다.
K073,09 거리와 시점,close-up and slightly from above,설명,S05,직접 분해,VEL-030,VD-013,분해의 원래 출처·극성·연령·범위를 유지한다. 구체화의 각 세부는 runtime 채택 전에 invariant·사례값·선택 예시로 나눈다.
K074,09 거리와 시점,leaning toward the lens,설명,S05,직접 분해,VEL-030,VD-013,분해의 원래 출처·극성·연령·범위를 유지한다. 구체화의 각 세부는 runtime 채택 전에 invariant·사례값·선택 예시로 나눈다.
K075,09 거리와 시점,the camera is close and intimate,설명,S05,직접 분해,VEL-030,VD-013,분해의 원래 출처·극성·연령·범위를 유지한다. 구체화의 각 세부는 runtime 채택 전에 invariant·사례값·선택 예시로 나눈다.
K076,09 거리와 시점,shallow depth of field,설명,S05,직접 분해,VEL-031,VD-013,분해의 원래 출처·극성·연령·범위를 유지한다. 구체화의 각 세부는 runtime 채택 전에 invariant·사례값·선택 예시로 나눈다.
K077,09 거리와 시점,mirror perspective,설명,S06,직접 분해,VEL-030,VD-006;VD-012,거울상/실체/테두리의 공동 프레임은 선택된 구성이다. 모든 거울 초상에 실체 노출을 강제하지 않는다.
K078,09 거리와 시점,"close, intimate portrait",설명,S06,직접 분해,VEL-030,VD-013,분해의 원래 출처·극성·연령·범위를 유지한다. 구체화의 각 세부는 runtime 채택 전에 invariant·사례값·선택 예시로 나눈다.
K079,09 거리와 시점,the woman’s face is the main sharp focus,설명,S06,직접 분해,VEL-031,VD-006;VD-013,반사된 얼굴의 가상 초점 거리와 거울 전면 거리는 별도다. 전경 반사상 전부가 항상 흐려진다는 규칙을 만들지 않는다.
K080,09 거리와 시점,first-person eye position,긍정,S15,직접 분해,VEL-030,VD-013;VD-016,분해의 원래 출처·극성·연령·범위를 유지한다. 구체화의 각 세부는 runtime 채택 전에 invariant·사례값·선택 예시로 나눈다.
K081,09 거리와 시점,low height beside the stone floor,긍정,S15,직접 분해,VEL-030,VD-013;VD-016,분해의 원래 출처·극성·연령·범위를 유지한다. 구체화의 각 세부는 runtime 채택 전에 invariant·사례값·선택 예시로 나눈다.
K082,09 거리와 시점,points upward toward her face,긍정,S15,직접 분해,VEL-030,VD-013;VD-016,분해의 원래 출처·극성·연령·범위를 유지한다. 구체화의 각 세부는 runtime 채택 전에 invariant·사례값·선택 예시로 나눈다.
K083,10 무기·장비·전투 역할,FEMALE GUNSLINGER,긍정,S08,해석 예시,VEL-032,VD-015;VD-026,분해의 원래 출처·극성·연령·범위를 유지한다. 구체화의 각 세부는 runtime 채택 전에 invariant·사례값·선택 예시로 나눈다.
K084,10 무기·장비·전투 역할,Single pistol,긍정,S08,직접 분해,VEL-032,VD-015,분해의 원래 출처·극성·연령·범위를 유지한다. 구체화의 각 세부는 runtime 채택 전에 invariant·사례값·선택 예시로 나눈다.
K085,10 무기·장비·전투 역할,dual pistols,긍정,S08,직접 분해,VEL-032,VD-015,분해의 원래 출처·극성·연령·범위를 유지한다. 구체화의 각 세부는 runtime 채택 전에 invariant·사례값·선택 예시로 나눈다.
K086,10 무기·장비·전투 역할,multiple firearms,긍정,S08,직접 분해,VEL-032,VD-015,분해의 원래 출처·극성·연령·범위를 유지한다. 구체화의 각 세부는 runtime 채택 전에 invariant·사례값·선택 예시로 나눈다.
K087,10 무기·장비·전투 역할,holstered weapons,긍정,S08,직접 분해,VEL-032;VEL-033,VD-015;VD-019,분해의 원래 출처·극성·연령·범위를 유지한다. 구체화의 각 세부는 runtime 채택 전에 invariant·사례값·선택 예시로 나눈다.
K088,10 무기·장비·전투 역할,oversized cinematic firearms,긍정,S08,직접 분해,VEL-032,VD-015,분해의 원래 출처·극성·연령·범위를 유지한다. 구체화의 각 세부는 runtime 채택 전에 invariant·사례값·선택 예시로 나눈다.
K089,10 무기·장비·전투 역할,mechanical weapons,긍정,S08,직접 분해,VEL-032;VEL-037,VD-015,분해의 원래 출처·극성·연령·범위를 유지한다. 구체화의 각 세부는 runtime 채택 전에 invariant·사례값·선택 예시로 나눈다.
K090,10 무기·장비·전투 역할,tactical materials,긍정,S08,해석 예시,VEL-032,VD-015;VD-026,분해의 원래 출처·극성·연령·범위를 유지한다. 구체화의 각 세부는 runtime 채택 전에 invariant·사례값·선택 예시로 나눈다.
K091,10 무기·장비·전투 역할,futuristic heavy machine gun,긍정,S16,문맥 결합,VEL-032;VEL-037,VD-015,분해의 원래 출처·극성·연령·범위를 유지한다. 구체화의 각 세부는 runtime 채택 전에 invariant·사례값·선택 예시로 나눈다.
K092,10 무기·장비·전투 역할,mechanical back armament,긍정,S16,문맥 결합,VEL-032;VEL-037,VD-015,분해의 원래 출처·극성·연령·범위를 유지한다. 구체화의 각 세부는 runtime 채택 전에 invariant·사례값·선택 예시로 나눈다.
K093,10 무기·장비·전투 역할,black tactical boots,긍정,S16,직접 분해,VEL-032,VD-015,분해의 원래 출처·극성·연령·범위를 유지한다. 구체화의 각 세부는 runtime 채택 전에 invariant·사례값·선택 예시로 나눈다.
K094,10 무기·장비·전투 역할,sleek sci-fi armored silhouette,긍정,S16,문맥 결합,VEL-032,VD-015,분해의 원래 출처·극성·연령·범위를 유지한다. 구체화의 각 세부는 runtime 채택 전에 invariant·사례값·선택 예시로 나눈다.
K095,11 동작으로 명확해지는 전투,drawing,긍정,S08,직접 분해,VEL-034,VD-019,분해의 원래 출처·극성·연령·범위를 유지한다. 구체화의 각 세부는 runtime 채택 전에 invariant·사례값·선택 예시로 나눈다.
K096,11 동작으로 명확해지는 전투,aiming,긍정,S08,직접 분해,VEL-035,VD-019,분해의 원래 출처·극성·연령·범위를 유지한다. 구체화의 각 세부는 runtime 채택 전에 invariant·사례값·선택 예시로 나눈다.
K097,11 동작으로 명확해지는 전투,reloading,긍정,S08,직접 분해,VEL-036,VD-019,분해의 원래 출처·극성·연령·범위를 유지한다. 구체화의 각 세부는 runtime 채택 전에 invariant·사례값·선택 예시로 나눈다.
K098,11 동작으로 명확해지는 전투,dual-wielding,긍정,S08,직접 분해,VEL-034,VD-019,분해의 원래 출처·극성·연령·범위를 유지한다. 구체화의 각 세부는 runtime 채택 전에 invariant·사례값·선택 예시로 나눈다.
K099,11 동작으로 명확해지는 전투,holding weapons naturally,긍정,S08,직접 분해,VEL-034,VD-019,분해의 원래 출처·극성·연령·범위를 유지한다. 구체화의 각 세부는 runtime 채택 전에 invariant·사례값·선택 예시로 나눈다.
K100,11 동작으로 명확해지는 전투,preparing for action,긍정,S08,해석 예시,VEL-035,VD-019;VD-026,분해의 원래 출처·극성·연령·범위를 유지한다. 구체화의 각 세부는 runtime 채택 전에 invariant·사례값·선택 예시로 나눈다.
K101,11 동작으로 명확해지는 전투,composed combat stance,긍정,S08,해석 예시,VEL-035,VD-019;VD-026,분해의 원래 출처·극성·연령·범위를 유지한다. 구체화의 각 세부는 runtime 채택 전에 invariant·사례값·선택 예시로 나눈다.
K102,11 동작으로 명확해지는 전투,일본도를 칼집에서 천천히 뽑는 순간,긍정,S19,직접 분해,VEL-034,VD-019,분해의 원래 출처·극성·연령·범위를 유지한다. 구체화의 각 세부는 runtime 채택 전에 invariant·사례값·선택 예시로 나눈다.
K103,11 동작으로 명확해지는 전투,전투 준비 자세,긍정,S19,해석 예시,VEL-035,VD-019;VD-026,분해의 원래 출처·극성·연령·범위를 유지한다. 구체화의 각 세부는 runtime 채택 전에 invariant·사례값·선택 예시로 나눈다.
K104,12 마법 결투와 충돌,casting a spell,설명,S10,문맥 결합,VEL-038,VD-014,분해의 원래 출처·극성·연령·범위를 유지한다. 구체화의 각 세부는 runtime 채택 전에 invariant·사례값·선택 예시로 나눈다.
K105,12 마법 결투와 충돌,blocking,설명,S10,문맥 결합,VEL-038,VD-014,분해의 원래 출처·극성·연령·범위를 유지한다. 구체화의 각 세부는 runtime 채택 전에 invariant·사례값·선택 예시로 나눈다.
K106,12 마법 결투와 충돌,defensive stance,설명,S10,해석 예시,VEL-038,VD-014;VD-026,분해의 원래 출처·극성·연령·범위를 유지한다. 구체화의 각 세부는 runtime 채택 전에 invariant·사례값·선택 예시로 나눈다.
K107,12 마법 결투와 충돌,outstretched arm,설명,S10,직접 분해,VEL-038,VD-014,분해의 원래 출처·극성·연령·범위를 유지한다. 구체화의 각 세부는 runtime 채택 전에 invariant·사례값·선택 예시로 나눈다.
K108,12 마법 결투와 충돌,magical barrier,설명,S10,직접 분해,VEL-038,VD-014,분해의 원래 출처·극성·연령·범위를 유지한다. 구체화의 각 세부는 runtime 채택 전에 invariant·사례값·선택 예시로 나눈다.
K109,12 마법 결투와 충돌,spell impact zone,설명,S10,직접 분해,VEL-038;VEL-039,VD-014,분해의 원래 출처·극성·연령·범위를 유지한다. 구체화의 각 세부는 runtime 채택 전에 invariant·사례값·선택 예시로 나눈다.
K110,12 마법 결투와 충돌,white-gold sparks,설명,S10,직접 분해,VEL-039,VD-014,입자마다 물리 크기가 달라질 수 있다. 크기 차이를 깊이의 계측 증거로 단정하지 않는다.
K111,12 마법 결투와 충돌,flying particles,설명,S10,직접 분해,VEL-039,VD-014,분해의 원래 출처·극성·연령·범위를 유지한다. 구체화의 각 세부는 runtime 채택 전에 invariant·사례값·선택 예시로 나눈다.
K112,12 마법 결투와 충돌,shards of stone or gravel,설명,S10,직접 분해,VEL-039,VD-014;VD-020,분해의 원래 출처·극성·연령·범위를 유지한다. 구체화의 각 세부는 runtime 채택 전에 invariant·사례값·선택 예시로 나눈다.
K113,12 마법 결투와 충돌,cloak/robe swirling behind her,설명,S10,직접 분해,VEL-040,VD-014,분해의 원래 출처·극성·연령·범위를 유지한다. 구체화의 각 세부는 runtime 채택 전에 invariant·사례값·선택 예시로 나눈다.
K114,13 물리적 제압 관계,pressing on the viewpoint character's upper chest,긍정,S15,문맥 결합,VEL-041,VD-016,"신발이라는 접촉 도구는 뒤쪽 분해의 문맥 주장으로 기록하고, 원래 S15 텍스트 인증 전 새 원문 확인이라고 부르지 않는다."
K115,13 물리적 제압 관계,holds the observer down,긍정,S15,문맥 결합,VEL-041,VD-016;VD-017,분해의 원래 출처·극성·연령·범위를 유지한다. 구체화의 각 세부는 runtime 채택 전에 invariant·사례값·선택 예시로 나눈다.
K116,13 물리적 제압 관계,pressure remains steady,긍정,S15,직접 분해,VEL-042,VD-017,한 장의 접촉 배치는 시간적 유지·실제 힘 크기의 증거가 아니다.
K117,13 물리적 제압 관계,the fixed viewpoint remains beneath her,긍정,S15,직접 분해,VEL-042,VD-013;VD-016,분해의 원래 출처·극성·연령·범위를 유지한다. 구체화의 각 세부는 runtime 채택 전에 invariant·사례값·선택 예시로 나눈다.
K118,13 물리적 제압 관계,rests firmly,긍정,S15,직접 분해,VEL-041,VD-016;VD-017,접촉 그림자 하나만으로 접촉이나 큰 압력을 확정하지 않는다. 표면 위치와 경계가 함께 읽혀야 한다.
K119,13 물리적 제압 관계,her other leg is planted,긍정,S15,직접 분해,VEL-042,VD-016;VD-025,분해의 원래 출처·극성·연령·범위를 유지한다. 구체화의 각 세부는 runtime 채택 전에 invariant·사례값·선택 예시로 나눈다.
K120,13 물리적 제압 관계,carries most of her weight,긍정,S15,직접 분해,VEL-042,VD-016;VD-017;VD-025,몸통이 지지 다리 가까이 있음은 지지 배치 단서다. 체중 비율을 실측한 근거가 아니다.
K121,14 사회적 우위와 언어적 대립,belittle,긍정,S14,해석 예시,VEL-043,VD-018;VD-026,분해의 원래 출처·극성·연령·범위를 유지한다. 구체화의 각 세부는 runtime 채택 전에 invariant·사례값·선택 예시로 나눈다.
K122,14 사회적 우위와 언어적 대립,command to be silent,긍정,S14,문맥 결합,VEL-043,VD-018,분해의 원래 출처·극성·연령·범위를 유지한다. 구체화의 각 세부는 runtime 채택 전에 invariant·사례값·선택 예시로 나눈다.
K123,14 사회적 우위와 언어적 대립,mid-taunt,긍정,S14,해석 예시,VEL-044,VD-018;VD-026,분해의 원래 출처·극성·연령·범위를 유지한다. 구체화의 각 세부는 runtime 채택 전에 invariant·사례값·선택 예시로 나눈다.
K124,14 사회적 우위와 언어적 대립,contempt,긍정,S14,해석 예시,VEL-043,VD-018;VD-026,분해의 원래 출처·극성·연령·범위를 유지한다. 구체화의 각 세부는 runtime 채택 전에 invariant·사례값·선택 예시로 나눈다.
K125,14 사회적 우위와 언어적 대립,sharp rebuke,긍정,S14,해석 예시,VEL-043,VD-018;VD-026,분해의 원래 출처·극성·연령·범위를 유지한다. 구체화의 각 세부는 runtime 채택 전에 invariant·사례값·선택 예시로 나눈다.
K126,14 사회적 우위와 언어적 대립,holds his ground,긍정,S14,직접 분해,VEL-043,VD-018,물러서지 않음은 서사/시간 조건이다. 한 장에서 이전 이동이나 정지 이력을 인증하지 않는다.
K127,14 사회적 우위와 언어적 대립,imperiously lifted,긍정,S14,문맥 결합,VEL-043,VD-012;VD-018,분해의 원래 출처·극성·연령·범위를 유지한다. 구체화의 각 세부는 runtime 채택 전에 invariant·사례값·선택 예시로 나눈다.
K128,14 사회적 우위와 언어적 대립,"startled, wounded disbelief",긍정,S14,해석 예시,VEL-043,VD-018;VD-026,분해의 원래 출처·극성·연령·범위를 유지한다. 구체화의 각 세부는 runtime 채택 전에 invariant·사례값·선택 예시로 나눈다.
K129,14 사회적 우위와 언어적 대립,her insult remains unfinished,긍정,S14,해석 예시,VEL-044,VD-018;VD-026,분해의 원래 출처·극성·연령·범위를 유지한다. 구체화의 각 세부는 runtime 채택 전에 invariant·사례값·선택 예시로 나눈다.
K130,14 사회적 우위와 언어적 대립,social rebuff,긍정,S14,해석 예시,VEL-043,VD-018;VD-026,분해의 원래 출처·극성·연령·범위를 유지한다. 구체화의 각 세부는 runtime 채택 전에 invariant·사례값·선택 예시로 나눈다.
K131,14 사회적 우위와 언어적 대립,contested threshold,긍정,S14,직접 분해,VEL-043,VD-018,분해의 원래 출처·극성·연령·범위를 유지한다. 구체화의 각 세부는 runtime 채택 전에 invariant·사례값·선택 예시로 나눈다.
K132,14 사회적 우위와 언어적 대립,a clear interval separates their hands and faces,긍정,S14,직접 분해,VEL-043,VD-018,분해의 원래 출처·극성·연령·범위를 유지한다. 구체화의 각 세부는 runtime 채택 전에 invariant·사례값·선택 예시로 나눈다.
K133,15 전투 후의 흔적과 환경,전투가 막 끝난,긍정,S09,문맥 결합,VEL-045,VD-019,분해의 원래 출처·극성·연령·범위를 유지한다. 구체화의 각 세부는 runtime 채택 전에 invariant·사례값·선택 예시로 나눈다.
K134,15 전투 후의 흔적과 환경,일부 가구와 장식물이 부서져,긍정,S09,직접 분해,VEL-045,VD-020,분해의 원래 출처·극성·연령·범위를 유지한다. 구체화의 각 세부는 runtime 채택 전에 invariant·사례값·선택 예시로 나눈다.
K135,15 전투 후의 흔적과 환경,깨진 유리 조각과 잔해,긍정,S09,직접 분해,VEL-045,VD-020,분해의 원래 출처·극성·연령·범위를 유지한다. 구체화의 각 세부는 runtime 채택 전에 invariant·사례값·선택 예시로 나눈다.
K136,15 전투 후의 흔적과 환경,아주 옅은 먼지와 연기,긍정,S09,직접 분해,VEL-045,VD-020,분해의 원래 출처·극성·연령·범위를 유지한다. 구체화의 각 세부는 runtime 채택 전에 invariant·사례값·선택 예시로 나눈다.
K137,15 전투 후의 흔적과 환경,검은 검을 아래로 느슨하게 내려 들고,긍정,S09,직접 분해,VEL-046,VD-019,분해의 원래 출처·극성·연령·범위를 유지한다. 구체화의 각 세부는 runtime 채택 전에 invariant·사례값·선택 예시로 나눈다.
K138,15 전투 후의 흔적과 환경,검정 가죽 장갑을 천천히 벗고,긍정,S09,직접 분해,VEL-046,VD-019,장갑 벗기 중간 상태는 보일 수 있으나 천천히라는 속도는 한 프레임으로 인증하지 않는다.
K139,15 전투 후의 흔적과 환경,가장 위험한 전투요원,긍정,S09,문맥 결합,VEL-045,VD-019;VD-026,분해의 원래 출처·극성·연령·범위를 유지한다. 구체화의 각 세부는 runtime 채택 전에 invariant·사례값·선택 예시로 나눈다.
K140,15 전투 후의 흔적과 환경,ruined futuristic city background,긍정,S16,직접 분해,VEL-045,VD-020,분해의 원래 출처·극성·연령·범위를 유지한다. 구체화의 각 세부는 runtime 채택 전에 invariant·사례값·선택 예시로 나눈다.
K141,15 전투 후의 흔적과 환경,broken buildings,긍정,S16,직접 분해,VEL-045,VD-020,분해의 원래 출처·극성·연령·범위를 유지한다. 구체화의 각 세부는 runtime 채택 전에 invariant·사례값·선택 예시로 나눈다.
K142,15 전투 후의 흔적과 환경,shattered road,긍정,S16,직접 분해,VEL-045,VD-020,분해의 원래 출처·극성·연령·범위를 유지한다. 구체화의 각 세부는 runtime 채택 전에 invariant·사례값·선택 예시로 나눈다.
K143,15 전투 후의 흔적과 환경,dark smoke,긍정,S16,직접 분해,VEL-045,VD-020,분해의 원래 출처·극성·연령·범위를 유지한다. 구체화의 각 세부는 runtime 채택 전에 invariant·사례값·선택 예시로 나눈다.
K144,15 전투 후의 흔적과 환경,floating ash particles,긍정,S16,직접 분해,VEL-045,VD-020,분해의 원래 출처·극성·연령·범위를 유지한다. 구체화의 각 세부는 runtime 채택 전에 invariant·사례값·선택 예시로 나눈다.
K145,16 부상과 신체적 피해 흔적,wounded,설명,S11,문맥 결합,VEL-047,VD-026,분해의 원래 출처·극성·연령·범위를 유지한다. 구체화의 각 세부는 runtime 채택 전에 invariant·사례값·선택 예시로 나눈다.
K146,16 부상과 신체적 피해 흔적,blood smears,설명,S11,직접 분해,VEL-047,VD-023,분해의 원래 출처·극성·연령·범위를 유지한다. 구체화의 각 세부는 runtime 채택 전에 invariant·사례값·선택 예시로 나눈다.
K147,16 부상과 신체적 피해 흔적,bruised and hurt,설명,S11,직접 분해,VEL-048,,분해의 원래 출처·극성·연령·범위를 유지한다. 구체화의 각 세부는 runtime 채택 전에 invariant·사례값·선택 예시로 나눈다.
K148,16 부상과 신체적 피해 흔적,scraped wounds,설명,S11,직접 분해,VEL-048,,분해의 원래 출처·극성·연령·범위를 유지한다. 구체화의 각 세부는 runtime 채택 전에 invariant·사례값·선택 예시로 나눈다.
K149,16 부상과 신체적 피해 흔적,bloodstains,설명,S11,직접 분해,VEL-047,VD-023,혈흔의 섬유 번짐/매끈한 표면 경계는 선택된 표면의 조건부 외형이다. 혈액 화학 정체나 시점을 사진으로 인증하지 않는다.
K150,16 부상과 신체적 피해 흔적,dirty and scratched,설명,S11,직접 분해,VEL-048,,분해의 원래 출처·극성·연령·범위를 유지한다. 구체화의 각 세부는 runtime 채택 전에 invariant·사례값·선택 예시로 나눈다.
K151,16 부상과 신체적 피해 흔적,bandage-like wrappings,설명,S11,직접 분해,VEL-049,,분해의 원래 출처·극성·연령·범위를 유지한다. 구체화의 각 세부는 runtime 채택 전에 invariant·사례값·선택 예시로 나눈다.
K152,16 부상과 신체적 피해 흔적,worn and damaged,설명,S11,직접 분해,VEL-050,,분해의 원래 출처·극성·연령·범위를 유지한다. 구체화의 각 세부는 runtime 채택 전에 invariant·사례값·선택 예시로 나눈다.
K153,16 부상과 신체적 피해 흔적,small scratches or marks on her face,설명,S12,직접 분해,VEL-048,,분해의 원래 출처·극성·연령·범위를 유지한다. 구체화의 각 세부는 runtime 채택 전에 invariant·사례값·선택 예시로 나눈다.
K154,16 부상과 신체적 피해 흔적,blood-stained knife,설명,S18,직접 분해,VEL-047,VD-023,분해의 원래 출처·극성·연령·범위를 유지한다. 구체화의 각 세부는 runtime 채택 전에 invariant·사례값·선택 예시로 나눈다.
K155,16 부상과 신체적 피해 흔적,dark red stains,설명,S18,직접 분해,VEL-047,VD-023,분해의 원래 출처·극성·연령·범위를 유지한다. 구체화의 각 세부는 runtime 채택 전에 invariant·사례값·선택 예시로 나눈다.
K156,17 고통·소진·생존,anguished and exhausted,설명,S11,해석 예시,VEL-052,VD-026,분해의 원래 출처·극성·연령·범위를 유지한다. 구체화의 각 세부는 runtime 채택 전에 invariant·사례값·선택 예시로 나눈다.
K157,17 고통·소진·생존,teary or pained,설명,S11,해석 예시,VEL-052,VD-026;VD-028,분해의 원래 출처·극성·연령·범위를 유지한다. 구체화의 각 세부는 runtime 채택 전에 invariant·사례값·선택 예시로 나눈다.
K158,17 고통·소진·생존,crawling,설명,S11,직접 분해,VEL-051,,분해의 원래 출처·극성·연령·범위를 유지한다. 구체화의 각 세부는 runtime 채택 전에 invariant·사례값·선택 예시로 나눈다.
K159,17 고통·소진·생존,struggling to rise,설명,S11,해석 예시,VEL-051,VD-026,분해의 원래 출처·극성·연령·범위를 유지한다. 구체화의 각 세부는 runtime 채택 전에 invariant·사례값·선택 예시로 나눈다.
K160,17 고통·소진·생존,bracing on the ground,설명,S11,직접 분해,VEL-051,,분해의 원래 출처·극성·연령·범위를 유지한다. 구체화의 각 세부는 runtime 채택 전에 invariant·사례값·선택 예시로 나눈다.
K161,17 고통·소진·생존,pain and determination,설명,S11,해석 예시,VEL-052,VD-026,분해의 원래 출처·극성·연령·범위를 유지한다. 구체화의 각 세부는 runtime 채택 전에 invariant·사례값·선택 예시로 나눈다.
K162,17 고통·소진·생존,defeated expression,설명,S12,해석 예시,VEL-052,VD-026,분해의 원래 출처·극성·연령·범위를 유지한다. 구체화의 각 세부는 runtime 채택 전에 invariant·사례값·선택 예시로 나눈다.
K163,17 고통·소진·생존,exhaustion or surrender,설명,S12,해석 예시,VEL-052,VD-026;VD-028,분해의 원래 출처·극성·연령·범위를 유지한다. 구체화의 각 세부는 runtime 채택 전에 invariant·사례값·선택 예시로 나눈다.
K164,17 고통·소진·생존,kneeling on wet asphalt,설명,S12,직접 분해,VEL-051,,일반 kneeling은 양쪽 무릎·한쪽 무릎 등 선택 변형이 있다. 양쪽 무릎을 보편 exact 의미로 만들지 않는다.
K165,17 고통·소진·생존,敗北,설명,S12,직접 분해,VEL-053,,정확한 글자 敗北은 보존하되 세로 배열·큰 크기·밝은 글자색은 원자료 문맥 확인 전 보편 뜻으로 만들지 않는다.
K166,17 고통·소진·생존,stunned,설명,S13,해석 예시,VEL-052,VD-022;VD-026,분해의 원래 출처·극성·연령·범위를 유지한다. 구체화의 각 세부는 runtime 채택 전에 invariant·사례값·선택 예시로 나눈다.
K167,17 고통·소진·생존,anxious,설명,S13,해석 예시,VEL-052,VD-022;VD-026,분해의 원래 출처·극성·연령·범위를 유지한다. 구체화의 각 세부는 runtime 채택 전에 invariant·사례값·선택 예시로 나눈다.
K168,17 고통·소진·생존,breathless,설명,S13,해석 예시,VEL-052,VD-022;VD-026,분해의 원래 출처·극성·연령·범위를 유지한다. 구체화의 각 세부는 runtime 채택 전에 invariant·사례값·선택 예시로 나눈다.
K169,18 밀폐·불안·공포 공간,pressed against glass,설명,S13,직접 분해,VEL-054,VD-021,가까움 OR 반사 겹침만으로 pressed contact를 대체할 수 없다. 실제 소유된 접촉 패치를 요구한다.
K170,18 밀폐·불안·공포 공간,trapped underwater,설명,S13,문맥 결합,VEL-055,VD-022,프레임 안 출구 부재만으로 탈출 불가를 인증하지 않는다. 갇힘 의도는 별도 서사/경로 차단 관계로 보존한다.
K171,18 밀폐·불안·공포 공간,enclosed chamber,설명,S13,직접 분해,VEL-055,VD-022,분해의 원래 출처·극성·연령·범위를 유지한다. 구체화의 각 세부는 runtime 채택 전에 invariant·사례값·선택 예시로 나눈다.
K172,18 밀폐·불안·공포 공간,sealed-container look,설명,S13,직접 분해,VEL-055,VD-022,분해의 원래 출처·극성·연령·범위를 유지한다. 구체화의 각 세부는 runtime 채택 전에 invariant·사례값·선택 예시로 나눈다.
K173,18 밀폐·불안·공포 공간,cold and reflective,설명,S13,직접 분해,VEL-054,VD-021;VD-023,분해의 원래 출처·극성·연령·범위를 유지한다. 구체화의 각 세부는 runtime 채택 전에 invariant·사례값·선택 예시로 나눈다.
K174,18 밀폐·불안·공포 공간,"tense, quiet, and suspended",설명,S13,해석 예시,VEL-055,VD-022;VD-026,quiet·suspended의 실제 소리/지속/정지 상태는 한 장에서 계측되지 않는다.
K175,18 밀폐·불안·공포 공간,"gloomy, foggy woods",설명,S18,직접 분해,VEL-056,,분해의 원래 출처·극성·연령·범위를 유지한다. 구체화의 각 세부는 runtime 채택 전에 invariant·사례값·선택 예시로 나눈다.
K176,18 밀폐·불안·공포 공간,twisted bare branches,설명,S18,직접 분해,VEL-056,,분해의 원래 출처·극성·연령·범위를 유지한다. 구체화의 각 세부는 runtime 채택 전에 invariant·사례값·선택 예시로 나눈다.
K177,18 밀폐·불안·공포 공간,dark eerie atmosphere,설명,S18,해석 예시,VEL-056,VD-026,분해의 원래 출처·극성·연령·범위를 유지한다. 구체화의 각 세부는 runtime 채택 전에 invariant·사례값·선택 예시로 나눈다.
K178,18 밀폐·불안·공포 공간,wide sharp-toothed grin,설명,S18,직접 분해,VEL-056,,분해의 원래 출처·극성·연령·범위를 유지한다. 구체화의 각 세부는 runtime 채택 전에 invariant·사례값·선택 예시로 나눈다.
K179,19 장면을 강화하는 일반 연출,Photorealistic cinematic concept photography,긍정,S08,해석 예시,VEL-057,VD-026,분해의 원래 출처·극성·연령·범위를 유지한다. 구체화의 각 세부는 runtime 채택 전에 invariant·사례값·선택 예시로 나눈다.
K180,19 장면을 강화하는 일반 연출,Cinematic directional lighting,긍정,S08,직접 분해,VEL-057,,분해의 원래 출처·극성·연령·범위를 유지한다. 구체화의 각 세부는 runtime 채택 전에 invariant·사례값·선택 예시로 나눈다.
K181,19 장면을 강화하는 일반 연출,Natural skin texture,긍정,S08,직접 분해,VEL-057,VD-002,분해의 원래 출처·극성·연령·범위를 유지한다. 구체화의 각 세부는 runtime 채택 전에 invariant·사례값·선택 예시로 나눈다.
K182,19 장면을 강화하는 일반 연출,believable weight distribution,긍정,S08,직접 분해,VEL-057,VD-015;VD-017;VD-025,분해의 원래 출처·극성·연령·범위를 유지한다. 구체화의 각 세부는 runtime 채택 전에 invariant·사례값·선택 예시로 나눈다.
K183,19 장면을 강화하는 일반 연출,realistic interaction,긍정,S08,직접 분해,VEL-057,VD-015;VD-017;VD-021,분해의 원래 출처·극성·연령·범위를 유지한다. 구체화의 각 세부는 runtime 채택 전에 invariant·사례값·선택 예시로 나눈다.
K184,19 장면을 강화하는 일반 연출,dramatic highlights and deep shadows,설명,S12,직접 분해,VEL-057,,분해의 원래 출처·극성·연령·범위를 유지한다. 구체화의 각 세부는 runtime 채택 전에 invariant·사례값·선택 예시로 나눈다.
K185,19 장면을 강화하는 일반 연출,wet pavement reflecting light,설명,S12,직접 분해,VEL-057,VD-023,분해의 원래 출처·극성·연령·범위를 유지한다. 구체화의 각 세부는 runtime 채택 전에 invariant·사례값·선택 예시로 나눈다.
K186,19 장면을 강화하는 일반 연출,yellow caution tape,설명,S12,문맥 결합,VEL-057,,노란 테이프에 반드시 반복된 검정 경고 문자가 있다는 뜻은 아니다. 실제 문자 조건은 사례 확인 뒤 분리한다.
K187,19 장면을 강화하는 일반 연출,은은한 필름 그레인,긍정,S09,직접 분해,VEL-057,,분해의 원래 출처·극성·연령·범위를 유지한다. 구체화의 각 세부는 runtime 채택 전에 invariant·사례값·선택 예시로 나눈다.
K188,19 장면을 강화하는 일반 연출,차갑고 은은한 푸른 달빛과 따뜻한 촛불,긍정,S09,직접 분해,VEL-057,VD-023,분해의 원래 출처·극성·연령·범위를 유지한다. 구체화의 각 세부는 runtime 채택 전에 invariant·사례값·선택 예시로 나눈다.
K189,20 선정성을 배제하는 부정 지시,not seductive,부정,S16,제외 조건,VEL-058,VD-028,분해의 원래 출처·극성·연령·범위를 유지한다. 구체화의 각 세부는 runtime 채택 전에 invariant·사례값·선택 예시로 나눈다.
K190,20 선정성을 배제하는 부정 지시,not overly revealing,부정,S16,제외 조건,VEL-058,VD-015;VD-028,분해의 원래 출처·극성·연령·범위를 유지한다. 구체화의 각 세부는 runtime 채택 전에 invariant·사례값·선택 예시로 나눈다.
K191,20 선정성을 배제하는 부정 지시,oversexualized pose,부정,S16,제외 조건,VEL-058,VD-028,분해의 원래 출처·극성·연령·범위를 유지한다. 구체화의 각 세부는 runtime 채택 전에 invariant·사례값·선택 예시로 나눈다.
K192,20 선정성을 배제하는 부정 지시,nudity,부정,S16,제외 조건,VEL-058,VD-028,분해의 원래 출처·극성·연령·범위를 유지한다. 구체화의 각 세부는 runtime 채택 전에 invariant·사례값·선택 예시로 나눈다.
K193,20 선정성을 배제하는 부정 지시,lingerie,부정,S16,제외 조건,VEL-058,VD-028,분해의 원래 출처·극성·연령·범위를 유지한다. 구체화의 각 세부는 runtime 채택 전에 invariant·사례값·선택 예시로 나눈다.
K194,20 선정성을 배제하는 부정 지시,excessive cleavage,부정,S16,제외 조건,VEL-058,VD-028,분해의 원래 출처·극성·연령·범위를 유지한다. 구체화의 각 세부는 runtime 채택 전에 invariant·사례값·선택 예시로 나눈다.
K195,20 선정성을 배제하는 부정 지시,fetish outfit,부정,S16,제외 조건,VEL-058,VD-028,분해의 원래 출처·극성·연령·범위를 유지한다. 구체화의 각 세부는 runtime 채택 전에 invariant·사례값·선택 예시로 나눈다.
K196,20 선정성을 배제하는 부정 지시,rather than overtly seductive,부정,S07,제외 조건,VEL-058,VD-011;VD-024;VD-028,분해의 원래 출처·극성·연령·범위를 유지한다. 구체화의 각 세부는 runtime 채택 전에 invariant·사례값·선택 예시로 나눈다.
K197,20 선정성을 배제하는 부정 지시,"no broad smile, pout, exaggerated sensuality",부정,S07,제외 조건,VEL-058,VD-011;VD-024;VD-028,분해의 원래 출처·극성·연령·범위를 유지한다. 구체화의 각 세부는 runtime 채택 전에 invariant·사례값·선택 예시로 나눈다.
K198,20 선정성을 배제하는 부정 지시,No exaggerated hip thrust,부정,S07,제외 조건,VEL-058,VD-011;VD-024;VD-025;VD-028,no exaggerated thrust가 모든 대칭을 뜻하지 않는다. 원문의 미세한 골반 이동과 어깨 비대칭을 보존한다.
K199,20 선정성을 배제하는 부정 지시,노골적인 표현 금지,부정,S01,제외 조건,VEL-058,VD-028,분해의 원래 출처·극성·연령·범위를 유지한다. 구체화의 각 세부는 runtime 채택 전에 invariant·사례값·선택 예시로 나눈다.
K200,21 잔혹성·폭력을 배제하거나 제한하는 지시,no gore,부정,S16,제외 조건,VEL-059,VD-028,분해의 원래 출처·극성·연령·범위를 유지한다. 구체화의 각 세부는 runtime 채택 전에 invariant·사례값·선택 예시로 나눈다.
K201,21 잔혹성·폭력을 배제하거나 제한하는 지시,no blood,부정,S16,제외 조건,VEL-059,VD-023;VD-028,분해의 원래 출처·극성·연령·범위를 유지한다. 구체화의 각 세부는 runtime 채택 전에 invariant·사례값·선택 예시로 나눈다.
K202,21 잔혹성·폭력을 배제하거나 제한하는 지시,body horror,부정,S16,제외 조건,VEL-059,VD-015;VD-028,분해의 원래 출처·극성·연령·범위를 유지한다. 구체화의 각 세부는 runtime 채택 전에 invariant·사례값·선택 예시로 나눈다.
K203,21 잔혹성·폭력을 배제하거나 제한하는 지시,graphic injury,부정,S16,제외 조건,VEL-059,VD-028,분해의 원래 출처·극성·연령·범위를 유지한다. 구체화의 각 세부는 runtime 채택 전에 invariant·사례값·선택 예시로 나눈다.
K204,21 잔혹성·폭력을 배제하거나 제한하는 지시,not cruel smile,부정,S16,제외 조건,VEL-059,VD-026;VD-028,분해의 원래 출처·극성·연령·범위를 유지한다. 구체화의 각 세부는 runtime 채택 전에 invariant·사례값·선택 예시로 나눈다.
K205,21 잔혹성·폭력을 배제하거나 제한하는 지시,不要血腥,부정,S17,제외 조건,VEL-059,VD-028,분해의 원래 출처·극성·연령·범위를 유지한다. 구체화의 각 세부는 runtime 채택 전에 invariant·사례값·선택 예시로 나눈다.
K206,21 잔혹성·폭력을 배제하거나 제한하는 지시,不要殺戮場面,부정,S17,제외 조건,VEL-059,VD-028,분해의 원래 출처·극성·연령·범위를 유지한다. 구체화의 각 세부는 runtime 채택 전에 invariant·사례값·선택 예시로 나눈다.
K207,21 잔혹성·폭력을 배제하거나 제한하는 지시,broken wrists,부정,S07,제외 조건,VEL-059,VD-011;VD-024;VD-025;VD-028,손목 형태 오류 제외를 실제 손목 부상 설정으로 해석하지 않는다.
K208,21 잔혹성·폭력을 배제하거나 제한하는 지시,dislocated shoulders,부정,S07,제외 조건,VEL-059,VD-011;VD-024;VD-025;VD-028,어깨 형태 오류 제외를 강제 좌우 대칭으로 해석하지 않는다.
K209,22 비선정적 반례와 보존 조건,covers the body below the upper chest,긍정,S07,문맥 결합,VEL-060,VD-024;VD-028,전면 가림 범위와 양손 잡힘은 S07 문맥값이다. 일반 towel/wrap에 전체 몸 가림을 전파하지 않는다.
K210,22 비선정적 반례와 보존 조건,almost entirely concealed,긍정,S07,문맥 결합,VEL-060,VD-024;VD-028,거의 가려진 수영복의 존재와 작은 끈의 가시 창을 동시에 유지한다.
K211,22 비선정적 반례와 보존 조건,calm and comfortable,긍정,S07,해석 예시,VEL-060,VD-011;VD-024;VD-026,분해의 원래 출처·극성·연령·범위를 유지한다. 구체화의 각 세부는 runtime 채택 전에 invariant·사례값·선택 예시로 나눈다.
K212,22 비선정적 반례와 보존 조건,face width-to-length ratio,긍정,S07,직접 분해,VEL-060,VD-013;VD-025;VD-027,동일 관점/투영 조건으로 참조 외형 비례를 검토한다. 고개 회전/거리 효과를 실제 얼굴 재설계로 단정하지 않는다.
K213,22 비선정적 반례와 보존 조건,bandage memory motif,긍정,S16,문맥 결합,VEL-049;VEL-060,VD-028,기념물·머리띠 대안과 실제 원문 위치를 확인한다. bandage를 자동 치료/새 부상으로 바꾸지 않는다.
K214,22 비선정적 반례와 보존 조건,red code particles,긍정,S16,직접 분해,VEL-060,VD-023;VD-028,공중 발광 기호와 표면 혈흔은 소유자·광원·부착 상태가 다르다.
K215,22 비선정적 반례와 보존 조건,subtle crimson machine glow,긍정,S16,직접 분해,VEL-060,VD-023;VD-028,"기계 틈 광원과 금속 수신면, 바탕 재질 색을 분리한다."
K216,22 비선정적 반례와 보존 조건,FACE = LOCKED,긍정,S08,직접 분해,VEL-060,VD-025;VD-027,요청된 보이는 얼굴/머리 외형 유지를 실제 신원 인증과 혼동하지 않는다.
K217,22 비선정적 반례와 보존 조건,ONE ADULT WOMAN,긍정,S08,대상 조건,VEL-060,VD-027,한 명·성인 설정은 별도 대상 조건이며 사진 외형으로 법적 나이를 인증하지 않는다.
