id,group,source_term,en,card_ids,priority,meaning_kind,planned_action_ko,source_ids,existing_ids_to_review,candidate_mention_count,profile_mention_count,source_scope,record_equivalence,runtime_ready
WIN001,01,레이어링 — Layering,Layering,WF01,P0,visible_form_or_state,기존 의미와 소유·범위·가시 조건까지 동등성 비교 후 재사용 또는 보강,S01;S02,,272,4,Family-level or selected-product evidence; not every alias independently verified. Promotion resolves term-specific gaps.,not_inferred_from_lexical_mention,False
WIN002,01,베이스 레이어 — Base layer,Base layer,WF01,P0,visible_form_or_state,기존 의미와 소유·범위·가시 조건까지 동등성 비교 후 재사용 또는 보강,S01;S02,,1,0,Family-level or selected-product evidence; not every alias independently verified. Promotion resolves term-specific gaps.,not_inferred_from_lexical_mention,False
WIN003,01,미드 레이어 — Midlayer,Midlayer,WF01,P0,visible_form_or_state,기존 의미와 소유·범위·가시 조건까지 동등성 비교 후 재사용 또는 보강,S01;S02,,0,0,Family-level or selected-product evidence; not every alias independently verified. Promotion resolves term-specific gaps.,not_inferred_from_lexical_mention,False
WIN004,01,아우터 셸 — Outer shell,Outer shell,WF01,P0,visible_form_or_state,기존 의미와 소유·범위·가시 조건까지 동등성 비교 후 재사용 또는 보강,S01;S02,,2,3,Family-level or selected-product evidence; not every alias independently verified. Promotion resolves term-specific gaps.,not_inferred_from_lexical_mention,False
WIN005,01,서멀 — Thermal,Thermal,WF02,P0,technical_specification,명세 의미 유지; 겉외관에서 성능·수치 추론 금지,S01;S02,,24,2,Family-level or selected-product evidence; not every alias independently verified. Promotion resolves term-specific gaps.,not_inferred_from_lexical_mention,False
WIN006,01,인슐레이션 — Insulation,Insulation,WF03,P0,technical_specification,명세 의미 유지; 겉외관에서 성능·수치 추론 금지,S02;S03;S04,,9,1,Family-level or selected-product evidence; not every alias independently verified. Promotion resolves term-specific gaps.,not_inferred_from_lexical_mention,False
WIN007,01,방풍 — Windproof,Windproof,WF02,P0,technical_specification,명세 의미 유지; 겉외관에서 성능·수치 추론 금지,S01;S02,,0,0,Family-level or selected-product evidence; not every alias independently verified. Promotion resolves term-specific gaps.,not_inferred_from_lexical_mention,False
WIN008,01,발수 — Water-repellent,Water-repellent,WF02,P0,technical_specification,명세 의미 유지; 겉외관에서 성능·수치 추론 금지,S01;S02,,0,0,Family-level or selected-product evidence; not every alias independently verified. Promotion resolves term-specific gaps.,not_inferred_from_lexical_mention,False
WIN009,01,방수 — Waterproof,Waterproof,WF02,P0,technical_specification,명세 의미 유지; 겉외관에서 성능·수치 추론 금지,S01;S02,,3,1,Family-level or selected-product evidence; not every alias independently verified. Promotion resolves term-specific gaps.,not_inferred_from_lexical_mention,False
WIN010,01,필파워 — Fill power,Fill power,WF03,P0,technical_specification,명세 의미 유지; 겉외관에서 성능·수치 추론 금지,S02;S03;S04,,0,0,Family-level or selected-product evidence; not every alias independently verified. Promotion resolves term-specific gaps.,not_inferred_from_lexical_mention,False
WIN011,01,충전량 — Fill weight,Fill weight,WF03,P0,technical_specification,명세 의미 유지; 겉외관에서 성능·수치 추론 금지,S02;S03;S04,,0,0,Family-level or selected-product evidence; not every alias independently verified. Promotion resolves term-specific gaps.,not_inferred_from_lexical_mention,False
WIN012,01,배플 — Baffle,Baffle,WF04,P0,visible_form_or_state,기존 의미와 소유·범위·가시 조건까지 동등성 비교 후 재사용 또는 보강,S02;S04;S10,clothing_ct097_v1;clt_ct097_v1;clt_ct097_v2,0,0,Family-level or selected-product evidence; not every alias independently verified. Promotion resolves term-specific gaps.,not_inferred_from_lexical_mention,False
WIN013,02a,울 — Wool,Wool,WF05,P0,fiber_specification_plus_optional_visible_surface,원료 명세 보존; 사용자가 선택한 가시 표면만 별도 변형으로 작성,S05;S06;S07,,4,2,Family-level or selected-product evidence; not every alias independently verified. Promotion resolves term-specific gaps.,not_inferred_from_lexical_mention,False
WIN014,02a,메리노 울 — Merino wool,Merino wool,WF05,P0,fiber_specification_plus_optional_visible_surface,원료 명세 보존; 사용자가 선택한 가시 표면만 별도 변형으로 작성,S05;S06;S07,,0,0,Family-level or selected-product evidence; not every alias independently verified. Promotion resolves term-specific gaps.,not_inferred_from_lexical_mention,False
WIN015,02a,램스울 — Lambswool,Lambswool,WF05,P0,fiber_specification_plus_optional_visible_surface,원료 명세 보존; 사용자가 선택한 가시 표면만 별도 변형으로 작성,S05;S06;S07,,0,0,Family-level or selected-product evidence; not every alias independently verified. Promotion resolves term-specific gaps.,not_inferred_from_lexical_mention,False
WIN016,02a,캐시미어 — Cashmere,Cashmere,WF05,P0,fiber_specification_plus_optional_visible_surface,원료 명세 보존; 사용자가 선택한 가시 표면만 별도 변형으로 작성,S05;S06;S07,,1,0,Family-level or selected-product evidence; not every alias independently verified. Promotion resolves term-specific gaps.,not_inferred_from_lexical_mention,False
WIN017,02a,모헤어 — Mohair,Mohair,WF05,P0,fiber_specification_plus_optional_visible_surface,원료 명세 보존; 사용자가 선택한 가시 표면만 별도 변형으로 작성,S05;S06;S07,,0,0,Family-level or selected-product evidence; not every alias independently verified. Promotion resolves term-specific gaps.,not_inferred_from_lexical_mention,False
WIN018,02a,앙고라 — Angora,Angora,WF05,P0,fiber_specification_plus_optional_visible_surface,원료 명세 보존; 사용자가 선택한 가시 표면만 별도 변형으로 작성,S05;S06;S07,,0,0,Family-level or selected-product evidence; not every alias independently verified. Promotion resolves term-specific gaps.,not_inferred_from_lexical_mention,False
WIN019,02a,알파카 — Alpaca,Alpaca,WF05,P0,fiber_specification_plus_optional_visible_surface,원료 명세 보존; 사용자가 선택한 가시 표면만 별도 변형으로 작성,S05;S06;S07,,0,0,Family-level or selected-product evidence; not every alias independently verified. Promotion resolves term-specific gaps.,not_inferred_from_lexical_mention,False
WIN020,02a,카멜 헤어 — Camel hair,Camel hair,WF05,P0,fiber_specification_plus_optional_visible_surface,원료 명세 보존; 사용자가 선택한 가시 표면만 별도 변형으로 작성,S05;S06;S07,,0,0,Family-level or selected-product evidence; not every alias independently verified. Promotion resolves term-specific gaps.,not_inferred_from_lexical_mention,False
WIN021,02a,시어링 — Shearling,Shearling,WF07,P0,visible_form_or_state,기존 의미와 소유·범위·가시 조건까지 동등성 비교 후 재사용 또는 보강,S08;S09;S42,,0,0,Family-level or selected-product evidence; not every alias independently verified. Promotion resolves term-specific gaps.,not_inferred_from_lexical_mention,False
WIN022,02a,퍼 — Fur,Fur,WF06,P0,visible_form_or_state,기존 의미와 소유·범위·가시 조건까지 동등성 비교 후 재사용 또는 보강,S08;S09;S42,,31,12,Family-level or selected-product evidence; not every alias independently verified. Promotion resolves term-specific gaps.,not_inferred_from_lexical_mention,False
WIN023,02a,페이크 퍼 — Faux fur,Faux fur,WF06,P0,visible_form_or_state,기존 의미와 소유·범위·가시 조건까지 동등성 비교 후 재사용 또는 보강,S08;S09;S42,,6,4,Family-level or selected-product evidence; not every alias independently verified. Promotion resolves term-specific gaps.,not_inferred_from_lexical_mention,False
WIN024,02a,퍼 트리밍 — Fur trim,Fur trim,WF08,P0,visible_form_or_state,기존 의미와 소유·범위·가시 조건까지 동등성 비교 후 재사용 또는 보강,S08;S37,,3,1,Family-level or selected-product evidence; not every alias independently verified. Promotion resolves term-specific gaps.,not_inferred_from_lexical_mention,False
WIN025,02b,트위드 — Tweed,Tweed,WF09,P0,visible_form_or_state,기존 의미와 소유·범위·가시 조건까지 동등성 비교 후 재사용 또는 보강,S13;S21;S39,,2,0,Family-level or selected-product evidence; not every alias independently verified. Promotion resolves term-specific gaps.,not_inferred_from_lexical_mention,False
WIN026,02b,헤링본 — Herringbone,Herringbone,WF09,P0,visible_form_or_state,기존 의미와 소유·범위·가시 조건까지 동등성 비교 후 재사용 또는 보강,S13;S21;S39,,3,1,Family-level or selected-product evidence; not every alias independently verified. Promotion resolves term-specific gaps.,not_inferred_from_lexical_mention,False
WIN027,02b,하운드투스 — Houndstooth,Houndstooth,WF09,P0,visible_form_or_state,기존 의미와 소유·범위·가시 조건까지 동등성 비교 후 재사용 또는 보강,S13;S21;S39,,0,0,Family-level or selected-product evidence; not every alias independently verified. Promotion resolves term-specific gaps.,not_inferred_from_lexical_mention,False
WIN028,02b,부클레 — Bouclé,Bouclé,WF10,P1,visible_form_or_state,기존 의미와 소유·범위·가시 조건까지 동등성 비교 후 재사용 또는 보강,S12;S21;S40,,1,0,Family-level or selected-product evidence; not every alias independently verified. Promotion resolves term-specific gaps.,not_inferred_from_lexical_mention,False
WIN029,02b,멜턴 — Melton,Melton,WF10,P1,visible_form_or_state,기존 의미와 소유·범위·가시 조건까지 동등성 비교 후 재사용 또는 보강,S12;S21;S40,,0,0,Family-level or selected-product evidence; not every alias independently verified. Promotion resolves term-specific gaps.,not_inferred_from_lexical_mention,False
WIN030,02b,플란넬 — Flannel,Flannel,WF10,P1,visible_form_or_state,기존 의미와 소유·범위·가시 조건까지 동등성 비교 후 재사용 또는 보강,S12;S21;S40,,0,0,Family-level or selected-product evidence; not every alias independently verified. Promotion resolves term-specific gaps.,not_inferred_from_lexical_mention,False
WIN031,02b,코듀로이 — Corduroy,Corduroy,WF11,P0,visible_form_or_state,기존 의미와 소유·범위·가시 조건까지 동등성 비교 후 재사용 또는 보강,S10;S11,clt_ct089_v1;sff_pro_t10,3,1,Family-level or selected-product evidence; not every alias independently verified. Promotion resolves term-specific gaps.,not_inferred_from_lexical_mention,False
WIN032,02b,벨벳 — Velvet,Velvet,WF11,P0,visible_form_or_state,기존 의미와 소유·범위·가시 조건까지 동등성 비교 후 재사용 또는 보강,S10;S11,clt_ct089_v1;sff_pro_t10,28,4,Family-level or selected-product evidence; not every alias independently verified. Promotion resolves term-specific gaps.,not_inferred_from_lexical_mention,False
WIN033,02b,벨루어 — Velour,Velour,WF11,P0,visible_form_or_state,기존 의미와 소유·범위·가시 조건까지 동등성 비교 후 재사용 또는 보강,S10;S11,clt_ct089_v1;sff_pro_t10,4,3,Family-level or selected-product evidence; not every alias independently verified. Promotion resolves term-specific gaps.,not_inferred_from_lexical_mention,False
WIN034,02b,스웨이드 — Suede,Suede,WF12,P1,visible_form_or_state,기존 의미와 소유·범위·가시 조건까지 동등성 비교 후 재사용 또는 보강,S08;S10,clt_ct080_v1;suede_nap_texture,5,1,Family-level or selected-product evidence; not every alias independently verified. Promotion resolves term-specific gaps.,not_inferred_from_lexical_mention,False
WIN035,02b,레더 — Leather,Leather,WF12,P1,visible_form_or_state,기존 의미와 소유·범위·가시 조건까지 동등성 비교 후 재사용 또는 보강,S08;S10,clt_ct080_v1;suede_nap_texture,45,10,Family-level or selected-product evidence; not every alias independently verified. Promotion resolves term-specific gaps.,not_inferred_from_lexical_mention,False
WIN036,02b,페이크 레더 — Faux leather,Faux leather,WF12,P1,visible_form_or_state,기존 의미와 소유·범위·가시 조건까지 동등성 비교 후 재사용 또는 보강,S08;S10,clt_ct080_v1;suede_nap_texture,0,0,Family-level or selected-product evidence; not every alias independently verified. Promotion resolves term-specific gaps.,not_inferred_from_lexical_mention,False
WIN037,02b,새틴 — Satin,Satin,WF13,P1,visible_form_or_state,기존 의미와 소유·범위·가시 조건까지 동등성 비교 후 재사용 또는 보강,S10;S11;S13,,24,8,Family-level or selected-product evidence; not every alias independently verified. Promotion resolves term-specific gaps.,not_inferred_from_lexical_mention,False
WIN038,02b,저지 — Jersey,Jersey,WF13,P1,visible_form_or_state,기존 의미와 소유·범위·가시 조건까지 동등성 비교 후 재사용 또는 보강,S10;S11;S13,,12,3,Family-level or selected-product evidence; not every alias independently verified. Promotion resolves term-specific gaps.,not_inferred_from_lexical_mention,False
WIN039,02b,플리스 — Fleece,Fleece,WF14,P0,visible_form_or_state,기존 의미와 소유·범위·가시 조건까지 동등성 비교 후 재사용 또는 보강,S09;S11;S40;S42,,1,0,Family-level or selected-product evidence; not every alias independently verified. Promotion resolves term-specific gaps.,not_inferred_from_lexical_mention,False
WIN040,02b,셰르파 — Sherpa fleece,Sherpa fleece,WF14;WF07,P0,visible_form_or_state,기존 의미와 소유·범위·가시 조건까지 동등성 비교 후 재사용 또는 보강,S08;S09;S11;S40;S42,,0,0,Family-level or selected-product evidence; not every alias independently verified. Promotion resolves term-specific gaps.,not_inferred_from_lexical_mention,False
WIN041,02b,브러시드·기모 — Brushed / Napped,Brushed / Napped,WF14,P0,visible_form_or_state,기존 의미와 소유·범위·가시 조건까지 동등성 비교 후 재사용 또는 보강,S09;S11;S40;S42,,22,3,Family-level or selected-product evidence; not every alias independently verified. Promotion resolves term-specific gaps.,not_inferred_from_lexical_mention,False
WIN042,02b,퀼팅 — Quilting,Quilting,WF04,P0,visible_form_or_state,기존 의미와 소유·범위·가시 조건까지 동등성 비교 후 재사용 또는 보강,S02;S04;S10,clothing_ct097_v1;clt_ct097_v1;clt_ct097_v2,5,1,Family-level or selected-product evidence; not every alias independently verified. Promotion resolves term-specific gaps.,not_inferred_from_lexical_mention,False
WIN043,02b,다운 — Down,Down,WF03,P0,fiber_specification_plus_optional_visible_surface,원료 명세 보존; 사용자가 선택한 가시 표면만 별도 변형으로 작성,S02;S03;S04,,82,41,Family-level or selected-product evidence; not every alias independently verified. Promotion resolves term-specific gaps.,not_inferred_from_lexical_mention,False
WIN044,02b,합성 충전재 — Synthetic insulation,Synthetic insulation,WF03,P0,fiber_specification_plus_optional_visible_surface,원료 명세 보존; 사용자가 선택한 가시 표면만 별도 변형으로 작성,S02;S03;S04,,0,0,Family-level or selected-product evidence; not every alias independently verified. Promotion resolves term-specific gaps.,not_inferred_from_lexical_mention,False
WIN045,03,파인 게이지 — Fine gauge,Fine gauge,WF15,P0,visible_form_or_state,기존 의미와 소유·범위·가시 조건까지 동등성 비교 후 재사용 또는 보강,S11;S13;S15,,0,0,Family-level or selected-product evidence; not every alias independently verified. Promotion resolves term-specific gaps.,not_inferred_from_lexical_mention,False
WIN046,03,청키 니트 — Chunky knit,Chunky knit,WF15,P0,visible_form_or_state,기존 의미와 소유·범위·가시 조건까지 동등성 비교 후 재사용 또는 보강,S11;S13;S15,,0,0,Family-level or selected-product evidence; not every alias independently verified. Promotion resolves term-specific gaps.,not_inferred_from_lexical_mention,False
WIN047,03,리브·골지 — Rib knit,Rib knit,WF16,P0,visible_form_or_state,기존 의미와 소유·범위·가시 조건까지 동등성 비교 후 재사용 또는 보강,S11;S15,clothing_ct087_v1;clt_ct087_v1;clt_ct087_v2,14,6,Family-level or selected-product evidence; not every alias independently verified. Promotion resolves term-specific gaps.,not_inferred_from_lexical_mention,False
WIN048,03,와이드 리브 — Wide rib,Wide rib,WF16,P0,visible_form_or_state,기존 의미와 소유·범위·가시 조건까지 동등성 비교 후 재사용 또는 보강,S11;S15,clothing_ct087_v1;clt_ct087_v1;clt_ct087_v2,0,0,Family-level or selected-product evidence; not every alias independently verified. Promotion resolves term-specific gaps.,not_inferred_from_lexical_mention,False
WIN049,03,케이블 니트 — Cable knit,Cable knit,WF17,P0,visible_form_or_state,기존 의미와 소유·범위·가시 조건까지 동등성 비교 후 재사용 또는 보강,S14;S15,clothing_ct008_v1;clt_ct008_v1;clt_ct008_v2,2,1,Family-level or selected-product evidence; not every alias independently verified. Promotion resolves term-specific gaps.,not_inferred_from_lexical_mention,False
WIN050,03,아란 니트 — Aran knit,Aran knit,WF17,P0,visible_form_or_state,기존 의미와 소유·범위·가시 조건까지 동등성 비교 후 재사용 또는 보강,S14;S15,clothing_ct008_v1;clt_ct008_v1;clt_ct008_v2,0,0,Family-level or selected-product evidence; not every alias independently verified. Promotion resolves term-specific gaps.,not_inferred_from_lexical_mention,False
WIN051,03,피셔맨 립 — Fisherman’s rib,Fisherman’s rib,WF16,P0,visible_result_and_hidden_construction_split,가시 형상·공정·내부 구조를 나누며 보이지 않는 부분은 별도 근거 필요,S11;S15,clothing_ct087_v1;clt_ct087_v1;clt_ct087_v2,0,0,Family-level or selected-product evidence; not every alias independently verified. Promotion resolves term-specific gaps.,not_inferred_from_lexical_mention,False
WIN052,03,페어아일 — Fair Isle,Fair Isle,WF18,P0,visible_form_or_state,기존 의미와 소유·범위·가시 조건까지 동등성 비교 후 재사용 또는 보강,S14;S17,,0,0,Family-level or selected-product evidence; not every alias independently verified. Promotion resolves term-specific gaps.,not_inferred_from_lexical_mention,False
WIN053,03,노르딕 패턴 — Nordic pattern,Nordic pattern,WF18,P0,visible_form_or_state,기존 의미와 소유·범위·가시 조건까지 동등성 비교 후 재사용 또는 보강,S14;S17,,0,0,Family-level or selected-product evidence; not every alias independently verified. Promotion resolves term-specific gaps.,not_inferred_from_lexical_mention,False
WIN054,03,요크 패턴 — Yoke pattern,Yoke pattern,WF18,P0,visible_form_or_state,기존 의미와 소유·범위·가시 조건까지 동등성 비교 후 재사용 또는 보강,S14;S17,,0,0,Family-level or selected-product evidence; not every alias independently verified. Promotion resolves term-specific gaps.,not_inferred_from_lexical_mention,False
WIN055,03,아가일 — Argyle,Argyle,WF19,P1,visible_form_or_state,기존 의미와 소유·범위·가시 조건까지 동등성 비교 후 재사용 또는 보강,S13;S14;S34,,0,0,Family-level or selected-product evidence; not every alias independently verified. Promotion resolves term-specific gaps.,not_inferred_from_lexical_mention,False
WIN056,03,자카드 니트 — Jacquard knit,Jacquard knit,WF20,P0,visible_result_and_hidden_construction_split,가시 형상·공정·내부 구조를 나누며 보이지 않는 부분은 별도 근거 필요,S11;S16;S17,,1,1,Family-level or selected-product evidence; not every alias independently verified. Promotion resolves term-specific gaps.,not_inferred_from_lexical_mention,False
WIN057,03,인타르시아 — Intarsia,Intarsia,WF20,P0,visible_result_and_hidden_construction_split,가시 형상·공정·내부 구조를 나누며 보이지 않는 부분은 별도 근거 필요,S11;S16;S17,,0,0,Family-level or selected-product evidence; not every alias independently verified. Promotion resolves term-specific gaps.,not_inferred_from_lexical_mention,False
WIN058,03,포인텔 — Pointelle,Pointelle,WF21,P0,visible_form_or_state,기존 의미와 소유·범위·가시 조건까지 동등성 비교 후 재사용 또는 보강,S13;S18,,0,0,Family-level or selected-product evidence; not every alias independently verified. Promotion resolves term-specific gaps.,not_inferred_from_lexical_mention,False
WIN059,03,오픈워크 — Openwork,Openwork,WF21,P0,visible_form_or_state,기존 의미와 소유·범위·가시 조건까지 동등성 비교 후 재사용 또는 보강,S13;S18,,8,5,Family-level or selected-product evidence; not every alias independently verified. Promotion resolves term-specific gaps.,not_inferred_from_lexical_mention,False
WIN060,03,크로셰 — Crochet,Crochet,WF21,P0,visible_result_and_hidden_construction_split,가시 형상·공정·내부 구조를 나누며 보이지 않는 부분은 별도 근거 필요,S13;S18,,8,1,Family-level or selected-product evidence; not every alias independently verified. Promotion resolves term-specific gaps.,not_inferred_from_lexical_mention,False
WIN061,03,퍼지 니트 — Fuzzy knit,Fuzzy knit,WF22,P1,visible_form_or_state,기존 의미와 소유·범위·가시 조건까지 동등성 비교 후 재사용 또는 보강,S05;S07;S12;S21,,0,0,Family-level or selected-product evidence; not every alias independently verified. Promotion resolves term-specific gaps.,not_inferred_from_lexical_mention,False
WIN062,03,멜란지 — Mélange,Mélange,WF22,P1,visible_form_or_state,기존 의미와 소유·범위·가시 조건까지 동등성 비교 후 재사용 또는 보강,S05;S07;S12;S21,,0,0,Family-level or selected-product evidence; not every alias independently verified. Promotion resolves term-specific gaps.,not_inferred_from_lexical_mention,False
WIN063,04a,오버코트 — Overcoat,Overcoat,WF23,P1,visible_form_or_state,기존 의미와 소유·범위·가시 조건까지 동등성 비교 후 재사용 또는 보강,S19;S21;S38,,0,0,Family-level or selected-product evidence; not every alias independently verified. Promotion resolves term-specific gaps.,not_inferred_from_lexical_mention,False
WIN064,04a,체스터필드 코트 — Chesterfield coat,Chesterfield coat,WF23,P1,visible_form_or_state,기존 의미와 소유·범위·가시 조건까지 동등성 비교 후 재사용 또는 보강,S19;S21;S38,,0,0,Family-level or selected-product evidence; not every alias independently verified. Promotion resolves term-specific gaps.,not_inferred_from_lexical_mention,False
WIN065,04a,싱글브레스트 — Single-breasted,Single-breasted,WF24,P0,visible_form_or_state,기존 의미와 소유·범위·가시 조건까지 동등성 비교 후 재사용 또는 보강,S19,,1,1,Family-level or selected-product evidence; not every alias independently verified. Promotion resolves term-specific gaps.,not_inferred_from_lexical_mention,False
WIN066,04a,더블브레스트 — Double-breasted,Double-breasted,WF24,P0,visible_form_or_state,기존 의미와 소유·범위·가시 조건까지 동등성 비교 후 재사용 또는 보강,S19,,2,0,Family-level or selected-product evidence; not every alias independently verified. Promotion resolves term-specific gaps.,not_inferred_from_lexical_mention,False
WIN067,04a,피코트 — Peacoat,Peacoat,WF24,P0,visible_form_or_state,기존 의미와 소유·범위·가시 조건까지 동등성 비교 후 재사용 또는 보강,S19,,0,0,Family-level or selected-product evidence; not every alias independently verified. Promotion resolves term-specific gaps.,not_inferred_from_lexical_mention,False
WIN068,04a,더플코트 — Duffle coat,Duffle coat,WF25,P0,visible_form_or_state,기존 의미와 소유·범위·가시 조건까지 동등성 비교 후 재사용 또는 보강,S19,,0,0,Family-level or selected-product evidence; not every alias independently verified. Promotion resolves term-specific gaps.,not_inferred_from_lexical_mention,False
WIN069,04a,랩 코트 — Wrap coat,Wrap coat,WF26,P0,visible_form_or_state,기존 의미와 소유·범위·가시 조건까지 동등성 비교 후 재사용 또는 보강,S19;S25,,0,0,Family-level or selected-product evidence; not every alias independently verified. Promotion resolves term-specific gaps.,not_inferred_from_lexical_mention,False
WIN070,04a,로브 코트 — Robe coat,Robe coat,WF26,P0,visible_form_or_state,기존 의미와 소유·범위·가시 조건까지 동등성 비교 후 재사용 또는 보강,S19;S25,,0,0,Family-level or selected-product evidence; not every alias independently verified. Promotion resolves term-specific gaps.,not_inferred_from_lexical_mention,False
WIN071,04a,벨티드 코트 — Belted coat,Belted coat,WF26,P0,visible_form_or_state,기존 의미와 소유·범위·가시 조건까지 동등성 비교 후 재사용 또는 보강,S19;S25,,0,0,Family-level or selected-product evidence; not every alias independently verified. Promotion resolves term-specific gaps.,not_inferred_from_lexical_mention,False
WIN072,04a,코쿤 코트 — Cocoon coat,Cocoon coat,WF27,P1,visible_form_or_state,기존 의미와 소유·범위·가시 조건까지 동등성 비교 후 재사용 또는 보강,S19;S26,,0,0,Family-level or selected-product evidence; not every alias independently verified. Promotion resolves term-specific gaps.,not_inferred_from_lexical_mention,False
WIN073,04a,스윙 코트 — Swing coat,Swing coat,WF27,P1,visible_form_or_state,기존 의미와 소유·범위·가시 조건까지 동등성 비교 후 재사용 또는 보강,S19;S26,,0,0,Family-level or selected-product evidence; not every alias independently verified. Promotion resolves term-specific gaps.,not_inferred_from_lexical_mention,False
WIN074,04a,케이프 코트 — Cape coat,Cape coat,WF28,P0,visible_form_or_state,기존 의미와 소유·범위·가시 조건까지 동등성 비교 후 재사용 또는 보강,S26,clt_ct011_v1,0,0,Family-level or selected-product evidence; not every alias independently verified. Promotion resolves term-specific gaps.,not_inferred_from_lexical_mention,False
WIN075,04a,맥시 코트 — Maxi coat,Maxi coat,WF23,P1,visible_form_or_state,기존 의미와 소유·범위·가시 조건까지 동등성 비교 후 재사용 또는 보강,S19;S21;S38,,0,0,Family-level or selected-product evidence; not every alias independently verified. Promotion resolves term-specific gaps.,not_inferred_from_lexical_mention,False
WIN076,04a,카 코트 — Car coat,Car coat,WF23,P1,visible_form_or_state,기존 의미와 소유·범위·가시 조건까지 동등성 비교 후 재사용 또는 보강,S19;S21;S38,,0,0,Family-level or selected-product evidence; not every alias independently verified. Promotion resolves term-specific gaps.,not_inferred_from_lexical_mention,False
WIN077,04a,트렌치코트 — Trench coat,Trench coat,WF29,P1,visible_form_or_state,기존 의미와 소유·범위·가시 조건까지 동등성 비교 후 재사용 또는 보강,S02;S19;S37,,2,1,Family-level or selected-product evidence; not every alias independently verified. Promotion resolves term-specific gaps.,not_inferred_from_lexical_mention,False
WIN078,04a,스카프 코트 — Scarf coat,Scarf coat,WF30,P0,visible_form_or_state,기존 의미와 소유·범위·가시 조건까지 동등성 비교 후 재사용 또는 보강,S31;S38,,0,0,Family-level or selected-product evidence; not every alias independently verified. Promotion resolves term-specific gaps.,not_inferred_from_lexical_mention,False
WIN079,04b,푸퍼 — Puffer,Puffer,WF31,P0,visible_form_or_state,기존 의미와 소유·범위·가시 조건까지 동등성 비교 후 재사용 또는 보강,S02;S03;S04,,0,0,Family-level or selected-product evidence; not every alias independently verified. Promotion resolves term-specific gaps.,not_inferred_from_lexical_mention,False
WIN080,04b,크롭 푸퍼 — Cropped puffer,Cropped puffer,WF31,P0,visible_form_or_state,기존 의미와 소유·범위·가시 조건까지 동등성 비교 후 재사용 또는 보강,S02;S03;S04,,0,0,Family-level or selected-product evidence; not every alias independently verified. Promotion resolves term-specific gaps.,not_inferred_from_lexical_mention,False
WIN081,04b,롱 푸퍼 — Long puffer,Long puffer,WF31,P0,visible_form_or_state,기존 의미와 소유·범위·가시 조건까지 동등성 비교 후 재사용 또는 보강,S02;S03;S04,,0,0,Family-level or selected-product evidence; not every alias independently verified. Promotion resolves term-specific gaps.,not_inferred_from_lexical_mention,False
WIN082,04b,벨티드 푸퍼 — Belted puffer,Belted puffer,WF31,P0,visible_form_or_state,기존 의미와 소유·범위·가시 조건까지 동등성 비교 후 재사용 또는 보강,S02;S03;S04,,0,0,Family-level or selected-product evidence; not every alias independently verified. Promotion resolves term-specific gaps.,not_inferred_from_lexical_mention,False
WIN083,04b,파카 — Parka,Parka,WF32,P0,visible_form_or_state,기존 의미와 소유·범위·가시 조건까지 동등성 비교 후 재사용 또는 보강,S02;S20;S37,,0,0,Family-level or selected-product evidence; not every alias independently verified. Promotion resolves term-specific gaps.,not_inferred_from_lexical_mention,False
WIN084,04b,피시테일 파카 — Fishtail parka,Fishtail parka,WF32,P0,visible_form_or_state,기존 의미와 소유·범위·가시 조건까지 동등성 비교 후 재사용 또는 보강,S02;S20;S37,,0,0,Family-level or selected-product evidence; not every alias independently verified. Promotion resolves term-specific gaps.,not_inferred_from_lexical_mention,False
WIN085,04b,아노락 — Anorak,Anorak,WF32,P0,visible_form_or_state,기존 의미와 소유·범위·가시 조건까지 동등성 비교 후 재사용 또는 보강,S02;S20;S37,,0,0,Family-level or selected-product evidence; not every alias independently verified. Promotion resolves term-specific gaps.,not_inferred_from_lexical_mention,False
WIN086,04b,퀼티드 라이너 — Quilted liner,Quilted liner,WF33,P1,visible_form_or_state,기존 의미와 소유·범위·가시 조건까지 동등성 비교 후 재사용 또는 보강,S01;S02;S09,,0,0,Family-level or selected-product evidence; not every alias independently verified. Promotion resolves term-specific gaps.,not_inferred_from_lexical_mention,False
WIN087,04b,플리스 재킷 — Fleece jacket,Fleece jacket,WF33,P1,visible_form_or_state,기존 의미와 소유·범위·가시 조건까지 동등성 비교 후 재사용 또는 보강,S01;S02;S09,,0,0,Family-level or selected-product evidence; not every alias independently verified. Promotion resolves term-specific gaps.,not_inferred_from_lexical_mention,False
WIN088,04b,질레 — Gilet,Gilet,WF33,P1,visible_form_or_state,기존 의미와 소유·범위·가시 조건까지 동등성 비교 후 재사용 또는 보강,S01;S02;S09,,0,0,Family-level or selected-product evidence; not every alias independently verified. Promotion resolves term-specific gaps.,not_inferred_from_lexical_mention,False
WIN089,04b,보머 재킷 — Bomber jacket,Bomber jacket,WF34,P1,visible_form_or_state,기존 의미와 소유·범위·가시 조건까지 동등성 비교 후 재사용 또는 보강,S19;S24;S26;S37,clt_ct010_v1,1,0,Family-level or selected-product evidence; not every alias independently verified. Promotion resolves term-specific gaps.,not_inferred_from_lexical_mention,False
WIN090,04b,바이커 재킷 — Biker jacket,Biker jacket,WF34,P1,visible_form_or_state,기존 의미와 소유·범위·가시 조건까지 동등성 비교 후 재사용 또는 보강,S19;S24;S26;S37,clt_ct010_v1,0,0,Family-level or selected-product evidence; not every alias independently verified. Promotion resolves term-specific gaps.,not_inferred_from_lexical_mention,False
WIN091,04b,바시티 재킷 — Varsity jacket,Varsity jacket,WF34,P1,visible_form_or_state,기존 의미와 소유·범위·가시 조건까지 동등성 비교 후 재사용 또는 보강,S19;S24;S26;S37,clt_ct010_v1,0,0,Family-level or selected-product evidence; not every alias independently verified. Promotion resolves term-specific gaps.,not_inferred_from_lexical_mention,False
WIN092,04b,셔킷 — Shacket,Shacket,WF34,P1,visible_form_or_state,기존 의미와 소유·범위·가시 조건까지 동등성 비교 후 재사용 또는 보강,S19;S24;S26;S37,clt_ct010_v1,0,0,Family-level or selected-product evidence; not every alias independently verified. Promotion resolves term-specific gaps.,not_inferred_from_lexical_mention,False
WIN093,04b,시어링 재킷 — Shearling jacket,Shearling jacket,WF35,P1,visible_form_or_state,기존 의미와 소유·범위·가시 조건까지 동등성 비교 후 재사용 또는 보강,S08;S19;S37,,0,0,Family-level or selected-product evidence; not every alias independently verified. Promotion resolves term-specific gaps.,not_inferred_from_lexical_mention,False
WIN094,04b,에비에이터 재킷 — Aviator jacket,Aviator jacket,WF35,P1,visible_form_or_state,기존 의미와 소유·범위·가시 조건까지 동등성 비교 후 재사용 또는 보강,S08;S19;S37,,0,0,Family-level or selected-product evidence; not every alias independently verified. Promotion resolves term-specific gaps.,not_inferred_from_lexical_mention,False
WIN095,04b,페니 레인 코트 — Penny Lane coat,Penny Lane coat,WF35,P1,visible_form_or_state,기존 의미와 소유·범위·가시 조건까지 동등성 비교 후 재사용 또는 보강,S08;S19;S37,,0,0,Family-level or selected-product evidence; not every alias independently verified. Promotion resolves term-specific gaps.,not_inferred_from_lexical_mention,False
WIN096,04b,테디 코트 — Teddy coat,Teddy coat,WF07,P0,visible_form_or_state,기존 의미와 소유·범위·가시 조건까지 동등성 비교 후 재사용 또는 보강,S08;S09;S42,,0,0,Family-level or selected-product evidence; not every alias independently verified. Promotion resolves term-specific gaps.,not_inferred_from_lexical_mention,False
WIN097,05,풀오버 — Pullover,Pullover,WF36,P0,visible_form_or_state,기존 의미와 소유·범위·가시 조건까지 동등성 비교 후 재사용 또는 보강,S22;S32,,2,1,Family-level or selected-product evidence; not every alias independently verified. Promotion resolves term-specific gaps.,not_inferred_from_lexical_mention,False
WIN098,05,가디건 — Cardigan,Cardigan,WF36,P0,visible_form_or_state,기존 의미와 소유·범위·가시 조건까지 동등성 비교 후 재사용 또는 보강,S22;S32,,14,3,Family-level or selected-product evidence; not every alias independently verified. Promotion resolves term-specific gaps.,not_inferred_from_lexical_mention,False
WIN099,05,크롭 가디건 — Cropped cardigan,Cropped cardigan,WF36,P0,visible_form_or_state,기존 의미와 소유·범위·가시 조건까지 동등성 비교 후 재사용 또는 보강,S22;S32,,1,1,Family-level or selected-product evidence; not every alias independently verified. Promotion resolves term-specific gaps.,not_inferred_from_lexical_mention,False
WIN100,05,롱라인 가디건 — Longline cardigan,Longline cardigan,WF36,P0,visible_form_or_state,기존 의미와 소유·범위·가시 조건까지 동등성 비교 후 재사용 또는 보강,S22;S32,,0,0,Family-level or selected-product evidence; not every alias independently verified. Promotion resolves term-specific gaps.,not_inferred_from_lexical_mention,False
WIN101,05,랩 가디건 — Wrap cardigan,Wrap cardigan,WF36,P0,visible_form_or_state,기존 의미와 소유·범위·가시 조건까지 동등성 비교 후 재사용 또는 보강,S22;S32,,0,0,Family-level or selected-product evidence; not every alias independently verified. Promotion resolves term-specific gaps.,not_inferred_from_lexical_mention,False
WIN102,05,트윈세트 — Twinset,Twinset,WF37,P1,visible_form_or_state,기존 의미와 소유·범위·가시 조건까지 동등성 비교 후 재사용 또는 보강,S22;S24;S32,,0,0,Family-level or selected-product evidence; not every alias independently verified. Promotion resolves term-specific gaps.,not_inferred_from_lexical_mention,False
WIN103,05,니트 베스트 — Sweater vest / Slipover,Sweater vest / Slipover,WF37,P1,visible_form_or_state,기존 의미와 소유·범위·가시 조건까지 동등성 비교 후 재사용 또는 보강,S22;S24;S32,,0,0,Family-level or selected-product evidence; not every alias independently verified. Promotion resolves term-specific gaps.,not_inferred_from_lexical_mention,False
WIN104,05,니트 폴로 — Knit polo,Knit polo,WF37,P1,visible_form_or_state,기존 의미와 소유·범위·가시 조건까지 동등성 비교 후 재사용 또는 보강,S22;S24;S32,,0,0,Family-level or selected-product evidence; not every alias independently verified. Promotion resolves term-specific gaps.,not_inferred_from_lexical_mention,False
WIN105,05,하프집 니트 — Half-zip sweater,Half-zip sweater,WF37,P1,visible_form_or_state,기존 의미와 소유·범위·가시 조건까지 동등성 비교 후 재사용 또는 보강,S22;S24;S32,,0,0,Family-level or selected-product evidence; not every alias independently verified. Promotion resolves term-specific gaps.,not_inferred_from_lexical_mention,False
WIN106,05,집스루 니트 — Zip-through knit,Zip-through knit,WF37,P1,visible_form_or_state,기존 의미와 소유·범위·가시 조건까지 동등성 비교 후 재사용 또는 보강,S22;S24;S32,,0,0,Family-level or selected-product evidence; not every alias independently verified. Promotion resolves term-specific gaps.,not_inferred_from_lexical_mention,False
WIN107,05,튜닉 니트 — Tunic sweater,Tunic sweater,WF38,P1,visible_form_or_state,기존 의미와 소유·범위·가시 조건까지 동등성 비교 후 재사용 또는 보강,S22;S32,,0,0,Family-level or selected-product evidence; not every alias independently verified. Promotion resolves term-specific gaps.,not_inferred_from_lexical_mention,False
WIN108,05,볼레로 — Bolero,Bolero,WF38,P1,visible_form_or_state,기존 의미와 소유·범위·가시 조건까지 동등성 비교 후 재사용 또는 보강,S22;S32,,3,1,Family-level or selected-product evidence; not every alias independently verified. Promotion resolves term-specific gaps.,not_inferred_from_lexical_mention,False
WIN109,05,슈러그 — Shrug,Shrug,WF38,P1,visible_form_or_state,기존 의미와 소유·범위·가시 조건까지 동등성 비교 후 재사용 또는 보강,S22;S32,,2,1,Family-level or selected-product evidence; not every alias independently verified. Promotion resolves term-specific gaps.,not_inferred_from_lexical_mention,False
WIN110,05,슬리브리스 터틀넥 — Sleeveless turtleneck,Sleeveless turtleneck,WF39,P0,visible_form_or_state,기존 의미와 소유·범위·가시 조건까지 동등성 비교 후 재사용 또는 보강,S11;S22;S32,,0,0,Family-level or selected-product evidence; not every alias independently verified. Promotion resolves term-specific gaps.,not_inferred_from_lexical_mention,False
WIN111,05,니트 브라렛 — Knit bralette,Knit bralette,WF39,P0,visible_form_or_state,기존 의미와 소유·범위·가시 조건까지 동등성 비교 후 재사용 또는 보강,S11;S22;S32,,0,0,Family-level or selected-product evidence; not every alias independently verified. Promotion resolves term-specific gaps.,not_inferred_from_lexical_mention,False
WIN112,05,보디수트 — Bodysuit,Bodysuit,WF39,P0,visible_result_and_hidden_construction_split,가시 형상·공정·내부 구조를 나누며 보이지 않는 부분은 별도 근거 필요,S11;S22;S32,,10,3,Family-level or selected-product evidence; not every alias independently verified. Promotion resolves term-specific gaps.,not_inferred_from_lexical_mention,False
WIN113,06,크루넥 — Crew neck,Crew neck,WF41,P0,visible_form_or_state,기존 의미와 소유·범위·가시 조건까지 동등성 비교 후 재사용 또는 보강,S41,,0,0,Family-level or selected-product evidence; not every alias independently verified. Promotion resolves term-specific gaps.,not_inferred_from_lexical_mention,False
WIN114,06,터틀넥 — Turtleneck,Turtleneck,WF40,P0,visible_form_or_state,기존 의미와 소유·범위·가시 조건까지 동등성 비교 후 재사용 또는 보강,S22;S23;S41,,0,0,Family-level or selected-product evidence; not every alias independently verified. Promotion resolves term-specific gaps.,not_inferred_from_lexical_mention,False
WIN115,06,모크넥 — Mock neck,Mock neck,WF40,P0,visible_form_or_state,기존 의미와 소유·범위·가시 조건까지 동등성 비교 후 재사용 또는 보강,S22;S23;S41,,1,1,Family-level or selected-product evidence; not every alias independently verified. Promotion resolves term-specific gaps.,not_inferred_from_lexical_mention,False
WIN116,06,퍼널넥 — Funnel neck,Funnel neck,WF40,P0,visible_form_or_state,기존 의미와 소유·범위·가시 조건까지 동등성 비교 후 재사용 또는 보강,S22;S23;S41,,0,0,Family-level or selected-product evidence; not every alias independently verified. Promotion resolves term-specific gaps.,not_inferred_from_lexical_mention,False
WIN117,06,카울넥 — Cowl neck,Cowl neck,WF40,P0,visible_form_or_state,기존 의미와 소유·범위·가시 조건까지 동등성 비교 후 재사용 또는 보강,S22;S23;S41,,2,2,Family-level or selected-product evidence; not every alias independently verified. Promotion resolves term-specific gaps.,not_inferred_from_lexical_mention,False
WIN118,06,브이넥 — V-neck,V-neck,WF41,P0,visible_form_or_state,기존 의미와 소유·범위·가시 조건까지 동등성 비교 후 재사용 또는 보강,S41,,1,2,Family-level or selected-product evidence; not every alias independently verified. Promotion resolves term-specific gaps.,not_inferred_from_lexical_mention,False
WIN119,06,딥 브이넥 — Deep V-neck,Deep V-neck,WF41,P0,visible_form_or_state,기존 의미와 소유·범위·가시 조건까지 동등성 비교 후 재사용 또는 보강,S41,,1,1,Family-level or selected-product evidence; not every alias independently verified. Promotion resolves term-specific gaps.,not_inferred_from_lexical_mention,False
WIN120,06,플런징 네크라인 — Plunging neckline,Plunging neckline,WF41,P0,visible_form_or_state,기존 의미와 소유·범위·가시 조건까지 동등성 비교 후 재사용 또는 보강,S41,,0,0,Family-level or selected-product evidence; not every alias independently verified. Promotion resolves term-specific gaps.,not_inferred_from_lexical_mention,False
WIN121,06,스쿠프넥 — Scoop neck,Scoop neck,WF41,P0,visible_form_or_state,기존 의미와 소유·범위·가시 조건까지 동등성 비교 후 재사용 또는 보강,S41,,2,2,Family-level or selected-product evidence; not every alias independently verified. Promotion resolves term-specific gaps.,not_inferred_from_lexical_mention,False
WIN122,06,스퀘어넥 — Square neck,Square neck,WF41,P0,visible_form_or_state,기존 의미와 소유·범위·가시 조건까지 동등성 비교 후 재사용 또는 보강,S41,,2,2,Family-level or selected-product evidence; not every alias independently verified. Promotion resolves term-specific gaps.,not_inferred_from_lexical_mention,False
WIN123,06,스위트하트넥 — Sweetheart neckline,Sweetheart neckline,WF41,P0,visible_form_or_state,기존 의미와 소유·범위·가시 조건까지 동등성 비교 후 재사용 또는 보강,S41,,1,1,Family-level or selected-product evidence; not every alias independently verified. Promotion resolves term-specific gaps.,not_inferred_from_lexical_mention,False
WIN124,06,보트넥·바토넥 — Boat / Bateau neck,Boat / Bateau neck,WF41,P0,visible_form_or_state,기존 의미와 소유·범위·가시 조건까지 동등성 비교 후 재사용 또는 보강,S41,,9,5,Family-level or selected-product evidence; not every alias independently verified. Promotion resolves term-specific gaps.,not_inferred_from_lexical_mention,False
WIN125,06,오프숄더·바르도 — Off-the-shoulder / Bardot,Off-the-shoulder / Bardot,WF42,P0,visible_form_or_state,기존 의미와 소유·범위·가시 조건까지 동등성 비교 후 재사용 또는 보강,S26;S41,,4,2,Family-level or selected-product evidence; not every alias independently verified. Promotion resolves term-specific gaps.,not_inferred_from_lexical_mention,False
WIN126,06,원숄더 — One-shoulder,One-shoulder,WF42,P0,visible_form_or_state,기존 의미와 소유·범위·가시 조건까지 동등성 비교 후 재사용 또는 보강,S26;S41,,13,7,Family-level or selected-product evidence; not every alias independently verified. Promotion resolves term-specific gaps.,not_inferred_from_lexical_mention,False
WIN127,06,콜드숄더 — Cold-shoulder,Cold-shoulder,WF42,P0,visible_form_or_state,기존 의미와 소유·범위·가시 조건까지 동등성 비교 후 재사용 또는 보강,S26;S41,,2,0,Family-level or selected-product evidence; not every alias independently verified. Promotion resolves term-specific gaps.,not_inferred_from_lexical_mention,False
WIN128,06,홀터넥 — Halter neck,Halter neck,WF42,P0,visible_form_or_state,기존 의미와 소유·범위·가시 조건까지 동등성 비교 후 재사용 또는 보강,S26;S41,,2,3,Family-level or selected-product evidence; not every alias independently verified. Promotion resolves term-specific gaps.,not_inferred_from_lexical_mention,False
WIN129,06,스트랩리스 — Strapless,Strapless,WF42,P0,visible_form_or_state,기존 의미와 소유·범위·가시 조건까지 동등성 비교 후 재사용 또는 보강,S26;S41,,5,5,Family-level or selected-product evidence; not every alias independently verified. Promotion resolves term-specific gaps.,not_inferred_from_lexical_mention,False
WIN130,06,반도·밴도 — Bandeau,Bandeau,WF42,P0,visible_form_or_state,기존 의미와 소유·범위·가시 조건까지 동등성 비교 후 재사용 또는 보강,S26;S41,,2,2,Family-level or selected-product evidence; not every alias independently verified. Promotion resolves term-specific gaps.,not_inferred_from_lexical_mention,False
WIN131,06,키홀넥 — Keyhole neckline,Keyhole neckline,WF43,P0,visible_form_or_state,기존 의미와 소유·범위·가시 조건까지 동등성 비교 후 재사용 또는 보강,S41,clt_ct079_v1,0,0,Family-level or selected-product evidence; not every alias independently verified. Promotion resolves term-specific gaps.,not_inferred_from_lexical_mention,False
WIN132,06,서플리스넥 — Surplice neckline,Surplice neckline,WF43,P0,visible_form_or_state,기존 의미와 소유·범위·가시 조건까지 동등성 비교 후 재사용 또는 보강,S41,clt_ct079_v1,0,0,Family-level or selected-product evidence; not every alias independently verified. Promotion resolves term-specific gaps.,not_inferred_from_lexical_mention,False
WIN133,06,일루전 네크라인 — Illusion neckline,Illusion neckline,WF43,P0,visible_form_or_state,기존 의미와 소유·범위·가시 조건까지 동등성 비교 후 재사용 또는 보강,S41,clt_ct079_v1,1,1,Family-level or selected-product evidence; not every alias independently verified. Promotion resolves term-specific gaps.,not_inferred_from_lexical_mention,False
WIN134,07,피티드 — Fitted,Fitted,WF44,P0,visible_form_or_state,기존 의미와 소유·범위·가시 조건까지 동등성 비교 후 재사용 또는 보강,S11;S22;S25,,68,38,Family-level or selected-product evidence; not every alias independently verified. Promotion resolves term-specific gaps.,not_inferred_from_lexical_mention,False
WIN135,07,슬림핏 — Slim fit,Slim fit,WF44,P0,visible_form_or_state,기존 의미와 소유·범위·가시 조건까지 동등성 비교 후 재사용 또는 보강,S11;S22;S25,,0,0,Family-level or selected-product evidence; not every alias independently verified. Promotion resolves term-specific gaps.,not_inferred_from_lexical_mention,False
WIN136,07,보디콘 — Bodycon,Bodycon,WF44,P0,visible_form_or_state,기존 의미와 소유·범위·가시 조건까지 동등성 비교 후 재사용 또는 보강,S11;S22;S25,,5,2,Family-level or selected-product evidence; not every alias independently verified. Promotion resolves term-specific gaps.,not_inferred_from_lexical_mention,False
WIN137,07,세컨드 스킨 — Second-skin,Second-skin,WF44,P0,visible_form_or_state,기존 의미와 소유·범위·가시 조건까지 동등성 비교 후 재사용 또는 보강,S11;S22;S25,,3,1,Family-level or selected-product evidence; not every alias independently verified. Promotion resolves term-specific gaps.,not_inferred_from_lexical_mention,False
WIN138,07,아워글라스 — Hourglass silhouette,Hourglass silhouette,WF45,P0,visible_form_or_state,기존 의미와 소유·범위·가시 조건까지 동등성 비교 후 재사용 또는 보강,S25;S41,,3,1,Family-level or selected-product evidence; not every alias independently verified. Promotion resolves term-specific gaps.,not_inferred_from_lexical_mention,False
WIN139,07,신치드 웨이스트 — Cinched waist,Cinched waist,WF45,P0,visible_form_or_state,기존 의미와 소유·범위·가시 조건까지 동등성 비교 후 재사용 또는 보강,S25;S41,,3,1,Family-level or selected-product evidence; not every alias independently verified. Promotion resolves term-specific gaps.,not_inferred_from_lexical_mention,False
WIN140,07,코르셋 톱 — Corset top,Corset top,WF45,P0,visible_form_or_state,기존 의미와 소유·범위·가시 조건까지 동등성 비교 후 재사용 또는 보강,S25;S41,,1,1,Family-level or selected-product evidence; not every alias independently verified. Promotion resolves term-specific gaps.,not_inferred_from_lexical_mention,False
WIN141,07,뷔스티에 — Bustier,Bustier,WF45,P0,visible_form_or_state,기존 의미와 소유·범위·가시 조건까지 동등성 비교 후 재사용 또는 보강,S25;S41,,7,1,Family-level or selected-product evidence; not every alias independently verified. Promotion resolves term-specific gaps.,not_inferred_from_lexical_mention,False
WIN142,07,언더버스트 코르셋 — Underbust corset,Underbust corset,WF45,P0,visible_form_or_state,기존 의미와 소유·범위·가시 조건까지 동등성 비교 후 재사용 또는 보강,S25;S41,,0,0,Family-level or selected-product evidence; not every alias independently verified. Promotion resolves term-specific gaps.,not_inferred_from_lexical_mention,False
WIN143,07,보닝 — Boning,Boning,WF45,P0,visible_result_and_hidden_construction_split,가시 형상·공정·내부 구조를 나누며 보이지 않는 부분은 별도 근거 필요,S25;S41,,8,4,Family-level or selected-product evidence; not every alias independently verified. Promotion resolves term-specific gaps.,not_inferred_from_lexical_mention,False
WIN144,07,컵 시밍 — Cup seaming,Cup seaming,WF45,P0,visible_form_or_state,기존 의미와 소유·범위·가시 조건까지 동등성 비교 후 재사용 또는 보강,S25;S41,,0,0,Family-level or selected-product evidence; not every alias independently verified. Promotion resolves term-specific gaps.,not_inferred_from_lexical_mention,False
WIN145,07,언더와이어 — Underwire,Underwire,WF45,P0,visible_result_and_hidden_construction_split,가시 형상·공정·내부 구조를 나누며 보이지 않는 부분은 별도 근거 필요,S25;S41,,1,1,Family-level or selected-product evidence; not every alias independently verified. Promotion resolves term-specific gaps.,not_inferred_from_lexical_mention,False
WIN146,07,프린세스 심 — Princess seams,Princess seams,WF46,P1,visible_form_or_state,기존 의미와 소유·범위·가시 조건까지 동등성 비교 후 재사용 또는 보강,S25;S26,clt_ct031_v2;clt_ct064_v2;sff_pro_c01,1,1,Family-level or selected-product evidence; not every alias independently verified. Promotion resolves term-specific gaps.,not_inferred_from_lexical_mention,False
WIN147,07,다트 — Dart,Dart,WF46,P1,visible_form_or_state,기존 의미와 소유·범위·가시 조건까지 동등성 비교 후 재사용 또는 보강,S25;S26,clt_ct031_v2;clt_ct064_v2;sff_pro_c01,4,1,Family-level or selected-product evidence; not every alias independently verified. Promotion resolves term-specific gaps.,not_inferred_from_lexical_mention,False
WIN148,07,루싱 — Ruching,Ruching,WF46,P1,visible_form_or_state,기존 의미와 소유·범위·가시 조건까지 동등성 비교 후 재사용 또는 보강,S25;S26,clt_ct031_v2;clt_ct064_v2;sff_pro_c01,3,2,Family-level or selected-product evidence; not every alias independently verified. Promotion resolves term-specific gaps.,not_inferred_from_lexical_mention,False
WIN149,07,스모킹 — Smocking,Smocking,WF46,P1,visible_form_or_state,기존 의미와 소유·범위·가시 조건까지 동등성 비교 후 재사용 또는 보강,S25;S26,clt_ct031_v2;clt_ct064_v2;sff_pro_c01,3,2,Family-level or selected-product evidence; not every alias independently verified. Promotion resolves term-specific gaps.,not_inferred_from_lexical_mention,False
WIN150,07,페플럼 — Peplum,Peplum,WF46,P1,visible_form_or_state,기존 의미와 소유·범위·가시 조건까지 동등성 비교 후 재사용 또는 보강,S25;S26,clt_ct031_v2;clt_ct064_v2;sff_pro_c01,2,1,Family-level or selected-product evidence; not every alias independently verified. Promotion resolves term-specific gaps.,not_inferred_from_lexical_mention,False
WIN151,07,드레이핑 — Draping,Draping,WF46,P1,visible_form_or_state,기존 의미와 소유·범위·가시 조건까지 동등성 비교 후 재사용 또는 보강,S25;S26,clt_ct031_v2;clt_ct064_v2;sff_pro_c01,10,5,Family-level or selected-product evidence; not every alias independently verified. Promotion resolves term-specific gaps.,not_inferred_from_lexical_mention,False
WIN152,08,크롭 톱 — Crop top,Crop top,WF47,P0,visible_form_or_state,기존 의미와 소유·범위·가시 조건까지 동등성 비교 후 재사용 또는 보강,S22;S28;S41,,3,2,Family-level or selected-product evidence; not every alias independently verified. Promotion resolves term-specific gaps.,not_inferred_from_lexical_mention,False
WIN153,08,마이크로 크롭 — Micro-cropped top,Micro-cropped top,WF47,P0,visible_form_or_state,기존 의미와 소유·범위·가시 조건까지 동등성 비교 후 재사용 또는 보강,S22;S28;S41,,0,0,Family-level or selected-product evidence; not every alias independently verified. Promotion resolves term-specific gaps.,not_inferred_from_lexical_mention,False
WIN154,08,미드리프 베어링 — Midriff-baring,Midriff-baring,WF47,P0,visible_form_or_state,기존 의미와 소유·범위·가시 조건까지 동등성 비교 후 재사용 또는 보강,S22;S28;S41,,0,0,Family-level or selected-product evidence; not every alias independently verified. Promotion resolves term-specific gaps.,not_inferred_from_lexical_mention,False
WIN155,08,배꼽 노출 — Navel-baring,Navel-baring,WF47,P0,visible_form_or_state,기존 의미와 소유·범위·가시 조건까지 동등성 비교 후 재사용 또는 보강,S22;S28;S41,,1,1,Family-level or selected-product evidence; not every alias independently verified. Promotion resolves term-specific gaps.,not_inferred_from_lexical_mention,False
WIN156,08,컷아웃 — Cutout,Cutout,WF48,P0,visible_form_or_state,기존 의미와 소유·범위·가시 조건까지 동등성 비교 후 재사용 또는 보강,S25;S41,,11,8,Family-level or selected-product evidence; not every alias independently verified. Promotion resolves term-specific gaps.,not_inferred_from_lexical_mention,False
WIN157,08,체스트 컷아웃 — Chest cutout,Chest cutout,WF48,P0,visible_form_or_state,기존 의미와 소유·범위·가시 조건까지 동등성 비교 후 재사용 또는 보강,S25;S41,,0,0,Family-level or selected-product evidence; not every alias independently verified. Promotion resolves term-specific gaps.,not_inferred_from_lexical_mention,False
WIN158,08,언더버스트 컷아웃 — Underbust cutout,Underbust cutout,WF48,P0,visible_form_or_state,기존 의미와 소유·범위·가시 조건까지 동등성 비교 후 재사용 또는 보강,S25;S41,,0,0,Family-level or selected-product evidence; not every alias independently verified. Promotion resolves term-specific gaps.,not_inferred_from_lexical_mention,False
WIN159,08,웨이스트 컷아웃 — Waist cutout,Waist cutout,WF48,P0,visible_form_or_state,기존 의미와 소유·범위·가시 조건까지 동등성 비교 후 재사용 또는 보강,S25;S41,,0,0,Family-level or selected-product evidence; not every alias independently verified. Promotion resolves term-specific gaps.,not_inferred_from_lexical_mention,False
WIN160,08,사이드 컷아웃 — Side cutout,Side cutout,WF48,P0,visible_form_or_state,기존 의미와 소유·범위·가시 조건까지 동등성 비교 후 재사용 또는 보강,S25;S41,,0,0,Family-level or selected-product evidence; not every alias independently verified. Promotion resolves term-specific gaps.,not_inferred_from_lexical_mention,False
WIN161,08,오픈백 — Open-back,Open-back,WF49,P0,visible_form_or_state,기존 의미와 소유·범위·가시 조건까지 동등성 비교 후 재사용 또는 보강,S26;S41,,5,2,Family-level or selected-product evidence; not every alias independently verified. Promotion resolves term-specific gaps.,not_inferred_from_lexical_mention,False
WIN162,08,백리스 — Backless,Backless,WF49,P0,visible_form_or_state,기존 의미와 소유·범위·가시 조건까지 동등성 비교 후 재사용 또는 보강,S26;S41,,3,2,Family-level or selected-product evidence; not every alias independently verified. Promotion resolves term-specific gaps.,not_inferred_from_lexical_mention,False
WIN163,08,딥 암홀 — Deep armhole,Deep armhole,WF49,P0,visible_form_or_state,기존 의미와 소유·범위·가시 조건까지 동등성 비교 후 재사용 또는 보강,S26;S41,,0,0,Family-level or selected-product evidence; not every alias independently verified. Promotion resolves term-specific gaps.,not_inferred_from_lexical_mention,False
WIN164,08,사이드붑 — Sideboob / Side cleavage,Sideboob / Side cleavage,WF50,P1,explicit_adult_context_state,이름·조건 유지; 직접 용어 출처와 성인·정확한 가시 경계 확인 후 승격,S25;S26;S41,,1,1,Family-level or selected-product evidence; not every alias independently verified. Promotion resolves term-specific gaps.,not_inferred_from_lexical_mention,False
WIN165,08,언더붑 — Underboob,Underboob,WF50,P1,explicit_adult_context_state,이름·조건 유지; 직접 용어 출처와 성인·정확한 가시 경계 확인 후 승격,S25;S26;S41,,1,1,Family-level or selected-product evidence; not every alias independently verified. Promotion resolves term-specific gaps.,not_inferred_from_lexical_mention,False
WIN166,08,타이프런트 — Tie-front,Tie-front,WF51,P0,visible_form_or_state,기존 의미와 소유·범위·가시 조건까지 동등성 비교 후 재사용 또는 보강,S24;S32;S41,,1,1,Family-level or selected-product evidence; not every alias independently verified. Promotion resolves term-specific gaps.,not_inferred_from_lexical_mention,False
WIN167,08,스플릿프런트 — Split-front,Split-front,WF51,P0,visible_form_or_state,기존 의미와 소유·범위·가시 조건까지 동등성 비교 후 재사용 또는 보강,S24;S32;S41,,0,0,Family-level or selected-product evidence; not every alias independently verified. Promotion resolves term-specific gaps.,not_inferred_from_lexical_mention,False
WIN168,08,투웨이 지퍼 — Two-way zip,Two-way zip,WF51,P0,visible_form_or_state,기존 의미와 소유·범위·가시 조건까지 동등성 비교 후 재사용 또는 보강,S24;S32;S41,,0,0,Family-level or selected-product evidence; not every alias independently verified. Promotion resolves term-specific gaps.,not_inferred_from_lexical_mention,False
WIN169,08,피카부 — Peekaboo,Peekaboo,WF52,P0,visible_form_or_state,기존 의미와 소유·범위·가시 조건까지 동등성 비교 후 재사용 또는 보강,S18;S27;S28;S41,clt_ct079_v1;clt_ct079_v2,2,2,Family-level or selected-product evidence; not every alias independently verified. Promotion resolves term-specific gaps.,not_inferred_from_lexical_mention,False
WIN170,08,시어 — Sheer,Sheer,WF52,P0,visible_form_or_state,기존 의미와 소유·범위·가시 조건까지 동등성 비교 후 재사용 또는 보강,S18;S27;S28;S41,clt_ct079_v1;clt_ct079_v2,26,11,Family-level or selected-product evidence; not every alias independently verified. Promotion resolves term-specific gaps.,not_inferred_from_lexical_mention,False
WIN171,08,일루전 컷아웃 — Illusion cutout,Illusion cutout,WF52;WF43,P0,visible_form_or_state,기존 의미와 소유·범위·가시 조건까지 동등성 비교 후 재사용 또는 보강,S18;S27;S28;S41,clt_ct079_v1;clt_ct079_v2,0,0,Family-level or selected-product evidence; not every alias independently verified. Promotion resolves term-specific gaps.,not_inferred_from_lexical_mention,False
WIN172,09a,스웨터 드레스 — Sweater dress,Sweater dress,WF53,P1,visible_form_or_state,기존 의미와 소유·범위·가시 조건까지 동등성 비교 후 재사용 또는 보강,S22;S25;S32;S41,,0,0,Family-level or selected-product evidence; not every alias independently verified. Promotion resolves term-specific gaps.,not_inferred_from_lexical_mention,False
WIN173,09a,리브 니트 드레스 — Rib-knit dress,Rib-knit dress,WF53;WF16,P0,visible_form_or_state,기존 의미와 소유·범위·가시 조건까지 동등성 비교 후 재사용 또는 보강,S11;S15;S22;S25;S32;S41,clothing_ct087_v1;clt_ct087_v1;clt_ct087_v2,0,0,Family-level or selected-product evidence; not every alias independently verified. Promotion resolves term-specific gaps.,not_inferred_from_lexical_mention,False
WIN174,09a,보디콘 드레스 — Bodycon dress,Bodycon dress,WF53;WF44,P0,visible_form_or_state,기존 의미와 소유·범위·가시 조건까지 동등성 비교 후 재사용 또는 보강,S11;S22;S25;S32;S41,,1,1,Family-level or selected-product evidence; not every alias independently verified. Promotion resolves term-specific gaps.,not_inferred_from_lexical_mention,False
WIN175,09a,랩 드레스 — Wrap dress,Wrap dress,WF53;WF36,P0,visible_form_or_state,기존 의미와 소유·범위·가시 조건까지 동등성 비교 후 재사용 또는 보강,S22;S25;S32;S41,,3,2,Family-level or selected-product evidence; not every alias independently verified. Promotion resolves term-specific gaps.,not_inferred_from_lexical_mention,False
WIN176,09a,슬립 드레스 — Slip dress,Slip dress,WF53;WF13,P1,visible_form_or_state,기존 의미와 소유·범위·가시 조건까지 동등성 비교 후 재사용 또는 보강,S10;S11;S13;S22;S25;S32;S41,,4,1,Family-level or selected-product evidence; not every alias independently verified. Promotion resolves term-specific gaps.,not_inferred_from_lexical_mention,False
WIN177,09a,블레이저 드레스 — Blazer dress,Blazer dress,WF53,P1,visible_form_or_state,기존 의미와 소유·범위·가시 조건까지 동등성 비교 후 재사용 또는 보강,S22;S25;S32;S41,,0,0,Family-level or selected-product evidence; not every alias independently verified. Promotion resolves term-specific gaps.,not_inferred_from_lexical_mention,False
WIN178,09a,피나포어 드레스 — Pinafore dress,Pinafore dress,WF53,P1,visible_form_or_state,기존 의미와 소유·범위·가시 조건까지 동등성 비교 후 재사용 또는 보강,S22;S25;S32;S41,,0,0,Family-level or selected-product evidence; not every alias independently verified. Promotion resolves term-specific gaps.,not_inferred_from_lexical_mention,False
WIN179,09a,코르셋 드레스 — Corset dress,Corset dress,WF53;WF45,P0,visible_form_or_state,기존 의미와 소유·범위·가시 조건까지 동등성 비교 후 재사용 또는 보강,S22;S25;S32;S41,,2,0,Family-level or selected-product evidence; not every alias independently verified. Promotion resolves term-specific gaps.,not_inferred_from_lexical_mention,False
WIN180,09a,오프숄더 니트 드레스 — Off-shoulder knit dress,Off-shoulder knit dress,WF53;WF42,P0,visible_form_or_state,기존 의미와 소유·범위·가시 조건까지 동등성 비교 후 재사용 또는 보강,S22;S25;S26;S32;S41,,0,0,Family-level or selected-product evidence; not every alias independently verified. Promotion resolves term-specific gaps.,not_inferred_from_lexical_mention,False
WIN181,09a,컷아웃 니트 드레스 — Cutout knit dress,Cutout knit dress,WF53;WF48,P0,visible_form_or_state,기존 의미와 소유·범위·가시 조건까지 동등성 비교 후 재사용 또는 보강,S22;S25;S32;S41,,0,0,Family-level or selected-product evidence; not every alias independently verified. Promotion resolves term-specific gaps.,not_inferred_from_lexical_mention,False
WIN182,09b,미니스커트 — Mini skirt,Mini skirt,WF54,P1,visible_form_or_state,기존 의미와 소유·범위·가시 조건까지 동등성 비교 후 재사용 또는 보강,S22;S26,,2,1,Family-level or selected-product evidence; not every alias independently verified. Promotion resolves term-specific gaps.,not_inferred_from_lexical_mention,False
WIN183,09b,마이크로 미니 — Micro mini,Micro mini,WF54,P1,visible_form_or_state,기존 의미와 소유·범위·가시 조건까지 동등성 비교 후 재사용 또는 보강,S22;S26,,2,2,Family-level or selected-product evidence; not every alias independently verified. Promotion resolves term-specific gaps.,not_inferred_from_lexical_mention,False
WIN184,09b,미디 — Midi,Midi,WF54,P1,visible_form_or_state,기존 의미와 소유·범위·가시 조건까지 동등성 비교 후 재사용 또는 보강,S22;S26,,12,4,Family-level or selected-product evidence; not every alias independently verified. Promotion resolves term-specific gaps.,not_inferred_from_lexical_mention,False
WIN185,09b,맥시 — Maxi,Maxi,WF54,P1,visible_form_or_state,기존 의미와 소유·범위·가시 조건까지 동등성 비교 후 재사용 또는 보강,S22;S26,,3,0,Family-level or selected-product evidence; not every alias independently verified. Promotion resolves term-specific gaps.,not_inferred_from_lexical_mention,False
WIN186,09b,펜슬 스커트 — Pencil skirt,Pencil skirt,WF54,P1,visible_form_or_state,기존 의미와 소유·범위·가시 조건까지 동등성 비교 후 재사용 또는 보강,S22;S26,,2,0,Family-level or selected-product evidence; not every alias independently verified. Promotion resolves term-specific gaps.,not_inferred_from_lexical_mention,False
WIN187,09b,에이라인 — A-line,A-line,WF54,P1,visible_form_or_state,기존 의미와 소유·범위·가시 조건까지 동등성 비교 후 재사용 또는 보강,S22;S26,,5,6,Family-level or selected-product evidence; not every alias independently verified. Promotion resolves term-specific gaps.,not_inferred_from_lexical_mention,False
WIN188,09b,플리츠 — Pleated skirt,Pleated skirt,WF54,P1,visible_form_or_state,기존 의미와 소유·범위·가시 조건까지 동등성 비교 후 재사용 또는 보강,S22;S26,,6,5,Family-level or selected-product evidence; not every alias independently verified. Promotion resolves term-specific gaps.,not_inferred_from_lexical_mention,False
WIN189,09b,랩 스커트 — Wrap skirt,Wrap skirt,WF54;WF55,P0,visible_form_or_state,기존 의미와 소유·범위·가시 조건까지 동등성 비교 후 재사용 또는 보강,S22;S26;S41,,3,1,Family-level or selected-product evidence; not every alias independently verified. Promotion resolves term-specific gaps.,not_inferred_from_lexical_mention,False
WIN190,09b,머메이드 스커트 — Mermaid skirt,Mermaid skirt,WF54,P1,visible_form_or_state,기존 의미와 소유·범위·가시 조건까지 동등성 비교 후 재사용 또는 보강,S22;S26,,0,0,Family-level or selected-product evidence; not every alias independently verified. Promotion resolves term-specific gaps.,not_inferred_from_lexical_mention,False
WIN191,09b,비대칭 헴 — Asymmetric hem,Asymmetric hem,WF54,P1,visible_form_or_state,기존 의미와 소유·범위·가시 조건까지 동등성 비교 후 재사용 또는 보강,S22;S26,,1,0,Family-level or selected-product evidence; not every alias independently verified. Promotion resolves term-specific gaps.,not_inferred_from_lexical_mention,False
WIN192,09b,사이드 슬릿 — Side slit,Side slit,WF55,P0,visible_form_or_state,기존 의미와 소유·범위·가시 조건까지 동등성 비교 후 재사용 또는 보강,S26;S41,,3,3,Family-level or selected-product evidence; not every alias independently verified. Promotion resolves term-specific gaps.,not_inferred_from_lexical_mention,False
WIN193,09b,하이 슬릿 — High slit / Thigh-high slit,High slit / Thigh-high slit,WF55,P0,visible_form_or_state,기존 의미와 소유·범위·가시 조건까지 동등성 비교 후 재사용 또는 보강,S26;S41,,1,1,Family-level or selected-product evidence; not every alias independently verified. Promotion resolves term-specific gaps.,not_inferred_from_lexical_mention,False
WIN194,09b,프런트 슬릿 — Front slit,Front slit,WF55,P0,visible_form_or_state,기존 의미와 소유·범위·가시 조건까지 동등성 비교 후 재사용 또는 보강,S26;S41,,0,0,Family-level or selected-product evidence; not every alias independently verified. Promotion resolves term-specific gaps.,not_inferred_from_lexical_mention,False
WIN195,09b,더블 슬릿 — Double slit,Double slit,WF55,P0,visible_form_or_state,기존 의미와 소유·범위·가시 조건까지 동등성 비교 후 재사용 또는 보강,S26;S41,,0,0,Family-level or selected-product evidence; not every alias independently verified. Promotion resolves term-specific gaps.,not_inferred_from_lexical_mention,False
WIN196,09b,스코트 — Skort,Skort,WF55,P0,visible_result_and_hidden_construction_split,가시 형상·공정·내부 구조를 나누며 보이지 않는 부분은 별도 근거 필요,S26;S41,,2,3,Family-level or selected-product evidence; not every alias independently verified. Promotion resolves term-specific gaps.,not_inferred_from_lexical_mention,False
WIN197,10,울 트라우저 — Wool trousers,Wool trousers,WF56;WF05,P0,fiber_specification_plus_optional_visible_surface,원료 명세 보존; 사용자가 선택한 가시 표면만 별도 변형으로 작성,S05;S06;S07;S22;S26,,0,0,Family-level or selected-product evidence; not every alias independently verified. Promotion resolves term-specific gaps.,not_inferred_from_lexical_mention,False
WIN198,10,와이드 레그 — Wide-leg,Wide-leg,WF56,P1,visible_form_or_state,기존 의미와 소유·범위·가시 조건까지 동등성 비교 후 재사용 또는 보강,S22;S26,,4,1,Family-level or selected-product evidence; not every alias independently verified. Promotion resolves term-specific gaps.,not_inferred_from_lexical_mention,False
WIN199,10,스트레이트 레그 — Straight-leg,Straight-leg,WF56,P1,visible_form_or_state,기존 의미와 소유·범위·가시 조건까지 동등성 비교 후 재사용 또는 보강,S22;S26,,0,0,Family-level or selected-product evidence; not every alias independently verified. Promotion resolves term-specific gaps.,not_inferred_from_lexical_mention,False
WIN200,10,스키니 — Skinny,Skinny,WF56,P1,visible_form_or_state,기존 의미와 소유·범위·가시 조건까지 동등성 비교 후 재사용 또는 보강,S22;S26,,3,2,Family-level or selected-product evidence; not every alias independently verified. Promotion resolves term-specific gaps.,not_inferred_from_lexical_mention,False
WIN201,10,부츠컷 — Bootcut,Bootcut,WF56,P1,visible_form_or_state,기존 의미와 소유·범위·가시 조건까지 동등성 비교 후 재사용 또는 보강,S22;S26,,2,2,Family-level or selected-product evidence; not every alias independently verified. Promotion resolves term-specific gaps.,not_inferred_from_lexical_mention,False
WIN202,10,플레어 — Flared,Flared,WF56,P1,visible_form_or_state,기존 의미와 소유·범위·가시 조건까지 동등성 비교 후 재사용 또는 보강,S22;S26,,20,17,Family-level or selected-product evidence; not every alias independently verified. Promotion resolves term-specific gaps.,not_inferred_from_lexical_mention,False
WIN203,10,배럴 레그 — Barrel-leg,Barrel-leg,WF56,P1,visible_form_or_state,기존 의미와 소유·범위·가시 조건까지 동등성 비교 후 재사용 또는 보강,S22;S26,,1,1,Family-level or selected-product evidence; not every alias independently verified. Promotion resolves term-specific gaps.,not_inferred_from_lexical_mention,False
WIN204,10,하이 라이즈 — High-rise,High-rise,WF56;WF47,P0,visible_form_or_state,기존 의미와 소유·범위·가시 조건까지 동등성 비교 후 재사용 또는 보강,S22;S26;S28;S41,,1,1,Family-level or selected-product evidence; not every alias independently verified. Promotion resolves term-specific gaps.,not_inferred_from_lexical_mention,False
WIN205,10,로 라이즈 — Low-rise,Low-rise,WF56;WF47,P0,visible_form_or_state,기존 의미와 소유·범위·가시 조건까지 동등성 비교 후 재사용 또는 보강,S22;S26;S28;S41,,5,5,Family-level or selected-product evidence; not every alias independently verified. Promotion resolves term-specific gaps.,not_inferred_from_lexical_mention,False
WIN206,10,울 쇼츠 — Wool shorts,Wool shorts,WF57,P0,fiber_specification_plus_optional_visible_surface,원료 명세 보존; 사용자가 선택한 가시 표면만 별도 변형으로 작성,S22;S30;S32,,0,0,Family-level or selected-product evidence; not every alias independently verified. Promotion resolves term-specific gaps.,not_inferred_from_lexical_mention,False
WIN207,10,핫팬츠 — Hot pants,Hot pants,WF57,P0,visible_form_or_state,기존 의미와 소유·범위·가시 조건까지 동등성 비교 후 재사용 또는 보강,S22;S30;S32,,1,0,Family-level or selected-product evidence; not every alias independently verified. Promotion resolves term-specific gaps.,not_inferred_from_lexical_mention,False
WIN208,10,레깅스 — Leggings,Leggings,WF57,P0,visible_form_or_state,기존 의미와 소유·범위·가시 조건까지 동등성 비교 후 재사용 또는 보강,S22;S30;S32,,12,5,Family-level or selected-product evidence; not every alias independently verified. Promotion resolves term-specific gaps.,not_inferred_from_lexical_mention,False
WIN209,10,스티럽 레깅스 — Stirrup leggings,Stirrup leggings,WF57,P0,visible_form_or_state,기존 의미와 소유·범위·가시 조건까지 동등성 비교 후 재사용 또는 보강,S22;S30;S32,,1,1,Family-level or selected-product evidence; not every alias independently verified. Promotion resolves term-specific gaps.,not_inferred_from_lexical_mention,False
WIN210,10,캣수트 — Catsuit,Catsuit,WF57,P0,visible_form_or_state,기존 의미와 소유·범위·가시 조건까지 동등성 비교 후 재사용 또는 보강,S22;S30;S32,,4,0,Family-level or selected-product evidence; not every alias independently verified. Promotion resolves term-specific gaps.,not_inferred_from_lexical_mention,False
WIN211,11,타이츠 — Tights,Tights,WF58,P0,visible_form_or_state,기존 의미와 소유·범위·가시 조건까지 동등성 비교 후 재사용 또는 보강,S27;S29,,8,5,Family-level or selected-product evidence; not every alias independently verified. Promotion resolves term-specific gaps.,not_inferred_from_lexical_mention,False
WIN212,11,팬티호즈 — Pantyhose,Pantyhose,WF58,P0,visible_form_or_state,기존 의미와 소유·범위·가시 조건까지 동등성 비교 후 재사용 또는 보강,S27;S29,,0,0,Family-level or selected-product evidence; not every alias independently verified. Promotion resolves term-specific gaps.,not_inferred_from_lexical_mention,False
WIN213,11,시어 타이츠 — Sheer tights,Sheer tights,WF58,P0,visible_form_or_state,기존 의미와 소유·범위·가시 조건까지 동등성 비교 후 재사용 또는 보강,S27;S29,,1,1,Family-level or selected-product evidence; not every alias independently verified. Promotion resolves term-specific gaps.,not_inferred_from_lexical_mention,False
WIN214,11,세미시어 — Semi-sheer,Semi-sheer,WF58,P0,visible_form_or_state,기존 의미와 소유·범위·가시 조건까지 동등성 비교 후 재사용 또는 보강,S27;S29,,2,2,Family-level or selected-product evidence; not every alias independently verified. Promotion resolves term-specific gaps.,not_inferred_from_lexical_mention,False
WIN215,11,오페이크 — Opaque,Opaque,WF58,P0,visible_form_or_state,기존 의미와 소유·범위·가시 조건까지 동등성 비교 후 재사용 또는 보강,S27;S29,,54,32,Family-level or selected-product evidence; not every alias independently verified. Promotion resolves term-specific gaps.,not_inferred_from_lexical_mention,False
WIN216,11,울 타이츠 — Wool tights,Wool tights,WF58;WF05,P0,fiber_specification_plus_optional_visible_surface,원료 명세 보존; 사용자가 선택한 가시 표면만 별도 변형으로 작성,S05;S06;S07;S27;S29,,0,0,Family-level or selected-product evidence; not every alias independently verified. Promotion resolves term-specific gaps.,not_inferred_from_lexical_mention,False
WIN217,11,리브 타이츠 — Ribbed tights,Ribbed tights,WF58;WF16,P0,visible_form_or_state,기존 의미와 소유·범위·가시 조건까지 동등성 비교 후 재사용 또는 보강,S11;S15;S27;S29,clothing_ct087_v1;clt_ct087_v1;clt_ct087_v2,0,0,Family-level or selected-product evidence; not every alias independently verified. Promotion resolves term-specific gaps.,not_inferred_from_lexical_mention,False
WIN218,11,기모 타이츠 — Fleece-lined tights,Fleece-lined tights,WF59,P0,visible_result_and_hidden_construction_split,가시 형상·공정·내부 구조를 나누며 보이지 않는 부분은 별도 근거 필요,S27;S28;S29,,0,0,Family-level or selected-product evidence; not every alias independently verified. Promotion resolves term-specific gaps.,not_inferred_from_lexical_mention,False
WIN219,11,페이크 시어 타이츠 — Faux-sheer tights,Faux-sheer tights,WF59,P0,visible_form_or_state,기존 의미와 소유·범위·가시 조건까지 동등성 비교 후 재사용 또는 보강,S27;S28;S29,,0,0,Family-level or selected-product evidence; not every alias independently verified. Promotion resolves term-specific gaps.,not_inferred_from_lexical_mention,False
WIN220,11,피시넷 — Fishnet,Fishnet,WF60,P0,visible_form_or_state,기존 의미와 소유·범위·가시 조건까지 동등성 비교 후 재사용 또는 보강,S13;S27;S37,,3,0,Family-level or selected-product evidence; not every alias independently verified. Promotion resolves term-specific gaps.,not_inferred_from_lexical_mention,False
WIN221,11,레이스 스타킹 — Lace stockings,Lace stockings,WF60,P0,visible_form_or_state,기존 의미와 소유·범위·가시 조건까지 동등성 비교 후 재사용 또는 보강,S13;S27;S37,,0,0,Family-level or selected-product evidence; not every alias independently verified. Promotion resolves term-specific gaps.,not_inferred_from_lexical_mention,False
WIN222,11,백심 — Back-seam hosiery,Back-seam hosiery,WF60,P0,visible_form_or_state,기존 의미와 소유·범위·가시 조건까지 동등성 비교 후 재사용 또는 보강,S13;S27;S37,,1,1,Family-level or selected-product evidence; not every alias independently verified. Promotion resolves term-specific gaps.,not_inferred_from_lexical_mention,False
WIN223,11,사이하이 스타킹 — Thigh-high stockings,Thigh-high stockings,WF61,P0,visible_form_or_state,기존 의미와 소유·범위·가시 조건까지 동등성 비교 후 재사용 또는 보강,S25;S27,clt_ct025_v1;clt_ct107_v1;pfe_garter_path;pfe_garter_path_candidate,0,0,Family-level or selected-product evidence; not every alias independently verified. Promotion resolves term-specific gaps.,not_inferred_from_lexical_mention,False
WIN224,11,홀드업·스테이업 — Hold-ups / Stay-ups,Hold-ups / Stay-ups,WF61,P0,visible_result_and_hidden_construction_split,가시 형상·공정·내부 구조를 나누며 보이지 않는 부분은 별도 근거 필요,S25;S27,clt_ct025_v1;clt_ct107_v1;pfe_garter_path;pfe_garter_path_candidate,0,0,Family-level or selected-product evidence; not every alias independently verified. Promotion resolves term-specific gaps.,not_inferred_from_lexical_mention,False
WIN225,11,가터벨트 — Garter belt / Suspender belt,Garter belt / Suspender belt,WF61,P0,visible_form_or_state,기존 의미와 소유·범위·가시 조건까지 동등성 비교 후 재사용 또는 보강,S25;S27,clt_ct025_v1;clt_ct107_v1;pfe_garter_path;pfe_garter_path_candidate,1,1,Family-level or selected-product evidence; not every alias independently verified. Promotion resolves term-specific gaps.,not_inferred_from_lexical_mention,False
WIN226,11,니삭스 — Knee-high socks,Knee-high socks,WF62,P0,visible_form_or_state,기존 의미와 소유·범위·가시 조건까지 동등성 비교 후 재사용 또는 보강,S30;S32,,0,0,Family-level or selected-product evidence; not every alias independently verified. Promotion resolves term-specific gaps.,not_inferred_from_lexical_mention,False
WIN227,11,오버니 삭스 — Over-the-knee socks,Over-the-knee socks,WF62,P0,visible_form_or_state,기존 의미와 소유·범위·가시 조건까지 동등성 비교 후 재사용 또는 보강,S30;S32,,0,0,Family-level or selected-product evidence; not every alias independently verified. Promotion resolves term-specific gaps.,not_inferred_from_lexical_mention,False
WIN228,11,레그워머 — Leg warmers,Leg warmers,WF62,P0,visible_form_or_state,기존 의미와 소유·범위·가시 조건까지 동등성 비교 후 재사용 또는 보강,S30;S32,,2,3,Family-level or selected-product evidence; not every alias independently verified. Promotion resolves term-specific gaps.,not_inferred_from_lexical_mention,False
WIN229,12,앵클부츠 — Ankle boots,Ankle boots,WF63,P0,visible_form_or_state,기존 의미와 소유·범위·가시 조건까지 동등성 비교 후 재사용 또는 보강,S30,fishnet_thigh_high_boots;tall_suede_boots,2,0,Family-level or selected-product evidence; not every alias independently verified. Promotion resolves term-specific gaps.,not_inferred_from_lexical_mention,False
WIN230,12,미드카프 부츠 — Mid-calf boots,Mid-calf boots,WF63,P0,visible_form_or_state,기존 의미와 소유·범위·가시 조건까지 동등성 비교 후 재사용 또는 보강,S30,fishnet_thigh_high_boots;tall_suede_boots,0,0,Family-level or selected-product evidence; not every alias independently verified. Promotion resolves term-specific gaps.,not_inferred_from_lexical_mention,False
WIN231,12,니하이 부츠 — Knee-high boots,Knee-high boots,WF63,P0,visible_form_or_state,기존 의미와 소유·범위·가시 조건까지 동등성 비교 후 재사용 또는 보강,S30,fishnet_thigh_high_boots;tall_suede_boots,1,1,Family-level or selected-product evidence; not every alias independently verified. Promotion resolves term-specific gaps.,not_inferred_from_lexical_mention,False
WIN232,12,오버니 부츠 — Over-the-knee boots,Over-the-knee boots,WF63,P0,visible_form_or_state,기존 의미와 소유·범위·가시 조건까지 동등성 비교 후 재사용 또는 보강,S30,fishnet_thigh_high_boots;tall_suede_boots,0,0,Family-level or selected-product evidence; not every alias independently verified. Promotion resolves term-specific gaps.,not_inferred_from_lexical_mention,False
WIN233,12,사이하이 부츠 — Thigh-high boots,Thigh-high boots,WF63,P0,visible_form_or_state,기존 의미와 소유·범위·가시 조건까지 동등성 비교 후 재사용 또는 보강,S30,fishnet_thigh_high_boots;tall_suede_boots,1,0,Family-level or selected-product evidence; not every alias independently verified. Promotion resolves term-specific gaps.,not_inferred_from_lexical_mention,False
WIN234,12,삭스부츠 — Sock boots,Sock boots,WF64,P1,visible_form_or_state,기존 의미와 소유·범위·가시 조건까지 동등성 비교 후 재사용 또는 보강,S30;S37,,0,0,Family-level or selected-product evidence; not every alias independently verified. Promotion resolves term-specific gaps.,not_inferred_from_lexical_mention,False
WIN235,12,라이딩 부츠 — Riding boots,Riding boots,WF64,P1,visible_form_or_state,기존 의미와 소유·범위·가시 조건까지 동등성 비교 후 재사용 또는 보강,S30;S37,,0,0,Family-level or selected-product evidence; not every alias independently verified. Promotion resolves term-specific gaps.,not_inferred_from_lexical_mention,False
WIN236,12,첼시부츠 — Chelsea boots,Chelsea boots,WF64,P1,visible_form_or_state,기존 의미와 소유·범위·가시 조건까지 동등성 비교 후 재사용 또는 보강,S30;S37,,0,0,Family-level or selected-product evidence; not every alias independently verified. Promotion resolves term-specific gaps.,not_inferred_from_lexical_mention,False
WIN237,12,컴뱃부츠 — Combat boots,Combat boots,WF64,P1,visible_form_or_state,기존 의미와 소유·범위·가시 조건까지 동등성 비교 후 재사용 또는 보강,S30;S37,,0,0,Family-level or selected-product evidence; not every alias independently verified. Promotion resolves term-specific gaps.,not_inferred_from_lexical_mention,False
WIN238,12,바이커·엔지니어 부츠 — Biker / Engineer boots,Biker / Engineer boots,WF64,P1,visible_form_or_state,기존 의미와 소유·범위·가시 조건까지 동등성 비교 후 재사용 또는 보강,S30;S37,,1,2,Family-level or selected-product evidence; not every alias independently verified. Promotion resolves term-specific gaps.,not_inferred_from_lexical_mention,False
WIN239,12,플랫폼 부츠 — Platform boots,Platform boots,WF65,P0,visible_form_or_state,기존 의미와 소유·범위·가시 조건까지 동등성 비교 후 재사용 또는 보강,S02;S30,,1,1,Family-level or selected-product evidence; not every alias independently verified. Promotion resolves term-specific gaps.,not_inferred_from_lexical_mention,False
WIN240,12,러그솔 — Lug sole,Lug sole,WF65,P0,visible_form_or_state,기존 의미와 소유·범위·가시 조건까지 동등성 비교 후 재사용 또는 보강,S02;S30,,0,0,Family-level or selected-product evidence; not every alias independently verified. Promotion resolves term-specific gaps.,not_inferred_from_lexical_mention,False
WIN241,12,시어링 부츠 — Shearling boots,Shearling boots,WF07;WF63,P0,visible_form_or_state,기존 의미와 소유·범위·가시 조건까지 동등성 비교 후 재사용 또는 보강,S08;S09;S30;S42,fishnet_thigh_high_boots;tall_suede_boots,0,0,Family-level or selected-product evidence; not every alias independently verified. Promotion resolves term-specific gaps.,not_inferred_from_lexical_mention,False
WIN242,12,스노부츠 — Snow boots,Snow boots,WF65,P0,visible_form_or_state,기존 의미와 소유·범위·가시 조건까지 동등성 비교 후 재사용 또는 보강,S02;S30,,0,0,Family-level or selected-product evidence; not every alias independently verified. Promotion resolves term-specific gaps.,not_inferred_from_lexical_mention,False
WIN243,12,슬라우치 부츠 — Slouch boots,Slouch boots,WF65,P0,visible_form_or_state,기존 의미와 소유·범위·가시 조건까지 동등성 비교 후 재사용 또는 보강,S02;S30,,0,0,Family-level or selected-product evidence; not every alias independently verified. Promotion resolves term-specific gaps.,not_inferred_from_lexical_mention,False
WIN244,12,폴드오버 부츠 — Fold-over boots,Fold-over boots,WF65,P0,visible_form_or_state,기존 의미와 소유·범위·가시 조건까지 동등성 비교 후 재사용 또는 보강,S02;S30,,0,0,Family-level or selected-product evidence; not every alias independently verified. Promotion resolves term-specific gaps.,not_inferred_from_lexical_mention,False
WIN245,13,머플러·스카프 — Scarf,Scarf,WF66,P0,visible_form_or_state,기존 의미와 소유·범위·가시 조건까지 동등성 비교 후 재사용 또는 보강,S31;S33,,26,9,Family-level or selected-product evidence; not every alias independently verified. Promotion resolves term-specific gaps.,not_inferred_from_lexical_mention,False
WIN246,13,블랭킷 스카프 — Blanket scarf,Blanket scarf,WF66,P0,visible_form_or_state,기존 의미와 소유·범위·가시 조건까지 동등성 비교 후 재사용 또는 보강,S31;S33,,0,0,Family-level or selected-product evidence; not every alias independently verified. Promotion resolves term-specific gaps.,not_inferred_from_lexical_mention,False
WIN247,13,스톨 — Stole,Stole,WF66,P0,visible_form_or_state,기존 의미와 소유·범위·가시 조건까지 동등성 비교 후 재사용 또는 보강,S31;S33,,2,0,Family-level or selected-product evidence; not every alias independently verified. Promotion resolves term-specific gaps.,not_inferred_from_lexical_mention,False
WIN248,13,숄 — Shawl,Shawl,WF66,P0,visible_form_or_state,기존 의미와 소유·범위·가시 조건까지 동등성 비교 후 재사용 또는 보강,S31;S33,,7,3,Family-level or selected-product evidence; not every alias independently verified. Promotion resolves term-specific gaps.,not_inferred_from_lexical_mention,False
WIN249,13,스누드 — Snood,Snood,WF66,P0,visible_form_or_state,기존 의미와 소유·범위·가시 조건까지 동등성 비교 후 재사용 또는 보강,S31;S33,,0,0,Family-level or selected-product evidence; not every alias independently verified. Promotion resolves term-specific gaps.,not_inferred_from_lexical_mention,False
WIN250,13,넥워머 — Neck warmer / Neck gaiter,Neck warmer / Neck gaiter,WF66,P0,visible_form_or_state,기존 의미와 소유·범위·가시 조건까지 동등성 비교 후 재사용 또는 보강,S31;S33,,0,0,Family-level or selected-product evidence; not every alias independently verified. Promotion resolves term-specific gaps.,not_inferred_from_lexical_mention,False
WIN251,13,발라클라바 — Balaclava,Balaclava,WF67,P0,visible_form_or_state,기존 의미와 소유·범위·가시 조건까지 동등성 비교 후 재사용 또는 보강,S31;S33,,0,0,Family-level or selected-product evidence; not every alias independently verified. Promotion resolves term-specific gaps.,not_inferred_from_lexical_mention,False
WIN252,13,후디드 스카프 — Hooded scarf,Hooded scarf,WF67,P0,visible_form_or_state,기존 의미와 소유·범위·가시 조건까지 동등성 비교 후 재사용 또는 보강,S31;S33,,0,0,Family-level or selected-product evidence; not every alias independently verified. Promotion resolves term-specific gaps.,not_inferred_from_lexical_mention,False
WIN253,13,비니 — Beanie,Beanie,WF67,P0,visible_form_or_state,기존 의미와 소유·범위·가시 조건까지 동등성 비교 후 재사용 또는 보강,S31;S33,,1,0,Family-level or selected-product evidence; not every alias independently verified. Promotion resolves term-specific gaps.,not_inferred_from_lexical_mention,False
WIN254,13,베레 — Beret,Beret,WF67,P0,visible_form_or_state,기존 의미와 소유·범위·가시 조건까지 동등성 비교 후 재사용 또는 보강,S31;S33,,1,0,Family-level or selected-product evidence; not every alias independently verified. Promotion resolves term-specific gaps.,not_inferred_from_lexical_mention,False
WIN255,13,트래퍼 햇 — Trapper hat,Trapper hat,WF67,P0,visible_form_or_state,기존 의미와 소유·범위·가시 조건까지 동등성 비교 후 재사용 또는 보강,S31;S33,,0,0,Family-level or selected-product evidence; not every alias independently verified. Promotion resolves term-specific gaps.,not_inferred_from_lexical_mention,False
WIN256,13,이어머프 — Earmuffs,Earmuffs,WF67,P0,visible_form_or_state,기존 의미와 소유·범위·가시 조건까지 동등성 비교 후 재사용 또는 보강,S31;S33,,0,0,Family-level or selected-product evidence; not every alias independently verified. Promotion resolves term-specific gaps.,not_inferred_from_lexical_mention,False
WIN257,13,미튼 — Mittens,Mittens,WF68,P0,visible_form_or_state,기존 의미와 소유·범위·가시 조건까지 동등성 비교 후 재사용 또는 보강,S15;S32;S33,,2,1,Family-level or selected-product evidence; not every alias independently verified. Promotion resolves term-specific gaps.,not_inferred_from_lexical_mention,False
WIN258,13,핑거리스 글러브 — Fingerless gloves,Fingerless gloves,WF68,P0,visible_form_or_state,기존 의미와 소유·범위·가시 조건까지 동등성 비교 후 재사용 또는 보강,S15;S32;S33,,1,1,Family-level or selected-product evidence; not every alias independently verified. Promotion resolves term-specific gaps.,not_inferred_from_lexical_mention,False
WIN259,13,오페라 글러브 — Opera gloves,Opera gloves,WF68,P0,visible_form_or_state,기존 의미와 소유·범위·가시 조건까지 동등성 비교 후 재사용 또는 보강,S15;S32;S33,,2,1,Family-level or selected-product evidence; not every alias independently verified. Promotion resolves term-specific gaps.,not_inferred_from_lexical_mention,False
WIN260,13,암워머 — Arm warmers,Arm warmers,WF68,P0,visible_form_or_state,기존 의미와 소유·범위·가시 조건까지 동등성 비교 후 재사용 또는 보강,S15;S32;S33,,0,0,Family-level or selected-product evidence; not every alias independently verified. Promotion resolves term-specific gaps.,not_inferred_from_lexical_mention,False
WIN261,13,머프 — Muff,Muff,WF68,P0,visible_form_or_state,기존 의미와 소유·범위·가시 조건까지 동등성 비교 후 재사용 또는 보강,S15;S32;S33,,0,0,Family-level or selected-product evidence; not every alias independently verified. Promotion resolves term-specific gaps.,not_inferred_from_lexical_mention,False
WIN262,13,탈착식 칼라 — Detachable collar,Detachable collar,WF69,P0,visible_form_or_state,기존 의미와 소유·범위·가시 조건까지 동등성 비교 후 재사용 또는 보강,S25;S37,,0,0,Family-level or selected-product evidence; not every alias independently verified. Promotion resolves term-specific gaps.,not_inferred_from_lexical_mention,False
WIN263,13,코르셋 벨트 — Corset belt,Corset belt,WF69,P0,visible_form_or_state,기존 의미와 소유·범위·가시 조건까지 동등성 비교 후 재사용 또는 보강,S25;S37,,1,0,Family-level or selected-product evidence; not every alias independently verified. Promotion resolves term-specific gaps.,not_inferred_from_lexical_mention,False
WIN264,13,패션 하네스 — Fashion harness,Fashion harness,WF69,P0,visible_form_or_state,기존 의미와 소유·범위·가시 조건까지 동등성 비교 후 재사용 또는 보강,S25;S37,,0,0,Family-level or selected-product evidence; not every alias independently verified. Promotion resolves term-specific gaps.,not_inferred_from_lexical_mention,False
WIN265,14,드롭숄더 — Drop shoulder,Drop shoulder,WF70,P0,visible_form_or_state,기존 의미와 소유·범위·가시 조건까지 동등성 비교 후 재사용 또는 보강,S15;S26,thumbhole_cuff_hand_opening,4,2,Family-level or selected-product evidence; not every alias independently verified. Promotion resolves term-specific gaps.,not_inferred_from_lexical_mention,False
WIN266,14,래글런 — Raglan sleeve,Raglan sleeve,WF70,P0,visible_form_or_state,기존 의미와 소유·범위·가시 조건까지 동등성 비교 후 재사용 또는 보강,S15;S26,thumbhole_cuff_hand_opening,2,1,Family-level or selected-product evidence; not every alias independently verified. Promotion resolves term-specific gaps.,not_inferred_from_lexical_mention,False
WIN267,14,돌먼·배트윙 — Dolman / Batwing sleeve,Dolman / Batwing sleeve,WF70,P0,visible_form_or_state,기존 의미와 소유·범위·가시 조건까지 동등성 비교 후 재사용 또는 보강,S15;S26,thumbhole_cuff_hand_opening,3,1,Family-level or selected-product evidence; not every alias independently verified. Promotion resolves term-specific gaps.,not_inferred_from_lexical_mention,False
WIN268,14,퍼프 슬리브 — Puff sleeve,Puff sleeve,WF70,P0,visible_form_or_state,기존 의미와 소유·범위·가시 조건까지 동등성 비교 후 재사용 또는 보강,S15;S26,thumbhole_cuff_hand_opening,1,1,Family-level or selected-product evidence; not every alias independently verified. Promotion resolves term-specific gaps.,not_inferred_from_lexical_mention,False
WIN269,14,벌룬 슬리브 — Balloon sleeve,Balloon sleeve,WF70,P0,visible_form_or_state,기존 의미와 소유·범위·가시 조건까지 동등성 비교 후 재사용 또는 보강,S15;S26,thumbhole_cuff_hand_opening,0,0,Family-level or selected-product evidence; not every alias independently verified. Promotion resolves term-specific gaps.,not_inferred_from_lexical_mention,False
WIN270,14,비숍 슬리브 — Bishop sleeve,Bishop sleeve,WF70,P0,visible_form_or_state,기존 의미와 소유·범위·가시 조건까지 동등성 비교 후 재사용 또는 보강,S15;S26,thumbhole_cuff_hand_opening,1,1,Family-level or selected-product evidence; not every alias independently verified. Promotion resolves term-specific gaps.,not_inferred_from_lexical_mention,False
WIN271,14,벨 슬리브 — Bell sleeve,Bell sleeve,WF70,P0,visible_form_or_state,기존 의미와 소유·범위·가시 조건까지 동등성 비교 후 재사용 또는 보강,S15;S26,thumbhole_cuff_hand_opening,1,1,Family-level or selected-product evidence; not every alias independently verified. Promotion resolves term-specific gaps.,not_inferred_from_lexical_mention,False
WIN272,14,스플릿 슬리브 — Split sleeve,Split sleeve,WF70,P0,visible_form_or_state,기존 의미와 소유·범위·가시 조건까지 동등성 비교 후 재사용 또는 보강,S15;S26,thumbhole_cuff_hand_opening,0,0,Family-level or selected-product evidence; not every alias independently verified. Promotion resolves term-specific gaps.,not_inferred_from_lexical_mention,False
WIN273,14,썸홀 — Thumbhole,Thumbhole,WF70,P0,visible_form_or_state,기존 의미와 소유·범위·가시 조건까지 동등성 비교 후 재사용 또는 보강,S15;S26,thumbhole_cuff_hand_opening,1,0,Family-level or selected-product evidence; not every alias independently verified. Promotion resolves term-specific gaps.,not_inferred_from_lexical_mention,False
WIN274,14,토글 — Toggle,Toggle,WF25,P0,visible_form_or_state,기존 의미와 소유·범위·가시 조건까지 동등성 비교 후 재사용 또는 보강,S19,,3,2,Family-level or selected-product evidence; not every alias independently verified. Promotion resolves term-specific gaps.,not_inferred_from_lexical_mention,False
WIN275,14,레이스업 — Lace-up,Lace-up,WF71,P1,visible_form_or_state,기존 의미와 소유·범위·가시 조건까지 동등성 비교 후 재사용 또는 보강,S25;S37,clt_ct069_v1;orn_gd39,2,1,Family-level or selected-product evidence; not every alias independently verified. Promotion resolves term-specific gaps.,not_inferred_from_lexical_mention,False
WIN276,14,아일릿 — Eyelet,Eyelet,WF71,P1,visible_form_or_state,기존 의미와 소유·범위·가시 조건까지 동등성 비교 후 재사용 또는 보강,S25;S37,clt_ct069_v1;orn_gd39,8,4,Family-level or selected-product evidence; not every alias independently verified. Promotion resolves term-specific gaps.,not_inferred_from_lexical_mention,False
WIN277,14,프린지 — Fringe,Fringe,WF71,P1,visible_form_or_state,기존 의미와 소유·범위·가시 조건까지 동등성 비교 후 재사용 또는 보강,S25;S37,clt_ct069_v1;orn_gd39,21,18,Family-level or selected-product evidence; not every alias independently verified. Promotion resolves term-specific gaps.,not_inferred_from_lexical_mention,False
WIN278,14,스터드 — Studs,Studs,WF71,P1,visible_form_or_state,기존 의미와 소유·범위·가시 조건까지 동등성 비교 후 재사용 또는 보강,S25;S37,clt_ct069_v1;orn_gd39,9,7,Family-level or selected-product evidence; not every alias independently verified. Promotion resolves term-specific gaps.,not_inferred_from_lexical_mention,False
WIN279,14,체인 디테일 — Chain detail,Chain detail,WF71,P1,visible_form_or_state,기존 의미와 소유·범위·가시 조건까지 동등성 비교 후 재사용 또는 보강,S25;S37,clt_ct069_v1;orn_gd39,0,0,Family-level or selected-product evidence; not every alias independently verified. Promotion resolves term-specific gaps.,not_inferred_from_lexical_mention,False
WIN280,14,시퀸 — Sequins,Sequins,WF71,P1,visible_form_or_state,기존 의미와 소유·범위·가시 조건까지 동등성 비교 후 재사용 또는 보강,S25;S37,clt_ct069_v1;orn_gd39,5,3,Family-level or selected-product evidence; not every alias independently verified. Promotion resolves term-specific gaps.,not_inferred_from_lexical_mention,False
WIN281,14,라인스톤 — Rhinestones,Rhinestones,WF71,P1,visible_form_or_state,기존 의미와 소유·범위·가시 조건까지 동등성 비교 후 재사용 또는 보강,S25;S37,clt_ct069_v1;orn_gd39,2,1,Family-level or selected-product evidence; not every alias independently verified. Promotion resolves term-specific gaps.,not_inferred_from_lexical_mention,False
WIN282,14,페더 트림 — Feather trim,Feather trim,WF08,P0,visible_form_or_state,기존 의미와 소유·범위·가시 조건까지 동등성 비교 후 재사용 또는 보강,S08;S37,,0,0,Family-level or selected-product evidence; not every alias independently verified. Promotion resolves term-specific gaps.,not_inferred_from_lexical_mention,False
WIN283,15,클래식 테일러링 — Classic tailoring,Classic tailoring,WF72,P1,advisory_aesthetic,기존 하위 의미와 선택 조합 재사용; 고정 레시피·정체성·사건 금지,S19;S21;S34;S45,,0,0,Family-level or selected-product evidence; not every alias independently verified. Promotion resolves term-specific gaps.,not_inferred_from_lexical_mention,False
WIN284,15,미니멀 — Minimal,Minimal,WF72,P1,advisory_aesthetic,기존 하위 의미와 선택 조합 재사용; 고정 레시피·정체성·사건 금지,S19;S21;S34;S45,,22,1,Family-level or selected-product evidence; not every alias independently verified. Promotion resolves term-specific gaps.,not_inferred_from_lexical_mention,False
WIN285,15,콰이어트 럭셔리 — Quiet luxury,Quiet luxury,WF72,P1,advisory_aesthetic,기존 하위 의미와 선택 조합 재사용; 고정 레시피·정체성·사건 금지,S19;S21;S34;S45,,5,1,Family-level or selected-product evidence; not every alias independently verified. Promotion resolves term-specific gaps.,not_inferred_from_lexical_mention,False
WIN286,15,올드머니 — Old-money aesthetic,Old-money aesthetic,WF72,P1,advisory_aesthetic,기존 하위 의미와 선택 조합 재사용; 고정 레시피·정체성·사건 금지,S19;S21;S34;S45,,1,0,Family-level or selected-product evidence; not every alias independently verified. Promotion resolves term-specific gaps.,not_inferred_from_lexical_mention,False
WIN287,15,프레피 — Preppy,Preppy,WF72,P1,advisory_aesthetic,기존 하위 의미와 선택 조합 재사용; 고정 레시피·정체성·사건 금지,S19;S21;S34;S45,,3,0,Family-level or selected-product evidence; not every alias independently verified. Promotion resolves term-specific gaps.,not_inferred_from_lexical_mention,False
WIN288,15,다크 아카데미아 — Dark academia,Dark academia,WF72,P1,advisory_aesthetic,기존 하위 의미와 선택 조합 재사용; 고정 레시피·정체성·사건 금지,S19;S21;S34;S45,,9,0,Family-level or selected-product evidence; not every alias independently verified. Promotion resolves term-specific gaps.,not_inferred_from_lexical_mention,False
WIN289,15,스칸디 미니멀 — Scandinavian-inspired minimal,Scandinavian-inspired minimal,WF72,P1,advisory_aesthetic,기존 하위 의미와 선택 조합 재사용; 고정 레시피·정체성·사건 금지,S19;S21;S34;S45,,0,0,Family-level or selected-product evidence; not every alias independently verified. Promotion resolves term-specific gaps.,not_inferred_from_lexical_mention,False
WIN290,15,아프레 스키 — Après-ski,Après-ski,WF73,P1,advisory_aesthetic,기존 하위 의미와 선택 조합 재사용; 고정 레시피·정체성·사건 금지,S01;S02;S24;S30;S43;S44;S46,,0,0,Family-level or selected-product evidence; not every alias independently verified. Promotion resolves term-specific gaps.,not_inferred_from_lexical_mention,False
WIN291,15,고프코어 — Gorpcore,Gorpcore,WF73,P1,advisory_aesthetic,기존 하위 의미와 선택 조합 재사용; 고정 레시피·정체성·사건 금지,S01;S02;S24;S30;S43;S44;S46,,1,0,Family-level or selected-product evidence; not every alias independently verified. Promotion resolves term-specific gaps.,not_inferred_from_lexical_mention,False
WIN292,15,테크웨어 — Techwear,Techwear,WF73,P1,advisory_aesthetic,기존 하위 의미와 선택 조합 재사용; 고정 레시피·정체성·사건 금지,S01;S02;S24;S30;S43;S44;S46,,0,0,Family-level or selected-product evidence; not every alias independently verified. Promotion resolves term-specific gaps.,not_inferred_from_lexical_mention,False
WIN293,15,애슬레저 — Athleisure,Athleisure,WF73,P1,advisory_aesthetic,기존 하위 의미와 선택 조합 재사용; 고정 레시피·정체성·사건 금지,S01;S02;S24;S30;S43;S44;S46,,2,0,Family-level or selected-product evidence; not every alias independently verified. Promotion resolves term-specific gaps.,not_inferred_from_lexical_mention,False
WIN294,15,발레코어 — Balletcore,Balletcore,WF74,P1,advisory_aesthetic,기존 하위 의미와 선택 조합 재사용; 고정 레시피·정체성·사건 금지,S32;S34;S35,,2,0,Family-level or selected-product evidence; not every alias independently verified. Promotion resolves term-specific gaps.,not_inferred_from_lexical_mention,False
WIN295,15,코케트 — Coquette,Coquette,WF74,P1,advisory_aesthetic,기존 하위 의미와 선택 조합 재사용; 고정 레시피·정체성·사건 금지,S32;S34;S35,,5,1,Family-level or selected-product evidence; not every alias independently verified. Promotion resolves term-specific gaps.,not_inferred_from_lexical_mention,False
WIN296,15,로맨틱 고딕 — Romantic gothic,Romantic gothic,WF75,P1,advisory_aesthetic,기존 하위 의미와 선택 조합 재사용; 고정 레시피·정체성·사건 금지,S25;S37;S40,,0,0,Family-level or selected-product evidence; not every alias independently verified. Promotion resolves term-specific gaps.,not_inferred_from_lexical_mention,False
WIN297,15,펑크 — Punk,Punk,WF75,P1,advisory_aesthetic,기존 하위 의미와 선택 조합 재사용; 고정 레시피·정체성·사건 금지,S25;S37;S40,,13,0,Family-level or selected-product evidence; not every alias independently verified. Promotion resolves term-specific gaps.,not_inferred_from_lexical_mention,False
WIN298,15,그런지 — Grunge,Grunge,WF75,P1,advisory_aesthetic,기존 하위 의미와 선택 조합 재사용; 고정 레시피·정체성·사건 금지,S25;S37;S40,,3,0,Family-level or selected-product evidence; not every alias independently verified. Promotion resolves term-specific gaps.,not_inferred_from_lexical_mention,False
WIN299,15,바이커 시크 — Biker chic,Biker chic,WF75,P1,advisory_aesthetic,기존 하위 의미와 선택 조합 재사용; 고정 레시피·정체성·사건 금지,S25;S37;S40,,0,0,Family-level or selected-product evidence; not every alias independently verified. Promotion resolves term-specific gaps.,not_inferred_from_lexical_mention,False
WIN300,15,밀리터리·유틸리티 — Military / Utility,Military / Utility,WF75,P1,advisory_aesthetic,기존 하위 의미와 선택 조합 재사용; 고정 레시피·정체성·사건 금지,S25;S37;S40,,33,6,Family-level or selected-product evidence; not every alias independently verified. Promotion resolves term-specific gaps.,not_inferred_from_lexical_mention,False
WIN301,15,Y2K·맥블링 — Y2K / McBling,Y2K / McBling,WF76,P1,advisory_aesthetic,기존 하위 의미와 선택 조합 재사용; 고정 레시피·정체성·사건 금지,S34;S36;S37,,27,7,Family-level or selected-product evidence; not every alias independently verified. Promotion resolves term-specific gaps.,not_inferred_from_lexical_mention,False
WIN302,15,몹 와이프 — Mob-wife aesthetic,Mob-wife aesthetic,WF76,P1,advisory_aesthetic,기존 하위 의미와 선택 조합 재사용; 고정 레시피·정체성·사건 금지,S34;S36;S37,,1,0,Family-level or selected-product evidence; not every alias independently verified. Promotion resolves term-specific gaps.,not_inferred_from_lexical_mention,False
WIN303,15,란제리 드레싱 — Lingerie dressing,Lingerie dressing,WF77,P1,advisory_aesthetic,기존 하위 의미와 선택 조합 재사용; 고정 레시피·정체성·사건 금지,S25;S32;S37,sff_pro_e19,0,0,Family-level or selected-product evidence; not every alias independently verified. Promotion resolves term-specific gaps.,not_inferred_from_lexical_mention,False
WIN304,15,윈터 글램 — Winter glamour,Winter glamour,WF77,P1,advisory_aesthetic,기존 하위 의미와 선택 조합 재사용; 고정 레시피·정체성·사건 금지,S25;S32;S37,sff_pro_e19,0,0,Family-level or selected-product evidence; not every alias independently verified. Promotion resolves term-specific gaps.,not_inferred_from_lexical_mention,False
