id	section	rows	title	meaning_ko	components	relations	variants	confusion_boundary	observation_gate	property_proposals	source_ids
SF094	12	1,2,3	로맨틱·페미닌·코케트	넓은 미적 문맥을 구체 아이템·표면·장식의 선택형 조합으로 푼다. 성별·성격·나이는 외형 결과가 아니다.	blouse_A.lace_edge~bow_A~skirt_A.soft_folds	bow_A^attaches_at^blouse_A.neckline	3>A small ribbon bow attaches at the blouse neckline beside a narrow lace edge.~1>A floral skirt falls in soft gathered folds beneath the separate top.~2>The outfit combines a shaped waist with a softly flowing skirt and a small attached ornament.	리본 하나가 스타일 전체를 확증하지 않는다. 코케트에 성적 행동·어린 연령을 붙이지 않는다.	선택된 소유 장식만 검사; 스타일 명칭의 전체 증명은 사용자 문맥과 분리	wardrobe.ornament.attachment,wardrobe.skirt.folds	S20,S21
SF095	12	4	발레코어	랩 상의·신발·니트 토시 등 발레 유래 요소를 독립 옵션으로 둔다. 실제 발레 능력과 무대는 자동 추가하지 않는다.	wrap_top_A~legwarmers_A~flat_shoes_A	legwarmers_A^wrap_around^wearer_A.lower_legs	4>A wrap knit top is paired with separate leg warmers and low flat shoes.	발레 플랫과 포인트 슈즈는 다르다. 발레코어가 토슈즈·튤·레오타드 모두의 의무는 아니다.	선택한 아이템과 실제 몸 부위의 접속만 확인	wardrobe.layer.item_combination	S21
SF096	12	5,6,7	코티지·프레리·보헤미안	전원 연상·높은 목선과 긴 층 치마·느슨한 장식 조합을 다른 문맥으로 둔다.	dress_A.puff_sleeves~dress_A.tiered_skirt~vest_A.open_motifs	vest_A^layers_over^dress_A	5>A small floral dress combines puff sleeves with an apron-like front panel.~6>A high-neck dress has full sleeves and a long tiered skirt.~7>A loose outfit combines an open-motif vest with separate embroidered trim.	꽃무늬 하나가 cottagecore 전체를 확증하지 않는다. 농촌 거주·민족·농부 정체성을 붙이지 않는다.	선택된 아이템 구성이 읽힘; 시대·생활방식은 픽셀 게이트가 아님	wardrobe.layer.item_combination	S00,S21
SF097	12	8,9,10	프레피·아이비·테니스코어	셔츠·폴로·블레이저·플리츠 등 선택형 아이템 문맥이다. 아이비의 모든 시대를 동일 규격으로 저장하지 않는다.	polo_A~pleated_skirt_A~blazer_A~loafers_A	blazer_A^layers_over^polo_A	8>A polo top is paired with a pleated skirt and loafers.~9>An open blazer layers over an Oxford-style shirt and straight trousers.~10>A polo top is paired with a short pleated skirt and separate sports socks.	학교 재학·테니스 실력·사회 계층·유니폼 역할을 자동 확정하지 않는다.	선택된 옷 소유자·층 순서·주름과 신발 구조만 검사	wardrobe.layer.item_combination	S00,S40
SF098	12	11,12,13	애슬레저·스포티·캐주얼 시크	서로 다른 용도의 아이템이 같은 착용자에 결합되는 관계다. 문맥 이름이 특정 몸·운동 능력을 뜻하지 않는다.	sport_top_A~jacket_A~jeans_A	jacket_A^layers_over^sport_top_A	11>A sports-style top is paired with leggings and low sneakers.~12>An open blazer layers over a sports top and wide trousers.~13>A simple tee and jeans are paired with a shaped jacket.	한 아이템을 스타일 전체의 정의로 고정하지 않는다. 퍼포먼스·기능성은 명세다.	선택된 아이템과 안팎 경계만 검사	wardrobe.layer.item_combination	S00,S05
SF099	12	14,15,16,17	프렌치·미니멀·럭셔리·해안 문맥	통칭을 아이템·색 수·장식 양·표면으로 구체화한다. 코스털과 노티컬은 서로 겹칠 수 있지만 동의어가 아니다.	top_A~trousers_A~flat_shoes_A~outfit_A.visible_palette	top_A^shares_palette_family_with^trousers_A	14>A horizontal-striped top is paired with straight denim and flat shoes.~15,16>A logo-free jacket and trousers share a restrained neutral palette.~17>A navy-and-light striped top is paired with light trousers.	국적·거주지·실제 가격·경제력·섬유 진위·항해 능력을 외관으로 증명하지 않는다.	요청된 구체 요소만 확인; quiet luxury의 진짜 고급품 여부는 미채점	wardrobe.palette.relationship,wardrobe.surface.logo_presence	S21
SF100	12	18	Y2K 문맥	시대·하위 스타일을 보존하고 로라이즈·짧은 상의·금속 등은 개별 옵션으로 둔다.	top_A.hem~jeans_A.waistband~bag_A.short_strap	top_A.hem^lies_above^jeans_A.waistband	18>A short fitted top is paired with low-waisted jeans and a small short-strap shoulder bag.	Y2K futurism·McBling·Cyber Y2K를 같은 세트로 합치지 않는다. 2000년대 전체가 로라이즈 의무는 아니다.	선택된 길이·허리단·가방 경로만 검사; 시대 자체는 문맥 메타데이터	wardrobe.layer.item_combination	S00
SF101	12	19,20,21,22	란제리·고스·펑크·페티시 유래	레이스·슬립·코르셋·스트랩·버클을 소유 물체별로 둔다. 스타일 이름과 실제 행위를 분리한다.	bustier_A~shirt_A~harness_A.straps~belt_A.buckle	harness_A.straps^lie_over^shirt_A.surface	19>A lace-trimmed slip dress is worn beneath a separate cardigan.~20>A dark lace blouse is paired with a structured dark skirt.~21>A belt with attached metal studs crosses a short pleated skirt.~22>A separate fashion harness lies over the continuous blouse, with its straps connected at a buckle.	원문의 불편하거나 성적 뉘앙스가 있는 명칭도 삭제하지 않는다. 행위·노출·구속 상태를 자동 의무화하지 않는다.	선택한 의복·하드웨어·장신구 경계와 연결을 확인	wardrobe.layer.order,wardrobe.accessory.strap_topology	S22,S24
SF102	12	23,24	글래머러스·여리핏·청순글램	유통 인상 표현을 광택·장식·여유·목선의 명시된 조합으로 풀고 단일 체형을 뜻하지 않게 한다.	top_A.neckline~top_A.soft_folds~ornament_A	ornament_A^attaches_to^top_A	23>A softly reflective dress carries a small attached ornament near the neckline.~24>The top has a wide neckline and soft fabric folds along the sleeves.	가슴·허리 치수를 키우거나 줄이고 나이·순결·매력을 픽셀 사실로 부여하지 않는다.	인상 이름은 선택권을 열어두며 구체 요청된 직물 관계만 검사	wardrobe.neckline.width,wardrobe.textile.drape,wardrobe.ornament.attachment	S00,S30
SF103	13	1,2,3,4,5,6,7,8,9,10,11,12,13	색 이름·파스텔	색 명칭은 견본과 문맥을 갖는 가변 범주다. 여러 색이 병기된 원문 행은 하나의 강제 색으로 합치지 않는다.	garment_A.color_field~reference_swatch_A	garment_A.color_field^corresponds_to^reference_swatch_A	2>A pale warm yellow colors the selected cardigan.~8>A very pale cool blue colors the selected blouse.~10>A muted gray-green colors the selected trousers.~13>A small bag provides a saturated red accent.~1>The selected garment uses a light, softly saturated color.~3>A pale soft pink colors the selected top.~4>A pale warm pink with a muted beige undertone colors the selected blouse.~5>A soft pink-orange colors the selected skirt.~6>A pale violet colors the selected cardigan.~7>A light clear blue colors the selected shirt.~9>A light blue-green colors the selected top.~11>A warm off-white colors the selected skirt.~12>A light muted beige-gray colors the selected trousers.	blush는 피부 화장, sage는 식물 등 다의성이 있다. 임의 RGB와 전역 화이트밸런스를 변경하지 않는다.	선택한 의복 면의 색과 조명·견본 기준; 이름만으로 색차 수치를 PASS하지 않음	wardrobe.palette.local_color	S27
SF104	13	14,15,16	모노크로매틱·토널·컬러 블로킹	색 관계의 양 끝은 실제 의복 또는 같은 의복의 패널이다. 전역 필터와 구분한다.	top_A.color~bottom_A.color~garment_A.panel_colors	top_A.color^shares_hue_family_with^bottom_A.color	14>The top and trousers use different lightness levels of the same blue family.~15>The blouse and skirt use closely related muted warm tones.~16>Large distinct color panels meet along visible garment seams.	토널과 단일색을 같은 hard 의미로 고정하지 않는다. background까지 자동 변색하지 않는다.	옷마다 색 소유자와 두 색의 관계 또는 패널 경계가 읽힘	wardrobe.palette.item_relationship,wardrobe.palette.panel_layout	S00,S27
SF105	13	17,18,19	디츠이·보태니컬·수채 꽃무늬	모티프 구성·크기·밀도·윤곽의 선명도를 분리한다. 꽃무늬는 실제 배경 꽃을 추가하지 않는다.	dress_A.print_motifs~dress_A.garment_field	dress_A.print_motifs^repeat_over^dress_A.garment_field	17>Tiny floral motifs repeat densely across the dress fabric.~18>Leaves, stems and flowers form larger botanical motifs on the same fabric.~19>Soft-edged floral color patches form a watercolor-like print on the dress.	floral=embroidered=lace가 아니다. 실제 크기 수치는 견본이나 몸 기준 명세 필요하다.	주름을 따라 이어지는 인쇄면·선택한 모티프/밀도/윤곽 확인	wardrobe.print.motif,wardrobe.print.scale,wardrobe.print.edge_quality	S26
SF106	13	20,21,22,23,24	깅엄·줄·점·투알·페이즐리	반복 모티프의 윤곽·방향·겹침을 저장한다. 소재 공정·특정 민족·항해 역할은 별도다.	garment_A.pattern_motifs~garment_A.fold_surface	garment_A.pattern_motifs^continue_across^garment_A.fold_surface	20>Even-width horizontal and vertical bands cross into a small repeating check pattern.~21>Repeated horizontal light and dark stripes follow the top fabric.~22>Round dots repeat across the garment.~23>Small line-drawn landscape scenes repeat across the fabric.~24>Curved teardrop motifs with hooked tips repeat across the fabric.	gingham 외관과 실제 yarn-dyed 공정은 다르다. 투알을 보편적인 단일 파랑, 페이즐리를 민족 정체성으로 고정하지 않는다.	모티프가 해당 원단 주름·경계에 따라 연결되고 벽/배경 무늬와 분리됨	wardrobe.print.repeat_topology	S00,S26
SF107	14	1,2,3,4,5,6,7	플랫·메리제인·슬링백·뮬·굽	발등과 뒤꿈치 연결 및 갑피·굽·밑창을 독립적으로 저장한다. 메리제인과 슬링백이 함께 가능한 변형도 있다.	shoe_A.instep_strap~shoe_A.heel_strap~shoe_A.heel~shoe_A.upper	shoe_A.instep_strap^connects_across^wearer_A.instep	1>A low flat shoe encloses the forefoot with a small bow at the vamp.~2>A strap crosses the instep and attaches to both sides of the same shoe.~3>A strap passes behind the heel and joins both sides of the shoe.~4>The shoe leaves the rear heel open without a rear strap.~6>A short slender heel supports the rear of the shoe.~7>A rope-like braided layer runs around the shoe sole.~5>A low slip-on shoe has a continuous vamp without a crossing lace closure.	발레 플랫=포인트 슈즈가 아니다. kitten은 굽 속성이다. 뮬의 열린 앞코 여부와 밑창 섬유 진위는 별도다.	선택한 발등/뒤꿈치 부착 양끝과 실제 신발; 로프 성분·착화감은 미채점	wardrobe.shoe.strap_route,wardrobe.shoe.heel_shape,wardrobe.shoe.sole_surface	S17,S21
SF108	14	8,9,10,11,12	샌들·발목끈·메시·낮은 스니커즈·부츠	끈의 몸 부위, 갑피 조직, 신발 부피, 샤프트 높이를 각각 선택한다.	shoe_A.ankle_strap~shoe_A.mesh_upper~shoe_A.sole~boot_A.shaft	shoe_A.ankle_strap^encircles^wearer_A.ankle	8,9>Several connected straps cross the foot while a separate strap circles the ankle.~10>A visible mesh upper spans the foot above the shoe sole.~11>The sneaker has a low thin-looking sole and a narrow upper profile.~12>The boot shaft ends around the ankle.	끈만 보인다고 해당 신발의 연결이 완전한 것은 아니다. 메시와 fishnet의 크기 경계는 명세로 둔다.	끈 양끝·갑피-밑창 접속·같은 발 기준점이 읽힘	wardrobe.shoe.strap_route,wardrobe.shoe.upper_structure,wardrobe.shoe.shaft_height	S17
SF109	14	13,14,15,16,17	양말 길이·타이츠·피시넷·토시	끝점과 무릎·허벅지 기준, 망상 조직과 아래층, 발을 덮는지 여부를 나눈다.	sock_A.top_edge~tights_A.mesh~legwarmer_A.open_ends~wearer_A.knee	sock_A.top_edge^lies_relative_to^wearer_A.knee	13>The sock top ends just below the knee.~14>The stocking top reaches above the knee.~15>A thin continuous hosiery layer softly transmits the leg color.~16>A distinct net pattern wraps around the leg.~17>A separate knit tube gathers around the calf with the foot left uncovered.	맨다리·피부색 안감·불투명 타이츠를 구분한다. denier·섬유·가터 지지 기능은 사진에서 확증하지 않는다.	길이 기준점과 실/망상 조직 및 실제 의복 끝단이 보임	wardrobe.hosiery.hem_height,wardrobe.hosiery.surface,wardrobe.legwarmer.coverage	S00,S11
SF110	14	18,19	머리 리본·머리띠·스카프	부착·묶음 위치와 물체를 유지한다. 같은 리본이라는 이름으로 옷과 머리의 소유자를 공유하지 않는다.	hair_bow_A~headband_A~scarf_A~wearer_A.head	hair_bow_A^attaches_to^wearer_A.hair	18>A separate ribbon bow is visibly secured in the hair.~18>A curved headband crosses the top of the head.~19>A thin scarf wraps around the neck and ties in a small knot.	실크는 성분 명세이며 광택이나 얇음으로 진위를 판정하지 않는다.	머리/목의 실제 경로·부착 또는 매듭과 옷의 리본이 구분됨	appearance.accessory.attachment,metadata.accessory.fiber	S00,S20
SF111	14	20,21	라피아 외관·작은 숄더백	식물 섬유 성분과 엮임 외관, 가방 부피와 짧은 스트랩을 분리한다.	bag_A.woven_body~bag_A.short_strap~bag_A.anchors	bag_A.short_strap^joins^bag_A.two_anchors	20>Broad straw-like strands interlace across the bag surface.~21>A small bag hangs close below the shoulder from a short strap attached at both bag ends.	raffia와 유사 재료의 외관을 구별해 명세 보류한다. 몸 겨드랑이 노출을 자동 추가하지 않는다.	가방 면·입구·스트랩 두 앵커와 해당 어깨의 관계 확인	wardrobe.bag.surface,wardrobe.bag.strap_length	S00
SF112	14	22,23,24	체인·하네스·가터 연결	장신구와 옷은 다른 소유자다. 체인 링크·스트랩·버클과 스타킹 클립의 실제 연결을 둔다.	chain_A.links~harness_A.straps~garter_A.clip~stocking_A.top_band	garter_A.clip^attaches_to^stocking_A.top_band	22>Linked metal segments form a separate chain around the waist over the outfit.~23>A separate harness crosses the blouse with connected straps and one visible buckle.~24>A garter strap ends in a visible clip attached to the stocking top band.~24>A separate decorative band circles the thigh without a stocking clip.	장식 가터와 실제 지지 연결은 다르다. 이미지에서 구속·동의·성적 행위를 추론하지 않는다.	각 물체의 실제 링크/부착 양끝이 모두 읽힘	wardrobe.accessory.connection_topology	S00,S22
SF113	15	1,2,3	겹침·투과·피카부	겉옷-안쪽 옷-피부를 별도 노드로 두고 구멍 또는 투과 경로를 지정한다.	outer_A~inner_A~wearer_A.skin~outer_A.opening	outer_A^overlies^inner_A	1>The outer cardigan frames the separate inner top with both garment edges visible.~2>The sheer outer shirt transmits the solid inner top while retaining its own texture.~3>An opening in the outer garment reveals the separate inner garment beneath it.	peekaboo는 피부와 속옷 모두 가능하다. 이름만으로 노출을 확대하지 않는다.	어느 표면을 보게 하는지 소유자와 실제 외부 경계를 확인	wardrobe.layer.order,wardrobe.layer.revealed_surface	S24
SF114	15	4,5	언더웨어 애즈 아우터웨어·보이는 브라	속옷 유래 형태와 현재 겉에서 보이는 아래층을 분리한다. 의도는 요청 문맥이지 사진의 심리 사실이 아니다.	bra_A.upper_edge~outer_A.open_front~bra_A.straps	outer_A.open_front^reveals^bra_A.upper_edge	5>The open jacket frames a separate bra-style top whose upper edge and straps remain visible.~4>A lingerie-style slip is worn as the visible dress beneath an open outer layer.	란제리풍 원피스가 실제 브라를 입었다는 증거는 아니다. 노출이 항상 맨살인 것도 아니다.	같은 브라/속옷 유래 의복의 경계와 바깥옷 가림 순서 확인	wardrobe.layer.revealed_garment	S24
SF115	15	6	브라리스의 숨은 상태	브라 부재는 착용 명세다. 겉옷이 불투명하거나 내부가 가려지면 사진에서 확인할 수 없다.	outfit_A.bra_presence_spec~outer_A	outfit_A.bra_presence_spec^constrains_hidden_layer_of^outer_A	NONE	보이지 않는 끈·매끈한 표면·노브라 느낌·피부 윤곽을 실제 부재로 확증하지 않는다. 요청 문맥은 삭제하지 않는다.	명시적 요청/착용 명세로 보존; 내부 부재는 정지 외부 사진에서 UNOBSERVABLE	metadata.layer.bra_presence	S00,S24
SF116	15	7,8	네이키드 드레싱·노팬츠 문맥	피부색 안감·투명층·컷아웃·긴 상의와 짧은 하의 등 선택된 실제 조합으로 푼다.	dress_A.sheer_layer~lining_A~long_top_A~shorts_A	long_top_A^overlies^shorts_A	7>A sheer dress layer lies over a continuous skin-tone lining.~8>A long top overlaps the short lower garment so its hem is only slightly visible.	원문 이름을 없애지 않지만 실제 무의복·숨은 쇼츠 부재를 자동 결론으로 만들지 않는다.	선택된 안감 경계 또는 긴 상의-하의 경계가 보임; 가려진 부재는 미채점	wardrobe.layer.order,wardrobe.layer.coverage_relation	S00,S25
SF117	15	9,10	열린 카디건·폴드오버	현재 여밈 상태와 접힌 가장자리를 저장한다. 완전히 열림·일부 단추 잠금·접힌 허리단은 다른 변형이다.	cardigan_A.placket_edges~cardigan_A.fastened_button~garment_A.folded_edge	cardigan_A.placket_edges^separate_below^cardigan_A.fastened_button	9>One upper cardigan button is fastened while the front edges separate below it.~10>The garment upper edge folds outward into a continuous doubled band.	원단 자체 밴드·카울 접힘·열린 모든 단추 상태를 한 의미로 고정하지 않는다.	같은 여밈의 고정점과 분리된 양변 또는 접힘의 이중 직물 경계 확인	wardrobe.closure.current_state,wardrobe.edge.fold_state	S00,S24
SF118	15	11,12	질감·길이·부피의 대비	대비의 양 끝은 같은 착용자의 구체 의복이다. 체형·배경·촬영 스타일로 전파하지 않는다.	top_A.surface~skirt_A.surface~top_A.hem~bottom_A.volume	top_A.surface^contrasts_with^skirt_A.surface	11>A matte knit top sits above a smooth softly reflective skirt.~12>A short fitted top is paired with long wide trouser legs.	텍스처 믹스는 섬유 진위의 비교가 아니다. proportion play는 실제 몸 비율 변경이 아니다.	양 의복의 경계와 서로 다른 선택된 속성이 동시에 읽힘	wardrobe.layer.surface_relationship,wardrobe.layer.proportion_relationship	S10,S11
