id	card_ids	request_a	request_b	must_distinguish
C01	SF004,SF007	스트랩리스 스위트하트 톱	스트랩리스 수평 윗선 톱	끈 부재는 유지하고 두 곡선·중앙 오목점과 수평 경계만 바뀜
C02	SF007,SF013	끈 있는 스위트하트 톱	끈 없는 스위트하트 톱	윗선 두 곡선은 유지하며 해당 옷의 어깨 경로만 달라짐
C03	SF002,SF009	넓은 보트넥 니트	양쪽 어깨 아래 오프숄더 니트	얕고 넓은 목선과 어깨 아래로 내려간 직물 경계는 다름
C04	SF009,SF010	오프숄더 소매 톱	콜드숄더 소매 톱	콜드숄더의 개구부 위 잔여 직물 연결이 유지되어야 함
C05	SF010	왼쪽 어깨로 지지하는 원숄더 톱	오른쪽 어깨로 지지하는 원숄더 톱	wearer 좌우를 보존하며 카메라 좌우와 혼동하지 않음
C06	SF005	얕은 V 목선 블라우스	깊은 V 목선 블라우스	깊이만 변경; 가슴 크기·가슴골·몸 치수는 자동 변경되지 않음
C07	SF005,SF006	한 몸판의 V 목선	두 앞판의 서플리스 목선	후자는 서로 다른 앞판의 실제 사선 겹침이 보여야 함
C08	SF003	가로로 넓은 스쿠프넥	세로로 긴 U 목선	가로 폭과 세로 깊이를 별도 요청 속성으로 비교
C09	SF008	같은 톱의 카울 목선	같은 톱에 별도 목 스카프	처진 직물이 목선에 붙었는지 별도 물체인지 구분
C10	SF012	실제 키홀 개구부	메시로 채운 키홀형 패널	후자는 망사 조직과 봉합 경계가 남음
C11	SF011,SF016	목 뒤로 잇는 홀터 톱	등 중앙으로 모이는 레이서백 톱	목과 등 중앙의 연결 경로가 다른 것만으로 검사
C12	SF014,SF017	몸 가까운 암홀의 민소매 탱크	아래로 내려온 드롭 암홀의 탱크	소매 부재는 동일; 암홀 아래 끝점과 옆판 범위가 다름
C13	SF017	드롭 숄더 셔츠	드롭 암홀 탱크	소매 연결선 위치와 소매 없는 암홀 깊이를 분리
C14	SF016	레이서백 톱	X자 크로스백 톱	중앙 접속과 두 경로 교차가 다름; 후면 관찰 필요
C15	SF020	낮은 뒤 목선	큰 오픈백 창	낮은 경계와 둘러싸인 개방 영역의 위상 구분
C16	SF019,SF091	등판을 연결하는 실제 타이백	등판 위에 붙인 장식 리본	끈 출발 양끝이 패널을 연결하는지 별도 장식인지 확인
C17	SF026,SF029	컵 경계가 있는 뷔스티에	프린세스 절개만 있는 몸판	컵 분할과 길게 이어진 곡선 패널 연결을 구분
C18	SF027	몰디드 패딩 컵 명세	몰디드 비패딩 컵 명세	성형 공통; 패딩 차이는 외부 사진으로 확증하지 않음
C19	SF023,SF030,SF039	블라우스 위 언더버스트 코르셋	가슴 아래 피부가 일부 보이는 톱	코르셋 상단이 아래에 있어도 실제 노출과 다른 의미
C20	SF028,SF056	보닝 케이싱 세로 선	골지 니트 세로 골	채널 구조와 편직 조직의 소유·끝점을 구분
C21	SF029	가슴 쪽으로 끝나는 다트	가슴을 통과해 허리까지 잇는 절개	수렴 끝점과 연속 패널 접속 구분
C22	SF032,SF038	크롭 톱+높은 허리단+배꼽 가림	동일 크롭 톱+낮은 허리단+배꼽 보임	상의 길이는 고정; 하의-배꼽 관계와 가림 범위만 변경
C23	SF035	배꼽 가리는 옆 허리 컷아웃	배꼽 중심 컷아웃	상복부 전체가 자동으로 열리지 않도록 개구부 위치를 검사
C24	SF035,SF082	피부색 안감 있는 시어 패널	실제 빈 컷아웃	색이 비슷해도 직물 조직과 안감의 연속이 다름
C25	SF036	양 패널을 잇는 실제 O링	몸판에 인쇄한 O링 모양	두 탭이 같은 고리에 붙어야 실제 연결 PASS
C26	SF037,SF112	톱에 붙은 허리 감기 끈	독립 웨이스트 체인	시작점 소유자와 실제 링크/직물 경로가 다름
C27	SF040,SF041	트임 없는 맥시스커트	허벅지에서 시작하는 한쪽 슬릿 맥시	길이는 고정; 슬릿 시작점과 양변이 추가된 범위만 검사
C28	SF041,SF042	앞 중앙 슬릿	겹친 랩 앞판	두 갈라진 경계와 겹침 판의 층 순서가 다름
C29	SF043	앞 짧고 뒤 긴 밑단	좌우 높이가 다른 밑단	비대칭이라는 가족 이름만으로 하이로를 강제하지 않음
C30	SF045	바깥으로 퍼지는 A라인 치마	둥글게 부풀고 밑단이 안으로 들어간 버블	같은 몸으로 직물의 외곽·밑단 전환만 바뀜
C31	SF046	겉 치마판만 보이는 스코트	치마판과 안쪽 두 쇼츠 밑단이 보이는 스코트	첫 이미지는 내부 구조 UNOBSERVABLE; 두 번째만 시각 관계 채점
C32	SF047	올풀린 데님 쇼츠 명세	청바지에서 잘라 만든 데님 쇼츠 명세	정지 사진은 올풀림은 보여도 제작 이력을 구분하지 못함
C33	SF050,SF039	불투명 밀착 드레스	헐렁한 옆면 열린 톱	밀착과 피부 노출의 축이 독립임을 확인
C34	SF051,SF055	벨트로 허리 모은 톱	페플럼으로 허리 아래 퍼지는 톱	조임 장치와 부착 퍼짐 구조가 다름; 몸 치수는 동일
C35	SF053	무릎 부근부터 퍼지는 드레스	허벅지 부근부터 퍼지는 드레스	브랜드 mermaid/trumpet 이름보다 요청된 퍼짐 시작점으로 판정
C36	SF054,SF030	가슴 아래 심만 있는 몸판	가슴 아래에서 치마가 시작하는 엠파이어	봉제선 존재와 치마의 시작 관계가 다름
C37	SF055	어깨가 넓고 허리가 들어간 오버사이즈	허리 굴곡 없이 직선으로 떨어지는 박시	oversized와 boxy를 동의어로 처리하지 않음
C38	SF057,SF080	포인텔 니트 위 작은 반복 구멍	레이스 원단 위 문양 사이 구멍	편직 바탕과 실 문양/기법을 조명이나 피부 점으로 대체하지 않음
C39	SF057	포인텔 톱+불투명 캐미솔	동일 포인텔 톱+아래층 변경	포인텔 조직은 고정; 아래층 변경이 구멍/노출 의무로 전파되지 않음
C40	SF059,SF060	단독 카디건 톱	별도 니트 톱+카디건 트윈세트	두 의복의 경계와 층 순서를 보존
C41	SF067	조절 가능한 랩 명세	고정 포 랩 명세	겹침 외관과 숨은 여밈 기능의 검증 범위를 구분
C42	SF065,SF070	넓은 끈의 선드레스	가는 끈의 같은 선드레스	선드레스 가족 이름이 가는 끈 의무가 아님을 확인
C43	SF071	앞치마형 드레스+안쪽 블라우스	어깨 케이프 달린 드레스	앞판 레이어와 어깨 바깥 패널을 혼동하지 않음
C44	SF072	허리벨트 없는 크롭 트렌치	허리벨트 있는 긴 트렌치	트렌치 통칭이 길이·벨트를 자동 강제하지 않음
C45	SF073	패드 없는 안감 있는 블레이저 명세	패드 없는 안감 없는 블레이저 명세	외부 부드러움으로 안감·심지를 추정하지 않음
C46	SF076,SF081	실크 새틴 명세	폴리에스터 새틴 명세	광택 외관은 성분 진위 검증이 아님
C47	SF079	유연하게 처지는 시폰형 소매	얇지만 부피를 유지하는 오간자형 소매	투과가 공통이어도 선택된 접힘·외곽 유지가 다름
C48	SF077	청색 샴브레이 확대면	청색 데님 확대면	색이 같아도 평직 교차와 능직 대각 조직을 분리
C49	SF086	한 지점으로 모인 가슴 루칭	여러 평행 줄로 모인 허리 셔링	고정 위치·봉제 반복을 구분; 셔링 한국어 별칭은 문맥으로 해석
C50	SF086	평행 모음 줄	기하 장식 스티치로 잇는 스모킹	일반 주름을 스모킹으로 대체하지 않음
C51	SF089	모아 붙인 띠 러플	매끈하게 붙은 곡선 플라운스	고정 가장자리와 자유 끝을 검사; 숨은 재단 이력은 보류
C52	SF090	자수 둘레의 아이렛 구멍	금속 아일릿 고리	의복 장식 구멍과 하드웨어 소유자 구분
C53	SF091,SF110	목선에 붙은 리본	머리에 붙은 동일색 리본	의복과 머리 액세서리의 부착 소유자가 바뀌어야 함
C54	SF092,SF080	레이스업 여밈	레이스 원단	lace의 다의성을 실제 끈 경로와 문양 조직으로 분리
C55	SF094,SF095	리본 달린 코케트 블라우스	랩 니트+토시의 발레코어	공유 부드러운 색만으로 두 스타일을 동일 의무로 합치지 않음
C56	SF101,SF112	옷 위 패션 하네스	배경의 하네스 물체	해당 착용자의 옷에 실제 연결·겹침을 가져야 채택
C57	SF103	sage trousers	sage plant beside trousers	색의 의복 소유자와 식물 다의성 분리
C58	SF104	상의-하의 토널 배색	전역 색 필터	배색의 양끝과 배경·피부 색 고정을 보존
C59	SF105	직물에 인쇄된 작은 꽃	옷 앞에 떠 있는 작은 꽃	무늬는 옷 주름과 경계를 따라 이어져야 함
C60	SF107	메리제인 발등 스트랩	슬링백 뒤꿈치 스트랩	발등과 뒤꿈치 위치 및 두 부착 양끝 구분
C61	SF107,SF108	발목 스트랩 뮬	슬링백	발목을 감는 끈과 뒤꿈치 경로를 별도 검사
C62	SF109,SF112	장식 허벅지 밴드	스타킹에 클립으로 잇는 가터	실제 클립 부착이 없으면 기능적 연결 PASS 금지
C63	SF115	브라리스 명세+불투명 블라우스	브라 착용 명세+동일 외부 블라우스	외부 픽셀에서 내부 부재/존재 모두 확증되지 않음
C64	SF116	피부색 안감의 네이키드 드레싱	같은 색의 맨살처럼 보이는 표면	안감-피부 경계가 읽히지 않으면 소유 관계 UNOBSERVABLE
C65	SF117	상단 하나만 잠근 카디건	완전히 열린 카디건	같은 단추 고정점과 그 아래 벌어진 양변이 다름
C66	SF118	짧은 밀착 상의+긴 넓은 하의	긴 느슨한 상의+짧은 하의	의복 길이·부피 대비만 변경하고 몸 비율을 고정
