12	로맨틱 — Romantic	꽃무늬, 부드러운 주름, 레이스, 리본, 흐르는 원단을 중심으로 한 분위기입니다.
12	페미닌 — Feminine	곡선·허리선·스커트·섬세한 장식 등을 활용하는 넓은 스타일 범주입니다.
12	코케트 — Coquette	리본·레이스·작은 꽃·섬세한 란제리풍 디테일을 강조하는 스타일입니다.
12	발레코어 — Balletcore	발레 슈즈, 랩 카디건, 레오타드풍 상의, 튤, 레그워머 등에서 요소를 가져옵니다.
12	코티지코어 — Cottagecore	전원생활을 연상시키는 작은 꽃무늬, 면·리넨, 퍼프 소매, 앞치마풍 형태를 활용합니다.
12	프레리 — Prairie style	높은 목선, 풍성한 소매, 긴 티어드 스커트 등 전원풍 드레스 요소가 두드러집니다.
12	보헤미안·보호 — Bohemian / Boho	느슨한 실루엣, 자수, 크로셰, 프린지, 여러 겹의 장식 등을 활용합니다.
12	프레피 — Preppy	셔츠, 폴로, 카디건, 플리츠, 로퍼 등 단정한 학교·클럽풍 요소를 사용합니다.
12	아이비 — Ivy style	옥스퍼드 셔츠, 블레이저, 치노, 니트 등으로 구성하는 전통적인 캠퍼스풍 스타일입니다.
12	테니스코어 — Tenniscore	폴로, 플리츠 스커트, 흰색 계열, 스포츠 삭스 등 테니스 복장 요소를 활용합니다.
12	애슬레저 — Athleisure	운동복 요소를 일상복에 섞는 스타일. 레깅스·브라 톱·스니커즈 등을 포함합니다.
12	스포티 시크 — Sporty chic	기능성·스포츠 아이템에 재킷이나 정돈된 액세서리를 결합하는 방향입니다.
12	캐주얼 시크 — Casual chic	티셔츠·데님 같은 일상복에 재단과 소재의 정돈된 느낌을 더합니다.
12	프렌치 시크† — French chic	줄무늬 상의, 단정한 데님, 발레 플랫 등으로 설명되는 프랑스풍 이미지의 통칭입니다.
12	미니멀 — Minimal	장식과 색을 줄이고 형태·비율·소재에 집중합니다.
12	콰이어트 럭셔리† — Quiet luxury	큰 로고보다 절제된 디자인과 소재·재단의 인상을 강조하는 스타일 표현입니다.
12	코스털·노티컬 — Coastal / Nautical	코스털은 해안의 여유로운 느낌, 노티컬은 줄무늬·네이비·세일러 등 항해 요소를 강조합니다.
12	Y2K — Y2K style	낮은 허리선, 짧은 상의, 작은 숄더백, 광택·금속 장식 등과 연결되는 복고 스타일입니다.
12	란제리 룩 — Lingerie dressing	슬립, 브라렛, 뷔스티에, 레이스 등 속옷에서 가져온 요소를 외출복으로 사용합니다.
12	소프트 고스† — Soft goth	검정·짙은 색, 레이스, 가는 끈 등 고딕 요소를 비교적 부드럽게 조합하는 통칭입니다.
12	펑크·록 시크 — Punk / Rock chic	가죽, 금속 장식, 체크, 찢김·해체적 처리 등을 활용하는 방향입니다.
12	페티시 인스파이어드 — Fetish-inspired fashion	하네스, 버클, 코르셋, 가죽·고무 소재 등에서 시각적 요소를 가져온 패션입니다.
12	글래머러스 — Glamorous	화려하고 존재감 있는 분위기. 몸매 강조뿐 아니라 광택·장식·고급스러운 연출도 포함합니다.
12	여리핏·청순글램†	엄격한 디자인 분류가 아닌 한국식 유통 표현. 얇은 소재·넓은 목선·밀착 부분 등의 실제 요소로 풀어 보는 것이 정확합니다.
13	파스텔 — Pastel	흰색이 섞인 듯 밝고 부드러운 색조의 범주입니다.
13	버터 옐로 — Butter yellow	버터처럼 부드럽고 연한 노란색을 가리킵니다.
13	파우더 핑크 — Powder pink	밝고 옅으며 분가루 같은 부드러운 인상의 분홍색입니다.
13	블러시 핑크 — Blush pink	볼에 옅게 오른 홍조 같은 분홍색. 베이지 기운이 섞인 색에도 쓰입니다.
13	피치 — Peach	복숭아를 연상시키는 분홍과 주황 사이의 색입니다.
13	라일락·라벤더 — Lilac / Lavender	옅은 보라 계열. 실제 분홍·파랑 기운은 브랜드별 색 견본으로 확인해야 합니다.
13	스카이 블루 — Sky blue	맑고 밝은 하늘색입니다.
13	아이시 블루 — Icy blue	얼음처럼 매우 옅고 차가운 인상의 파란색입니다.
13	민트 — Mint	밝은 초록에 파랑 기운이 섞인 색 범주입니다.
13	세이지 — Sage	회색기가 섞인 차분한 연녹색 계열입니다.
13	아이보리·에크루 — Ivory / Ecru	순백색보다 따뜻하거나 자연스러운 미색 계열입니다.
13	베이지·그레이지 — Beige / Greige	베이지는 연한 갈색 계열, 그레이지는 회색과 베이지 사이의 색을 뜻합니다.
13	체리 레드 — Cherry red	체리를 연상시키는 선명한 빨강. 작은 가방·슈즈·리본의 포인트색으로 설명할 수 있습니다.
13	모노크로매틱 — Monochromatic	한 색 계열의 여러 명도와 농도로 전체를 구성하는 배색입니다.
13	토널 드레싱 — Tonal dressing	가까운 색조끼리 조합해 전체적인 통일감을 만드는 방식입니다.
13	컬러 블로킹 — Colour blocking	서로 구분되는 색 면을 크게 배치하는 방식입니다.
13	디츠이 플로럴 — Ditsy floral	작은 꽃무늬가 촘촘하게 반복되는 패턴입니다.
13	보태니컬 프린트 — Botanical print	꽃뿐 아니라 잎·줄기·식물 전체를 활용하는 무늬입니다.
13	워터컬러 플로럴 — Watercolour floral	수채화처럼 번지고 경계가 부드러운 꽃무늬입니다.
13	깅엄 — Gingham	일정한 폭의 가로세로 줄이 겹쳐 작은 체크를 만드는 패턴입니다.
13	브르통 스트라이프 — Breton stripes	해군풍을 연상시키는 가로 줄무늬. 흰색과 짙은색 조합이 대표적입니다.
13	폴카 도트 — Polka dots	둥근 점이 반복되는 무늬입니다.
13	투알 드 주이 — Toile de Jouy	풍경·인물·전원 장면 등을 선화처럼 반복한 장식 패턴입니다.
13	페이즐리 — Paisley	끝이 굽은 물방울·곡선형 모티프가 반복되는 무늬입니다.
14	발레 플랫 — Ballet flats	발레 슈즈를 연상시키는 낮은 굽의 신발. 둥근 앞코와 리본 장식 등이 사용됩니다.
14	메리제인 — Mary Janes	발등을 가로지르는 스트랩이 있는 신발. 낮은 굽부터 높은 굽까지 존재합니다.
14	슬링백 — Slingbacks	뒤꿈치를 가로지르는 끈으로 고정하는 신발입니다.
14	뮬 — Mules	뒤꿈치 부분이 열린 신발. 앞코가 막힌 형태와 열린 형태 모두 있습니다.
14	로퍼 — Loafers	끈을 묶지 않고 신는 형태의 신발. 가죽·스웨이드 등으로 단정한 인상을 만들 수 있습니다.
14	키튼 힐 — Kitten heels	비교적 낮고 가는 굽. 신발 전체 종류라기보다 굽 형태를 설명합니다.
14	에스파드리유 — Espadrilles	로프처럼 보이는 식물성 섬유 밑창이 특징인 신발 계열입니다.
14	스트래피 샌들 — Strappy sandals	가는 끈 여러 개가 발등과 발목을 감싸는 샌들입니다.
14	앵클 스트랩 — Ankle strap	발목을 감싸는 끈. 발등 스트랩인 메리제인 구조와는 위치가 다릅니다.
14	메시 슈즈 — Mesh shoes	망사 갑피를 사용해 발의 일부가 비치는 신발입니다.
14	로프로파일 스니커즈 — Low-profile sneakers	전체 부피와 밑창이 비교적 낮고 날렵한 운동화입니다.
14	앵클부츠 — Ankle boots	발목 부근까지 올라오는 부츠. 짧은 치마와 긴 드레스 모두에 조합할 수 있습니다.
14	니하이 삭스 — Knee-high socks	무릎 아래 또는 무릎 가까이까지 올라오는 양말입니다.
14	오버니·사이하이 — Over-the-knee / Thigh-high	무릎을 넘거나 허벅지까지 올라오는 양말·스타킹·부츠의 길이 표현입니다.
14	시어 타이츠 — Sheer tights	피부가 비쳐 보이는 얇은 타이츠. 맨다리와 불투명 타이츠 사이의 외관을 만듭니다.
14	피시넷 — Fishnets	비교적 뚜렷한 그물 구멍이 있는 양말·타이츠입니다.
14	레그워머 — Leg warmers	종아리나 발목을 감싸는 니트형 토시. 발레풍 레이어링에 사용됩니다.
14	헤어 보·헤드밴드 — Hair bow / Headband	머리 리본과 머리띠. 의상의 리본·색상과 연결해 분위기를 강화할 수 있습니다.
14	실크 스카프 — Silk scarf	목·머리·허리·가방 등에 묶는 얇은 스카프. 재질은 실제 성분 표기로 구분해야 합니다.
14	라피아 백 — Raffia bag	라피아 섬유나 유사한 외관의 소재를 엮은 가방. 직조 질감이 드러납니다.
14	미니 숄더백 — Mini shoulder bag	짧은 스트랩으로 겨드랑이 아래 가까이 드는 작은 가방입니다.
14	보디 체인·웨이스트 체인 — Body / Waist chain	몸통 또는 허리에 걸치는 체인 장식. 노출된 복부나 옷 위에 선을 더합니다.
14	패션 하네스 — Fashion harness	어깨·가슴·허리 등을 스트랩으로 둘러 옷 위에 구조적인 선을 만드는 액세서리입니다.
14	가터 디테일 — Garter details	허벅지 밴드나 스타킹 연결 끈의 형태를 활용하는 장식. 실제 기능성 부품과 장식형을 구분해야 합니다.
15	레이어링 — Layering	여러 옷을 겹쳐 입는 방식. 길이·비침·색·목선의 차이를 활용합니다.
15	시어 레이어링 — Sheer layering	비치는 옷을 겹쳐 안쪽 실루엣과 바깥 원단을 함께 보이게 합니다.
15	피카부 — Peekaboo	틈·컷아웃·비침으로 피부나 안쪽 옷이 일부 보이도록 하는 연출입니다.
15	언더웨어 애즈 아우터웨어 — Underwear as outerwear	속옷에서 가져온 형태를 겉으로 드러내거나 외출복으로 사용하는 방식입니다.
15	익스포즈드 브라† — Exposed bra styling	브라나 브라렛을 의도적으로 보이게 조합하는 스타일입니다.
15	브라리스† — Braless styling	브래지어를 착용하지 않는 스타일링을 가리킵니다. 옷의 비침이나 노출 정도와는 별개의 개념입니다.
15	네이키드 드레싱† — Naked dressing	투명 소재, 피부색 소재, 대담한 컷아웃 등으로 피부가 많이 보이거나 그렇게 보이게 하는 연출의 통칭입니다.
15	노팬츠 룩† — No-pants look	긴 상의와 짧은 하의·브리프형 하의·타이츠 등을 조합해 바지가 두드러지지 않게 보이는 스타일입니다.
15	오픈 카디건 스타일링† — Open-cardigan styling	카디건을 열거나 일부만 잠가 안쪽 옷과 복부가 보이도록 하는 방식입니다.
15	턴다운·폴드오버 — Fold-over styling	윗단이나 허리단을 접어 선을 만드는 방식. 오프숄더나 허리선 디자인에도 적용됩니다.
15	텍스처 믹스 — Texture mixing	새틴과 데님, 레이스와 가죽처럼 표면 성질이 다른 소재를 함께 배치합니다.
15	프로포션 플레이† — Proportion play	짧은 상의와 긴 하의, 밀착 상의와 넓은 팬츠처럼 길이·부피의 대비를 활용합니다.
16	쇄골이 넓게 보이는 상의	wide boat neck, wide square neck, off-shoulder knit
16	양쪽 어깨를 드러내는 봄 상의	Bardot top, off-the-shoulder blouse
16	한쪽 어깨만 드러내는 디자인	one-shoulder top, asymmetric neckline
16	겨드랑이와 옆면이 넓게 열린 상의	deep armhole tank, drop armhole top, open-side top
16	등은 보이지만 앞가슴은 가리는 형태	high-neck open-back top, backless halter top
16	가슴을 입체적으로 감싸는 상의	cupped bustier, sweetheart corset top, underbust seam top
16	가슴 중앙이 깊게 열린 형태	plunging neckline, deep V-neck, surplice top
16	가슴 아래가 일부 드러나는 형태	underboob cutout top, underbust cutout dress
16	옆가슴이 보이는 형태	sideboob top, open-side halter, deep armhole bodysuit
16	배꼽이 드러나는 조합	cropped top + low-rise bottoms, navel cutout dress
16	배꼽은 가리고 옆구리만 드러내는 형태	side-waist cutout dress, side-cutout bodysuit
16	허리를 끈이 감싸는 형태	wraparound waist straps, midriff flossing
16	허벅지가 드러나는 긴 드레스	thigh-high slit maxi dress, double-slit dress
16	피부 노출보다 몸의 곡선을 강조	fitted rib-knit, bodycon dress, princess-seam bodice
16	얇게 비치면서 안쪽 옷이 보이는 형태	semi-sheer blouse, lace overlay, sheer layering
17	부드러운 쇄골 강조	넓은 스퀘어넥 포인텔 니트 + 새틴 미디스커트 + 발레 플랫	쇄골, 니트의 작은 구멍, 매트한 니트와 새틴의 대비
17	가슴·허리 윤곽 강조	스위트하트 컵드 뷔스티에 + 얇은 블레이저 + 하이라이즈 와이드 팬츠	가슴의 입체 재단과 잘록한 허리, 열린 겉옷의 프레임
17	복부 중심의 캐주얼	베이비 티 + 로라이즈 데님 + 열린 카디건	짧은 상의와 낮은 허리선 사이의 복부
17	겨드랑이·어깨가 열린 스포츠풍	드롭 암홀 탱크 + 스포츠 브라 + 쇼츠 + 가벼운 보머	큰 암홀, 안쪽 브라, 어깨와 옆면의 레이어
17	로맨틱한 허벅지 노출	오프숄더 블라우스 + 꽃무늬 미니 스코트 + 메리제인	어깨·쇄골과 다리의 노출, 부드러운 소매 볼륨
17	긴 실루엣의 대담한 컷아웃	사이드 컷아웃 맥시 드레스 + 하이 슬릿 + 얇은 스트랩 샌들	옆구리와 한쪽 허벅지, 긴 원단과 빈 공간의 대비
17	봄 란제리 룩	레이스 트림 슬립 드레스 + 크롭 카디건 + 슬링백	가는 어깨끈, 레이스 가장자리, 부드러운 광택
17	봄 펑크·고딕 혼합	시어 블라우스 + 검정 뷔스티에 + 짧은 플리츠 + 금속 장식 벨트	비침, 구조적인 몸판, 주름과 금속의 질감 대비
