id	target	combination
R01	어린 아동 캐릭터	귀 길이 보브 + 가벼운 옆머리 + 작은 핀
R02	초등 연령 캐릭터	낮은 두 갈래 묶음 또는 짧은 크롭 + 자연스러운 잔머리
R03	청소년 캐릭터	자연스러운 가르마 + 중단발 또는 텍스처드 크롭 + 비대칭 작은 핀
R04	20대 성인 캐릭터	레이어드 컷 + 선택적인 피카부 컬러
R05	30~40대 성인 캐릭터	정돈된 롱보브 또는 사이드 파트 + 제한된 색 대비
R06	50~60대 성인 캐릭터	솔트앤페퍼 또는 그레이 블렌딩 + 선명한 커트 외곽
R07	70대 이상 캐릭터	백발의 로우번 또는 짧은 컬리 컷 + 부드러운 잔가닥
R08	나이를 초월한 판타지 캐릭터	바닥 길이 화이트 헤어 + 규칙적 브레이드 + 비현실적 부유
R09	차분하고 세심한 인물	수평 끝선 + 중앙 가르마 + 낮은 매듭
R10	냉정하고 절제된 인물	블런트 보브 + 딥 사이드 파트 + 낮은 채도
R11	온화하고 다정한 인물	느슨한 웨이브 + 얼굴 옆 가는 가닥 + 중간 대비
R12	활발한 인물	하이 포니테일 + 아웃컬 끝 + 움직이는 잔머리
R13	장난기 있는 인물	비대칭 트윈테일 + 작은 색 가닥 + 서로 다른 핀
R14	수줍은 인물	귀 앞 가닥 + 가벼운 긴 앞머리 + 낮은 묶음
R15	과묵한 인물	짧은 크롭 또는 단순한 장발 + 한 가지 색
R16	완벽주의자로 설정된 인물	슬릭번 + 정렬된 가르마 + 균일한 광택
R17	느긋한 인물	리브드인 웨이브 + 느슨한 반묶음
R18	연구자·학자	낮은 포니테일 또는 귀 뒤 넘김 + 최소 장식
R19	예술가	샤그 또는 허쉬컷 + 불균일한 대비색
R20	화려한 무대인	큰 블로아웃 또는 브레이디드 업두 + 높은 색 대비
R21	고전적인 귀족	정돈된 긴 웨이브 + 얇은 은색 장식 + 제한된 색 수
R22	오만한 악역 영애	히메컷 또는 트윈 드릴 + 일정한 끝선 + 차가운 배색
R23	규율을 중시하는 지휘관	짧은 테이퍼 또는 단단한 로우번 + 드러난 이마
R24	실용적인 전사	고정된 브레이드 또는 짧은 언더컷 + 적은 장식
R25	전투에서 돌아온 인물	기존 브레이드의 부분 풀림 + 먼지 + 젖은 관자놀이
R26	독립적인 반항아	비대칭 컷 + 부분 삭발 + 한 곳의 강한 대비색
R27	사이버펑크 기술자	네이프 언더컷 + 피카부 청록 + 기하학적 끝선
R28	신비로운 마법사	초장발 + 제한된 흰 가닥 + 작은 반복 브레이드
R29	성숙하고 관능적인 성인	큰 할리우드 웨이브 + 딥 사이드 파트 + 윤기
R30	주도적인 성인 화보 인물	슬릭백 또는 높은 슬릭 포니테일 + 드러난 얼굴
R31	중성적인 스타일의 성인	빅시 또는 울프컷 + 성별화된 장식 최소화
R32	돌봄 역할의 인물	느슨한 로우번 + 작은 집게핀 + 약간의 잔머리
R33	경험 많은 현자	솔트앤페퍼 + 짧은 정돈 컷 또는 긴 단일 브레이드
R34	겉과 속이 다른 인물	겉층은 단색·정돈, 안층은 강한 피카부 컬러
R35	긴 얼굴의 세로감 완화	수평적인 앞머리 + 턱 부근 옆볼륨
R36	긴 얼굴의 세로감 강조	중앙 가르마 + 긴 직선 가닥
R37	둥근 얼굴의 길이감 추가	딥 사이드 파트 + 턱 아래로 이어지는 가닥
R38	둥근 얼굴의 둥근 매력 강조	둥근 보브 + 부드러운 인컬
R39	각진 턱을 부드럽게 감싸기	턱 부근의 느슨한 컬 + 끊어진 끝선
R40	각진 턱을 또렷하게 드러내기	귀 뒤 넘김 + 턱 높이의 선명한 끝선
R41	뾰족한 턱 주변 폭 보충	턱 옆의 컬과 옆볼륨
R42	넓은 이마의 노출 줄이기	커튼 뱅 또는 성긴 풀뱅
R43	좁은 이마의 노출 늘리기	슬릭백 또는 짧은 앞머리
R44	눈과 눈썹 강조	눈썹 위 끝선 또는 양쪽으로 열린 앞머리
R45	한쪽 눈에 시선 집중	한쪽 눈 가림 + 반대쪽 귀 뒤 넘김
R46	귀·귀걸이·엘프 귀 강조	사이드컷 또는 귀 뒤 고정
R47	밝은 피부와 강한 경계 만들기	깊은 검정 또는 짙은 갈색 + 얼굴 주변 또렷한 끝선
R48	어두운 피부와 강한 경계 만들기	밝은 금발·실버 가닥 또는 선명한 보석색
