id	category	ko	en
H001	01	초단발 길이	Very short hair
H002	01	귀 길이	Ear-length hair
H003	01	턱 길이	Chin-length hair
H004	01	목덜미 길이	Nape-length hair
H005	01	어깨 길이	Shoulder-length hair
H006	01	쇄골 길이	Collarbone-length hair
H007	01	가슴 길이	Chest-length hair
H008	01	등 중간 길이	Mid-back-length hair
H009	01	허리 길이	Waist-length hair
H010	01	엉덩이 길이	Hip-length hair
H011	01	허벅지 길이	Thigh-length hair
H012	01	무릎 길이	Knee-length hair
H013	01	바닥 길이	Floor-length hair
H014	01	비현실적 초장발	Absurdly long hair
H015	01	헤어라인	Hairline
H016	01	정수리	Crown
H017	01	가마	Hair whorl
H018	01	위도스 피크	Widow’s peak
H019	01	관자놀이 머리	Temple hair
H020	01	구레나룻	Sideburns
H021	01	옆머리 가닥	Sidelocks
H022	01	잔머리	Baby hairs / flyaways
H023	01	U자 끝선	U-shaped perimeter
H024	01	V자 끝선	V-shaped perimeter
H025	01	수평 끝선	Straight-across perimeter
H026	01	대칭 실루엣	Symmetrical silhouette
H027	01	비대칭 실루엣	Asymmetrical silhouette
H028	01	정수리 볼륨	Crown volume
H029	01	옆 볼륨	Side volume
H030	01	후두부 볼륨	Occipital volume
H031	02	가는 모발	Fine hair
H032	02	굵은 모발	Coarse hair
H033	02	높은 모발 밀도	High-density hair
H034	02	낮은 모발 밀도	Low-density hair
H035	02	직모	Straight hair
H036	02	웨이브 모발	Wavy hair
H037	02	컬리 모발	Curly hair
H038	02	코일리 모발	Coily hair
H039	02	킨키 텍스처	Kinky texture
H040	02	혼합 컬 패턴	Mixed curl patterns
H041	02	느슨한 컬	Loose curls
H042	02	타이트 컬	Tight curls
H043	02	링렛	Ringlets
H044	02	코르크스크루 컬	Corkscrew curls
H045	02	컬 뭉치	Curl clumps
H046	02	프리즈	Frizz
H047	03	원렝스	One-length cut
H048	03	블런트 컷	Blunt cut
H049	03	레이어드 컷	Layered cut
H050	03	롱 레이어	Long layers
H051	03	쇼트 레이어	Short layers
H052	03	그라듀에이션	Graduation
H053	03	스택드 구조	Stacked layers
H054	03	페이스 프레이밍	Face-framing layers
H055	03	디스커넥션	Disconnected cut
H056	03	블렌딩	Blending
H057	03	텍스처라이징	Texturizing
H058	03	포인트 커팅	Point cutting
H059	03	레이저 컷	Razor cut
H060	03	페더드 컷	Feathered cut
H061	03	초피 컷	Choppy cut
H062	03	피시 텍스처	Piecey texture
H063	03	테이퍼드 엔드	Tapered ends
H064	03	위스피 엔드	Wispy ends
H065	04	삭발	Shaved head
H066	04	버즈컷	Buzz cut
H067	04	크루컷	Crew cut
H068	04	아이비리그 컷	Ivy League cut
H069	04	시저컷	Caesar cut
H070	04	프렌치 크롭	French crop
H071	04	텍스처드 크롭	Textured crop
H072	04	픽시컷	Pixie cut
H073	04	빅시컷	Bixie cut
H074	04	가르송컷	Garçon cut
H075	04	보울컷	Bowl cut
H076	04	머시룸컷	Mushroom cut
H077	04	언더컷	Undercut
H078	04	디스커넥티드 언더컷	Disconnected undercut
H079	04	사이드컷	Sidecut
H080	04	네이프 언더컷	Nape undercut
H081	04	테이퍼	Taper
H082	04	페이드	Fade
H083	04	로우 페이드	Low fade
H084	04	미드 페이드	Mid fade
H085	04	하이 페이드	High fade
H086	04	스킨 페이드	Skin fade / bald fade
H087	04	드롭 페이드	Drop fade
H088	04	버스트 페이드	Burst fade
H089	04	템플 페이드	Temple fade
H090	04	플랫톱	Flat top
H091	04	하이톱 페이드	High-top fade
H092	04	하드 파트	Hard part
H093	04	라인업	Line-up / shape-up
H094	05	보브	Bob
H095	05	롱보브	Lob / long bob
H096	05	블런트 보브	Blunt bob
H097	05	A라인 보브	A-line bob
H098	05	인버티드 보브	Inverted bob
H099	05	스택드 보브	Stacked bob
H100	05	비대칭 보브	Asymmetrical bob
H101	05	프렌치 보브	French bob
H102	05	레이어드 보브	Layered bob
H103	05	컬리 보브	Curly bob
H104	05	페이지보이	Pageboy
H105	05	샤그컷	Shag cut
H106	05	울프컷	Wolf cut
H107	05	멀릿	Mullet
H108	05	버터플라이컷	Butterfly cut
H109	05	히메컷	Hime cut
H110	05	젤리피시컷	Jellyfish cut
H111	06	태슬컷	Tassel bob
H112	06	허쉬컷	Hush cut
H113	06	리프컷	Leaf cut
H114	06	투블럭	Two-block cut
H115	06	가일 스타일	Gail-style parted hair
H116	06	쉼표머리	Comma hair
H117	06	애즈 스타일	Korean as-style fringe
H118	06	가르마펌	Parting perm
H119	06	시스루펌	See-through fringe perm
H120	06	다운펌	Down perm
H121	06	뿌리펌	Root perm
H122	06	볼륨매직	Volume straightening
H123	06	히피펌	Hippie perm
H124	06	리프펌	Leaf perm
H125	06	C컬펌	C-curl perm
H126	06	S컬펌	S-curl perm
H127	06	J컬	J-curl
H128	07	풀뱅	Full bangs
H129	07	블런트 뱅	Blunt bangs
H130	07	시스루 뱅	See-through bangs
H131	07	위스피 뱅	Wispy bangs
H132	07	커튼 뱅	Curtain bangs
H133	07	보틀넥 뱅	Bottleneck bangs
H134	07	마이크로 뱅	Micro bangs / baby bangs
H135	07	초피 뱅	Choppy bangs
H136	07	아치형 앞머리	Arched bangs
H137	07	V뱅	V-shaped bangs
H138	07	사선 앞머리	Diagonal bangs
H139	07	사이드 스웹트 뱅	Side-swept bangs
H140	07	컬리 뱅	Curly bangs
H141	07	긴 앞머리	Long bangs
H142	07	텐드릴	Face-framing tendrils
H143	07	센터 파트	Center part / middle part
H144	07	오프센터 파트	Off-center part
H145	07	사이드 파트	Side part
H146	07	딥 사이드 파트	Deep side part
H147	07	지그재그 파트	Zigzag part
H148	07	가르마 없는 머리	No visible part
H149	07	이마 노출	Exposed forehead
H150	07	귀 뒤 넘김	Tucked behind the ear
H151	08	핀스트레이트	Pin-straight hair
H152	08	슬릭백	Slicked-back hair
H153	08	콤오버	Comb-over
H154	08	퀴프	Quiff
H155	08	폼파두르	Pompadour
H156	08	블로아웃	Blowout
H157	08	루트 리프트	Root lift
H158	08	비치 웨이브	Beach waves
H159	08	머메이드 웨이브	Mermaid waves
H160	08	할리우드 웨이브	Hollywood waves
H161	08	핑거 웨이브	Finger waves
H162	08	핀컬	Pin curls
H163	08	크림프	Crimped hair
H164	08	인컬	Inward-curled ends
H165	08	아웃컬	Outward-flipped ends
H166	08	리버스 컬	Away-from-face curls
H167	08	콜드펌	Cold perm
H168	08	디지털펌	Digital perm
H169	08	보디 웨이브펌	Body wave perm
H170	08	스파이럴펌	Spiral perm
H171	08	부분펌	Partial / spot perm
H172	08	멀티텍스처펌	Multi-textured perm
H173	09	포니테일	Ponytail
H174	09	하이 포니테일	High ponytail
H175	09	로우 포니테일	Low ponytail
H176	09	사이드 포니테일	Side ponytail
H177	09	버블 포니테일	Bubble ponytail
H178	09	브레이디드 포니테일	Braided ponytail
H179	09	폴디드 포니테일	Folded ponytail
H180	09	래핑 베이스	Hair-wrapped ponytail base
H181	09	트윈테일	Twintails
H182	09	로우 트윈테일	Low twintails
H183	09	비대칭 트윈테일	Uneven twintails
H184	09	피그테일	Pigtails
H185	09	반묶음	Half-up, half-down
H186	09	반묶음 번	Half-up bun
H187	09	원사이드업	One side up
H188	09	투사이드업	Two side up
H189	09	멀티타이드 헤어	Multi-tied hair
H190	09	아프로 퍼프	Afro puff
H191	09	파인애플 업두	Pineapple updo
H192	10	번	Bun
H193	10	톱노트	Topknot
H194	10	로우번	Low bun
H195	10	슬릭번	Sleek bun
H196	10	메시번	Messy bun
H197	10	발레리나 번	Ballerina bun
H198	10	도넛번	Donut bun
H199	10	스페이스번	Space buns
H200	10	브레이디드 번	Braided bun
H201	10	시뇽	Chignon
H202	10	프렌치 트위스트	French twist
H203	10	깁슨 턱	Gibson tuck
H204	10	보우 헤어	Hair bow / bow-shaped hair
H205	10	브레이디드 크라운	Braided crown
H206	10	헤어 루프	Hair loops
H207	10	부팡	Bouffant
H208	10	비하이브	Beehive
H209	10	빅토리롤	Victory rolls
H210	11	세 가닥 땋기	Three-strand braid
H211	11	프렌치 브레이드	French braid
H212	11	더치 브레이드	Dutch braid
H213	11	피시테일	Fishtail braid
H214	11	로프 브레이드	Rope braid / two-strand twist
H215	11	워터폴 브레이드	Waterfall braid
H216	11	레이스 브레이드	Lace braid
H217	11	박스 브레이드	Box braids
H218	11	노트리스 브레이드	Knotless braids
H219	11	콘로우	Cornrows
H220	11	피드인 브레이드	Feed-in braids
H221	11	스티치 브레이드	Stitch braids
H222	11	풀라니 브레이드	Fulani braids
H223	11	갓디스 브레이드	Goddess braids
H224	11	세네갈리즈 트위스트	Senegalese twists
H225	11	말리 트위스트	Marley twists
H226	11	패션 트위스트	Passion twists
H227	11	플랫 트위스트	Flat twists
H228	11	반투 노트	Bantu knots
H229	11	록스	Locs / dreadlocks
H230	11	포 록스	Faux locs
H231	11	버터플라이 록스	Butterfly locs
H232	11	갓디스 록스	Goddess locs
H233	11	마이크로 브레이드	Micro braids
H234	11	점보 브레이드	Jumbo braids
H235	12	명도·레벨	Level / depth
H236	12	색상	Hue
H237	12	톤	Tone
H238	12	채도	Saturation
H239	12	따뜻한 톤	Warm tone
H240	12	차가운 톤	Cool tone
H241	12	중성 톤	Neutral tone
H242	12	베이스 컬러	Base color
H243	12	보조색	Accent color
H244	12	언더라잉 피그먼트	Underlying pigment
H245	12	리프트	Lift
H246	12	디포짓	Deposit
H247	12	브래시니스	Brassiness
H248	12	토너	Toner
H249	12	그레이 블렌딩	Gray blending
H250	12	그레이 커버리지	Gray coverage
H251	13	템퍼러리 컬러	Temporary color
H252	13	세미퍼머넌트 컬러	Semi-permanent color
H253	13	데미퍼머넌트 컬러	Demi-permanent color
H254	13	퍼머넌트 컬러	Permanent color
H255	13	블리치·탈색	Bleaching / lightening
H256	13	올오버 컬러	All-over color
H257	13	루트 리터치	Root retouch
H258	13	하이라이트	Highlights
H259	13	로라이트	Lowlights
H260	13	베이비라이트	Babylights
H261	13	청키 하이라이트	Chunky highlights
H262	13	리본 하이라이트	Ribbon highlights
H263	13	머니피스	Money piece
H264	13	프리핸드 페인팅	Freehand painting
H265	13	발레아주	Balayage
H266	13	포일리야주	Foilyage
H267	13	파셜 발레아주	Partial balayage
H268	13	리버스 발레아주	Reverse balayage
H269	13	옴브레	Ombré
H270	13	솜브레	Sombré
H271	13	리버스 옴브레	Reverse ombré
H272	13	딥다이	Dip dye
H273	13	섀도 루트	Shadow root
H274	13	루트 스머지	Root smudge
H275	13	컬러 멜트	Color melt
H276	13	스플릿 다이	Split dye
H277	13	컬러 블로킹	Color blocking
H278	13	피카부 컬러	Peekaboo color
H279	13	언더라이트	Underlights
H280	13	컬러 스트리크	Colored streak
H281	13	스컹크 스트라이프	Skunk stripe
H282	13	염색 앞머리	Colored bangs
H283	13	염색 끝가닥	Dyed tips
H284	13	오일슬릭 헤어	Oil-slick hair
H285	13	레인보 헤어	Rainbow hair
H286	13	스텐실 헤어	Stenciled hair
H287	14	내추럴 블랙	Natural black
H288	14	제트 블랙	Jet black
H289	14	소프트 블랙	Soft black
H290	14	블루 블랙	Blue-black
H291	14	브라운 블랙	Brown-black
H292	14	차콜	Charcoal
H293	14	다크 브라운	Dark brown
H294	14	에스프레소	Espresso brown
H295	14	초콜릿 브라운	Chocolate brown
H296	14	모카 브라운	Mocha brown
H297	14	체스트넛	Chestnut brown
H298	14	애시 브라운	Ash brown
H299	14	머시룸 브라운	Mushroom brown
H300	14	카라멜 브라운	Caramel brown
H301	14	토피 브라운	Toffee brown
H302	14	골든 브라운	Golden brown
H303	14	로즈 브라운	Rose brown
H304	14	마호가니	Mahogany
H305	15	다크 블론드	Dark blonde
H306	15	더티 블론드	Dirty blonde
H307	15	브론드	Bronde
H308	15	골든 블론드	Golden blonde
H309	15	허니 블론드	Honey blonde
H310	15	버터 블론드	Butter blonde
H311	15	베이지 블론드	Beige blonde
H312	15	샌디 블론드	Sandy blonde
H313	15	애시 블론드	Ash blonde
H314	15	샴페인 블론드	Champagne blonde
H315	15	플래티넘 블론드	Platinum blonde
H316	15	아이시 블론드	Icy blonde
H317	15	펄 블론드	Pearl blonde
H318	15	스트로베리 블론드	Strawberry blonde
H319	15	실버	Silver hair
H320	15	스틸 그레이	Steel gray
H321	15	스모키 그레이	Smoky gray
H322	15	솔트앤페퍼	Salt-and-pepper hair
H323	15	화이트 헤어	White hair
H324	15	흰 앞가닥	White forelock
H325	15	폴리오시스	Poliosis
H326	16	코퍼	Copper
H327	16	진저	Ginger
H328	16	오번	Auburn
H329	16	시나몬	Cinnamon
H330	16	버건디	Burgundy
H331	16	체리 레드	Cherry red
H332	16	체리 콜라	Cherry cola
H333	16	크림슨	Crimson
H334	16	스칼렛	Scarlet
H335	16	로즈 골드	Rose gold
H336	16	파스텔 핑크	Pastel pink
H337	16	더스티 로즈	Dusty rose
H338	16	핫핑크	Hot pink
H339	16	마젠타	Magenta
H340	16	라벤더	Lavender
H341	16	라일락	Lilac
H342	16	바이올렛	Violet
H343	16	플럼	Plum
H344	16	페리윙클	Periwinkle
H345	16	코발트 블루	Cobalt blue
H346	16	네이비	Navy
H347	16	파우더 블루	Powder blue
H348	16	청록	Teal
H349	16	터쿼이즈	Turquoise
H350	16	민트	Mint
H351	16	에메랄드	Emerald green
H352	16	세이지	Sage green
H353	16	라임	Lime green
H354	16	네온 컬러	Neon color
H355	16	오팔 컬러	Opal hair
H356	16	홀로그래픽 컬러	Holographic hair
H357	16	발광 머리	Emissive / glowing hair
H358	17	실키	Silky hair
H359	17	글로시	Glossy hair
H360	17	매트	Matte hair
H361	17	글래스 헤어	Glass hair
H362	17	플러피	Fluffy hair
H363	17	에어리	Airy hair
H364	17	터슬드	Tousled hair
H365	17	베드헤드	Bedhead
H366	17	리브드인	Lived-in hair
H367	17	스트링기	Stringy hair
H368	17	웻룩	Wet-look hair
H369	17	실제로 젖은 머리	Wet hair
H370	17	바람에 흩날리는 머리	Windblown hair
H371	17	역광 잔머리	Backlit flyaways
H372	17	얼굴에 붙은 가닥	Strands clinging to the face
H373	17	젖은 관자놀이 머리	Sweat-damp temple hair
H374	17	헬멧에 눌린 머리	Helmet-flattened hair
H375	17	빗물에 젖은 머리	Rain-soaked hair
H376	17	먼지가 앉은 머리	Dust-coated hair
H377	17	재가 묻은 머리	Ash-dusted hair
H378	17	진흙에 뭉친 머리	Mud-clumped hair
H379	17	탄 머리끝	Singed ends
H380	17	헝클어진 브레이드	Disrupted braid
H381	17	잘린 브레이드	Cut-off braid
H382	17	불규칙하게 잘린 머리	Unevenly shorn hair
H383	17	피가 묻은 머리	Blood-streaked hair
H384	17	피로 뭉친 머리	Blood-matted hair
H385	17	흉터로 끊긴 헤어라인	Scar-interrupted hairline
H386	18	헤어 리본	Hair ribbon
H387	18	보우	Hair bow
H388	18	스크런치	Scrunchie
H389	18	보비핀	Bobby pin
H390	18	U핀	U-shaped hairpin
H391	18	바레트	Barrette
H392	18	스냅핀	Snap clip
H393	18	집게핀	Claw clip
H394	18	바나나클립	Banana clip
H395	18	헤어밴드	Headband
H396	18	헤드랩	Headwrap
H397	18	헤어 스카프	Hair scarf
H398	18	헤어스틱	Hair stick
H399	18	장식빗	Decorative hair comb
H400	18	헤어비즈	Hair beads
H401	18	헤어커프	Hair cuffs
H402	18	헤어링	Hair rings
H403	18	헤어체인	Hair chains
H404	18	헤어틴셀	Hair tinsel
H405	18	생화 장식	Fresh flowers in hair
H406	18	티아라	Tiara
H407	18	베일	Hair veil / veil
H408	18	클립인 붙임머리	Clip-in extensions
H409	18	테이프인 붙임머리	Tape-in extensions
H410	18	위프트	Hair weft
H411	18	헤일로 붙임머리	Halo extensions
H412	18	앞머리 피스	Clip-in bangs
H413	18	포니테일 피스	Ponytail extension
H414	18	레이스 프런트 가발	Lace-front wig
H415	18	톱퍼	Hair topper
H416	19	댕기머리	Daenggi hairstyle
H417	19	댕기	Daenggi
H418	19	상투	Sangtu
H419	19	모호크	Mohawk
H420	19	포호크	Faux hawk
H421	19	데스호크	Deathhawk
H422	19	리버티 스파이크	Liberty spikes
H423	19	이모 헤어	Emo hair
H424	19	씬 헤어	Scene hair
H425	19	고스 헤어	Goth hair
H426	19	펑크 헤어	Punk hair
H427	19	핀업 헤어	Pin-up hair
H428	19	봄셸 웨이브	Bombshell waves
H429	19	피카부 웨이브	Peek-a-boo wave
H430	19	부두아르 헤어	Boudoir hair
H431	19	섹스 헤어	Sex hair
H432	19	헤어 페티시	Hair fetish / trichophilia
H433	20	아호게	Ahoge
H434	20	안테나 헤어	Antenna hair
H435	20	하트 아호게	Heart ahoge
H436	20	물음표 아호게	Question-mark ahoge
H437	20	감정 표현 머리	Expressive hair
H438	20	헤어 인테이크	Hair intakes
H439	20	헤어 플랩	Hair flaps
H440	20	헤어 혼	Hair horns
H441	20	드릴 헤어	Drill hair
H442	20	트윈 드릴	Twin drills
H443	20	키시멘 헤어	Kishimen hair
H444	20	센터 가닥	Hair between eyes
H445	20	한쪽 눈 가림	Hair over one eye
H446	20	양눈 가림	Hair over eyes
H447	20	머리 스카프	Hair scarf
H448	20	과장된 머리 부피	Big hair
H449	20	부유하는 머리	Floating hair
H450	20	의지를 가진 머리	Prehensile hair
H451	20	편의적 머리 가림	Convenient hair
H452	20	가슴을 덮는 머리	Hair over breasts
H453	20	사타구니를 가리는 머리	Hair over crotch
H454	20	헤어 비키니	Hair bikini
