id,keyword_en,usage_status,candidate_lexical_status,research_card_ids,research_depth,planned_data_families
K001,white collared shirt,설명문 요소,token_overlap_only,WK001,focused_card_mapping,clothing_structure;fashion_fit
K002,pale-blue button-down shirt,설명문 요소,token_overlap_only,WK001;WK002,focused_card_mapping,clothing_structure;fashion_fit
K003,lightweight blouse,명시 요소,no_lexical_hit,WK001,focused_card_mapping,clothing_structure;fashion_fit
K004,high-neck chiffon blouse,명시 요소,no_lexical_hit,WK021,focused_card_mapping,clothing_structure;fashion_fit
K005,Victorian-inspired blouse,설명문 요소,token_overlap_only,WK021,focused_card_mapping,clothing_structure;fashion_fit
K006,bow-neck blouse,설명문 요소,token_overlap_only,WK001,focused_card_mapping,clothing_structure;fashion_fit
K007,ruffled pirate shirt,명시 요소,no_lexical_hit,WK115,focused_card_mapping,clothing_structure;fashion_fit
K008,ribbed cropped tank top,설명문 요소,token_overlap_only,WK003;WK004,focused_card_mapping,clothing_structure;fashion_fit
K009,fitted cropped baby tee,명시 요소,token_overlap_only,WK003,focused_card_mapping,clothing_structure;fashion_fit
K010,bandeau crop top,명시 요소,token_overlap_only,WK005,focused_card_mapping,clothing_structure;fashion_fit
K011,bustier-style bodice,명시 요소,token_overlap_only,WK012,focused_card_mapping,clothing_structure;fashion_fit
K012,corset-style bodice,명시 요소,positive_phrase_hit,WK012,focused_card_mapping,clothing_structure;fashion_fit
K013,structured fitted bodice,명시 요소,token_overlap_only,WK012,focused_card_mapping,clothing_structure;fashion_fit
K014,fine-ribbed long-sleeve knit,명시 요소,token_overlap_only,WK053,focused_card_mapping,clothing_structure;fashion_fit
K015,beige knit top,명시 요소,token_overlap_only,WK006,focused_card_mapping,clothing_structure;fashion_fit
K016,Fair-Isle-style sweater,설명문 요소,no_lexical_hit,WK006;WK053,focused_card_mapping,clothing_structure;fashion_fit
K017,buttoned burgundy cardigan,설명문 요소,token_overlap_only,WK006,focused_card_mapping,clothing_structure;fashion_fit
K018,cable-knit sweater vest,설명문 요소,token_overlap_only,WK006;WK053,focused_card_mapping,clothing_structure;fashion_fit
K019,leather vest,명시 요소,no_lexical_hit,WK115,focused_card_mapping,clothing_structure;fashion_fit
K020,halter qipao top,명시 요소,token_overlap_only,WK026,focused_card_mapping,clothing_structure;fashion_fit
K021,ribbed halter top,설명문 요소,token_overlap_only,WK026,focused_card_mapping,clothing_structure;fashion_fit
K022,sleeveless volleyball jersey,설명문 요소,no_lexical_hit,WK057;WK061,focused_card_mapping,clothing_structure;fashion_fit
K023,open white button-up shirt,설명문 요소,token_overlap_only,WK007,focused_card_mapping,clothing_structure;fashion_fit;everyday_scene
K024,short-sleeve pool cover-up,설명문 요소,token_overlap_only,WK116,focused_card_mapping,clothing_structure;fashion_fit;everyday_scene
K025,cropped waistcoat-jacket,명시 요소,token_overlap_only,WK035,focused_card_mapping,clothing_structure;fashion_fit;everyday_scene
K026,ivory cropped academy jacket,설명문 요소,no_lexical_hit,WK064,focused_card_mapping,clothing_structure;fashion_fit;everyday_scene
K027,long padded vest,명시 요소,no_lexical_hit,WK006;WK008,focused_card_mapping,clothing_structure;fashion_fit;everyday_scene
K028,roomy wool-like coat,설명문 요소,no_lexical_hit,WK008,focused_card_mapping,clothing_structure;fashion_fit;everyday_scene
K029,cotton-gauze cardigan robe,명시 요소,token_overlap_only,WK009,focused_card_mapping,clothing_structure;fashion_fit;everyday_scene
K030,short satin cape,명시 요소,no_lexical_hit,WK010,focused_card_mapping,clothing_structure;fashion_fit;everyday_scene
K031,haori-inspired outer layer,명시 요소,token_overlap_only,WK042,focused_card_mapping,clothing_structure;fashion_fit;everyday_scene
K032,detachable asymmetric overskirt,명시 요소,no_lexical_hit,WK020,focused_card_mapping,clothing_structure;fashion_fit;everyday_scene
K033,dark waist ribbon sash,명시 요소,token_overlap_only,WK117,focused_card_mapping,clothing_structure;fashion_fit;everyday_scene
K034,natural inner slip,명시 요소,token_overlap_only,WK009,focused_card_mapping,clothing_structure;fashion_fit;everyday_scene
K035,black blazer set aside,장면 내 비착용 의상,no_lexical_hit,WK011,focused_card_mapping,clothing_structure;fashion_fit;everyday_scene
K036,gothic Lolita dress,명시 요소,token_overlap_only,WK112,focused_card_mapping,costume_cosplay;historical_womenswear;traditional_clothing_detail
K037,Victorian scholar dress,명시 요소,token_overlap_only,WK112,focused_card_mapping,costume_cosplay;historical_womenswear;traditional_clothing_detail
K038,long sculptural couture gown,명시 요소,no_lexical_hit,WK112,focused_card_mapping,costume_cosplay;historical_womenswear;traditional_clothing_detail
K039,sculpted A-line couture dress,명시 요소,token_overlap_only,WK112,focused_card_mapping,costume_cosplay;historical_womenswear;traditional_clothing_detail
K040,black velvet fitted dress,명시 요소,token_overlap_only,WK010;WK112,focused_card_mapping,costume_cosplay;historical_womenswear;traditional_clothing_detail
K041,cotton bustier tiered dress,명시 요소,no_lexical_hit,WK009;WK013;WK112,focused_card_mapping,costume_cosplay;historical_womenswear;traditional_clothing_detail
K042,white chiffon-organza dress,명시 요소,no_lexical_hit,WK009;WK112,focused_card_mapping,costume_cosplay;historical_womenswear;traditional_clothing_detail
K043,full-length princess couture gown,명시 요소,no_lexical_hit,WK112,focused_card_mapping,costume_cosplay;historical_womenswear;traditional_clothing_detail
K044,hanfu-inspired fantasy gown,명시 요소,no_lexical_hit,WK112,focused_card_mapping,costume_cosplay;historical_womenswear;traditional_clothing_detail
K045,modern hanbok evening gown,명시 요소,no_lexical_hit,WK112,focused_card_mapping,costume_cosplay;historical_womenswear;traditional_clothing_detail
K046,kimono-inspired wrap dress,명시 요소,token_overlap_only,WK042;WK112,focused_card_mapping,costume_cosplay;historical_womenswear;traditional_clothing_detail
K047,apron-style mini dress,설명문 요소,token_overlap_only,WK044;WK112,focused_card_mapping,costume_cosplay;historical_womenswear;traditional_clothing_detail
K048,satin slip dress,설명문 요소,positive_phrase_hit,WK014;WK024;WK112,focused_card_mapping,costume_cosplay;historical_womenswear;traditional_clothing_detail
K049,lace-trim slip or camisole,설명문 내 구분 불확실,token_overlap_only,WK014;WK112,focused_card_mapping,costume_cosplay;historical_womenswear;traditional_clothing_detail
K050,halter mini dress,명시되나 구조 모호,token_overlap_only,WK014;WK112,focused_card_mapping,costume_cosplay;historical_womenswear;traditional_clothing_detail
K051,bunny bodysuit,설명문 요소,no_lexical_hit,WK112,focused_card_mapping,costume_cosplay;historical_womenswear;traditional_clothing_detail
K052,spider-themed bodysuit or mini dress,설명문 내 구분 불확실,no_lexical_hit,WK112,focused_card_mapping,costume_cosplay;historical_womenswear;traditional_clothing_detail
K053,dark-elf armor couture,명시 요소,no_lexical_hit,WK112,focused_card_mapping,costume_cosplay;historical_womenswear;traditional_clothing_detail
K054,naval white dress uniform,명시 요소,token_overlap_only,WK086;WK112,focused_card_mapping,costume_cosplay;historical_womenswear;traditional_clothing_detail
K055,gunslinger wardrobe,선택·가변 범위,no_lexical_hit,WK112;WK114,focused_card_mapping,costume_cosplay;historical_womenswear;traditional_clothing_detail
K056,pleated mini skirt,명시 요소,token_overlap_only,WK017,focused_card_mapping,clothing_structure;fashion_fit
K057,layered ruffle micro-mini skirt,명시 요소,token_overlap_only,WK018,focused_card_mapping,clothing_structure;fashion_fit
K058,structured micro-mini skirt,명시 요소,token_overlap_only,WK018,focused_card_mapping,clothing_structure;fashion_fit
K059,high-waisted pencil skirt,명시 요소,token_overlap_only,WK017,focused_card_mapping,clothing_structure;fashion_fit
K060,asymmetric high-low skirt,명시 요소,token_overlap_only,WK019,focused_card_mapping,clothing_structure;fashion_fit
K061,satin inner skirt,명시 요소,token_overlap_only,WK040,focused_card_mapping,clothing_structure;fashion_fit
K062,knee-length tiered skirt,명시 요소,token_overlap_only,WK013,focused_card_mapping,clothing_structure;fashion_fit
K063,mid-calf to ankle-length skirt,명시 요소,token_overlap_only,WK035,focused_card_mapping,clothing_structure;fashion_fit
K064,flowing high-waisted long skirt,설명문 요소,no_lexical_hit,WK035,focused_card_mapping,clothing_structure;fashion_fit
K065,asymmetric pirate long skirt,명시 요소,no_lexical_hit,WK019,focused_card_mapping,clothing_structure;fashion_fit
K066,raw-denim maxi chima,명시 요소,no_lexical_hit,WK043,focused_card_mapping,clothing_structure;fashion_fit
K067,indie-pink mini chima,명시 요소,no_lexical_hit,WK043,focused_card_mapping,clothing_structure;fashion_fit
K068,continuous flared mini skirt,명시 요소,token_overlap_only,WK118,focused_card_mapping,clothing_structure;fashion_fit
K069,circular-panel overskirt,명시 요소,no_lexical_hit,WK020,focused_card_mapping,clothing_structure;fashion_fit
K070,pink plaid short skirt,설명문 요소,no_lexical_hit,WK017,focused_card_mapping,clothing_structure;fashion_fit
K071,cherry-embroidered flared skirt,설명문 요소,no_lexical_hit,WK060,focused_card_mapping,clothing_structure;fashion_fit
K072,pinstripe wrap-panel mini skirt,설명문 요소,no_lexical_hit,WK017,focused_card_mapping,clothing_structure;fashion_fit
K073,low-rise loose jeans,설명문 요소,token_overlap_only,WK119,focused_card_mapping,clothing_structure;fashion_fit
K074,light-wash jeans,명시 요소,token_overlap_only,WK054;WK119,focused_card_mapping,clothing_structure;fashion_fit
K075,wide-leg denim jeans,명시 요소,token_overlap_only,WK119,focused_card_mapping,clothing_structure;fashion_fit
K076,fitted volleyball shorts,설명문 요소,token_overlap_only,WK057,focused_card_mapping,clothing_structure;fashion_fit
K077,high-cut silk-wool shorts,명시 요소,no_lexical_hit,WK020,focused_card_mapping,clothing_structure;fashion_fit
K078,one-piece swimsuit,명시 요소,positive_phrase_hit,WK015,focused_card_mapping,swimwear;clothing_structure
K079,thin-strap low-back swimsuit,설명문 요소,token_overlap_only,WK015;WK028,focused_card_mapping,swimwear;clothing_structure
K080,halter bikini or tankini top,설명문 내 구분 불확실,token_overlap_only,WK016;WK116,focused_card_mapping,swimwear;clothing_structure
K081,high-waisted swim briefs,설명문 요소,no_lexical_hit,WK016;WK116,focused_card_mapping,swimwear;clothing_structure
K082,minimal halter swimwear,선택·허용 요소,no_lexical_hit,WK015,focused_card_mapping,swimwear;clothing_structure
K083,ribbed camisole underlayer,설명문 요소,no_lexical_hit,WK004,focused_card_mapping,swimwear;clothing_structure
K084,visible dark waistband strap,설명문 요소,token_overlap_only,WK120,focused_card_mapping,swimwear;clothing_structure
K085,high gathered collar,명시 요소,token_overlap_only,WK021,focused_card_mapping,clothing_structure
K086,Victorian standing collar,명시 요소,token_overlap_only,WK021,focused_card_mapping,clothing_structure
K087,Mandarin collar,명시 요소,no_lexical_hit,WK021;WK027,focused_card_mapping,clothing_structure
K088,crossed jeogori neckline,명시 요소,no_lexical_hit,WK022;WK043,focused_card_mapping,clothing_structure
K089,wrap-front V neckline,명시 요소,token_overlap_only,WK022,focused_card_mapping,clothing_structure
K090,square neckline,명시 요소,positive_phrase_hit,WK023,focused_card_mapping,clothing_structure
K091,scoop neckline,명시 요소,positive_phrase_hit,WK023,focused_card_mapping,clothing_structure
K092,crew neckline,명시 요소,positive_phrase_hit,WK023,focused_card_mapping,clothing_structure
K093,asymmetric bateau neckline,명시 요소,token_overlap_only,WK023,focused_card_mapping,clothing_structure
K094,cowl neckline,설명문 요소,positive_phrase_hit,WK024,focused_card_mapping,clothing_structure
K095,V-neck contrast trim,설명문 요소,token_overlap_only,WK025,focused_card_mapping,clothing_structure
K096,strapless construction,명시 요소,positive_phrase_hit,WK005;WK026,focused_card_mapping,clothing_structure
K097,off-shoulder neckline,명시 요소,positive_phrase_hit,WK005;WK026,focused_card_mapping,clothing_structure
K098,spaghetti straps,설명문 요소,positive_phrase_hit,WK026,focused_card_mapping,clothing_structure
K099,halter neck,명시 요소,positive_phrase_hit,WK026,focused_card_mapping,clothing_structure
K100,vertical front keyhole,명시 요소,token_overlap_only,WK027,focused_card_mapping,clothing_structure
K101,oval chest keyhole,명시 요소,no_lexical_hit,WK027,focused_card_mapping,clothing_structure
K102,mostly open back,명시 요소,no_lexical_hit,WK028,focused_card_mapping,clothing_structure
K103,moderately low back,명시 요소,no_lexical_hit,WK015;WK028,focused_card_mapping,clothing_structure
K104,narrow scalloped neckline inset,명시 요소,no_lexical_hit,WK025,focused_card_mapping,clothing_structure
K105,black velvet yoke,명시 요소,token_overlap_only,WK021,focused_card_mapping,clothing_structure
K106,bishop sleeves,명시 요소,positive_phrase_hit,WK029,focused_card_mapping,clothing_structure;fashion_fit
K107,sheer gathered sleeves,명시 요소,token_overlap_only,WK029;WK074,focused_card_mapping,clothing_structure;fashion_fit
K108,puff sleeves,명시 요소,positive_phrase_hit,WK030,focused_card_mapping,clothing_structure;fashion_fit
K109,slight shoulder puff,선택·허용 요소,token_overlap_only,WK030,focused_card_mapping,clothing_structure;fashion_fit
K110,fitted long sleeves,명시 요소,token_overlap_only,WK030;WK074,focused_card_mapping,clothing_structure;fashion_fit
K111,three-quarter loose sleeves,명시 요소,token_overlap_only,WK031,focused_card_mapping,clothing_structure;fashion_fit
K112,wide draping lower sleeves,명시 요소,no_lexical_hit,WK031,focused_card_mapping,clothing_structure;fashion_fit
K113,separate organza sleeves,명시 요소,no_lexical_hit,WK032,focused_card_mapping,clothing_structure;fashion_fit
K114,column-shaped sleeves,명시 요소,no_lexical_hit,WK031,focused_card_mapping,clothing_structure;fashion_fit
K115,upper-arm suspension bands,명시 요소,no_lexical_hit,WK032,focused_card_mapping,clothing_structure;fashion_fit
K116,extended fitted velvet cuffs,명시 요소,no_lexical_hit,WK029,focused_card_mapping,clothing_structure;fashion_fit
K117,white lace cuffs,명시 요소,token_overlap_only,WK033;WK082,focused_card_mapping,clothing_structure;fashion_fit
K118,French-cuff-like ends,설명문 요소,token_overlap_only,WK033,focused_card_mapping,clothing_structure;fashion_fit
K119,burgundy cuff tabs,설명문 요소,no_lexical_hit,WK033,focused_card_mapping,clothing_structure;fashion_fit
K120,rolled-up sleeves,명시 요소,positive_phrase_hit,WK007;WK033,focused_card_mapping,clothing_structure;fashion_fit
K121,small knotted cuff buttons,명시 요소,no_lexical_hit,WK029;WK033,focused_card_mapping,clothing_structure;fashion_fit
K122,fitted,명시 요소,positive_phrase_hit,WK034,focused_card_mapping,fashion_fit;clothing_structure
K123,structured,명시 요소,positive_phrase_hit,WK034,focused_card_mapping,fashion_fit;clothing_structure
K124,relaxed drape,명시 요소,positive_phrase_hit,WK024;WK034,focused_card_mapping,fashion_fit;clothing_structure
K125,roomy silhouette,설명문 요소,token_overlap_only,WK008;WK034,focused_card_mapping,fashion_fit;clothing_structure
K126,cropped length,명시 요소,positive_phrase_hit,WK003;WK035,focused_card_mapping,fashion_fit;clothing_structure
K127,normal jeogori length,명시 요소,no_lexical_hit,WK035;WK043,focused_card_mapping,fashion_fit;clothing_structure
K128,high-waisted,명시 요소,positive_phrase_hit,WK036,focused_card_mapping,fashion_fit;clothing_structure
K129,low-rise,설명문 요소,positive_phrase_hit,WK036,focused_card_mapping,fashion_fit;clothing_structure
K130,natural-waist placement,명시 요소,token_overlap_only,WK036,focused_card_mapping,fashion_fit;clothing_structure
K131,defined waist,명시 요소,positive_phrase_hit,WK034;WK036,focused_card_mapping,fashion_fit;clothing_structure
K132,A-line silhouette,명시 요소,positive_phrase_hit,WK037,focused_card_mapping,fashion_fit;clothing_structure
K133,controlled flare,명시 요소,no_lexical_hit,WK037;WK118,focused_card_mapping,fashion_fit;clothing_structure
K134,soft bell volume,명시 요소,token_overlap_only,WK037,focused_card_mapping,fashion_fit;clothing_structure
K135,narrow layered skirt,명시 요소,token_overlap_only,WK037,focused_card_mapping,fashion_fit;clothing_structure
K136,elongated vertical silhouette,명시 요소,token_overlap_only,WK037,focused_card_mapping,fashion_fit;clothing_structure
K137,mid-thigh length,명시 요소,token_overlap_only,WK035,focused_card_mapping,fashion_fit;clothing_structure
K138,very upper-thigh hem,명시 요소,token_overlap_only,WK018;WK035,focused_card_mapping,fashion_fit;clothing_structure
K139,above-knee front hem,명시 요소,token_overlap_only,WK019;WK035,focused_card_mapping,fashion_fit;clothing_structure
K140,mid-calf back hem,명시 요소,token_overlap_only,WK019;WK035,focused_card_mapping,fashion_fit;clothing_structure
K141,floor-length,명시 요소,positive_phrase_hit,WK035,focused_card_mapping,fashion_fit;clothing_structure
K142,long train,명시 요소,no_lexical_hit,WK035;WK103,focused_card_mapping,fashion_fit;clothing_structure
K143,asymmetric silhouette,명시 요소,token_overlap_only,WK023;WK118,focused_card_mapping,fashion_fit;clothing_structure
K144,deconstructed styling,선택·허용 요소,no_lexical_hit,WK114,focused_card_mapping,fashion_fit;clothing_structure
K145,lower-only couture volume,명시 요소,no_lexical_hit,WK037,focused_card_mapping,fashion_fit;clothing_structure
K146,princess seams,명시 요소,positive_phrase_hit,WK038,focused_card_mapping,clothing_structure;visual_grammar;traditional_clothing_detail
K147,clean vertical seams,명시 요소,token_overlap_only,WK038,focused_card_mapping,clothing_structure;visual_grammar;traditional_clothing_detail
K148,pointed center-front hem,명시 요소,token_overlap_only,WK039,focused_card_mapping,clothing_structure;visual_grammar;traditional_clothing_detail
K149,fitted hip yoke,명시 요소,no_lexical_hit,WK038,focused_card_mapping,clothing_structure;visual_grammar;traditional_clothing_detail
K150,overlapping diagonal panels,명시 요소,token_overlap_only,WK019;WK039,focused_card_mapping,clothing_structure;visual_grammar;traditional_clothing_detail
K151,crescent-shaped panel,명시 요소,no_lexical_hit,WK039,focused_card_mapping,clothing_structure;visual_grammar;traditional_clothing_detail
K152,circular overlapping panels,명시 요소,token_overlap_only,WK020;WK039,focused_card_mapping,clothing_structure;visual_grammar;traditional_clothing_detail
K153,contrasting inner layer,명시 요소,token_overlap_only,WK040,focused_card_mapping,clothing_structure;visual_grammar;traditional_clothing_detail
K154,movement-revealed lining,명시 요소,no_lexical_hit,WK040;WK090,focused_card_mapping,clothing_structure;visual_grammar;traditional_clothing_detail
K155,wrap overlap slit,명시 요소,token_overlap_only,WK041,focused_card_mapping,clothing_structure;visual_grammar;traditional_clothing_detail
K156,single side slit,선택·허용 요소,positive_phrase_hit,WK041,focused_card_mapping,clothing_structure;visual_grammar;traditional_clothing_detail
K157,side drawstrings,명시 요소,no_lexical_hit,WK018;WK041,focused_card_mapping,clothing_structure;visual_grammar;traditional_clothing_detail
K158,shaped waistband,명시 요소,no_lexical_hit,WK036,focused_card_mapping,clothing_structure;visual_grammar;traditional_clothing_detail
K159,compact obi,명시 요소,no_lexical_hit,WK042,focused_card_mapping,clothing_structure;visual_grammar;traditional_clothing_detail
K160,short sash tails,명시 요소,no_lexical_hit,WK042,focused_card_mapping,clothing_structure;visual_grammar;traditional_clothing_detail
K161,thin goreum,명시 요소,no_lexical_hit,WK043,focused_card_mapping,clothing_structure;visual_grammar;traditional_clothing_detail
K162,traditional waist knot,명시 요소,token_overlap_only,WK043;WK117,focused_card_mapping,clothing_structure;visual_grammar;traditional_clothing_detail
K163,back-tied apron straps,설명문 요소,token_overlap_only,WK044,focused_card_mapping,clothing_structure;visual_grammar;traditional_clothing_detail
K164,cross-laced front,명시 요소,no_lexical_hit,WK012;WK045,focused_card_mapping,clothing_structure;visual_grammar;traditional_clothing_detail
K165,filigree button fastening,명시 요소,token_overlap_only,WK045,focused_card_mapping,clothing_structure;visual_grammar;traditional_clothing_detail
K166,knotted side fasteners,명시 요소,token_overlap_only,WK045,focused_card_mapping,clothing_structure;visual_grammar;traditional_clothing_detail
K167,concealed inner zipper,명시 요소,token_overlap_only,WK045,focused_card_mapping,clothing_structure;visual_grammar;traditional_clothing_detail
K168,curved leather overlay,명시 요소,no_lexical_hit,WK039,focused_card_mapping,clothing_structure;visual_grammar;traditional_clothing_detail
K169,ribbon integrated into seam,명시 요소,token_overlap_only,WK046;WK063,focused_card_mapping,clothing_structure;visual_grammar;traditional_clothing_detail
K170,belt loops and pocket construction,명시 요소,token_overlap_only,WK045;WK080,focused_card_mapping,clothing_structure;visual_grammar;traditional_clothing_detail
K171,cotton,명시 요소,positive_phrase_hit,WK047,focused_card_mapping,textile_surface
K172,fine cotton gauze,명시 요소,token_overlap_only,WK047,focused_card_mapping,textile_surface
K173,linen-like fabric,설명문 내 소재 추정,token_overlap_only,WK047,focused_card_mapping,textile_surface
K174,chiffon,명시 요소,positive_phrase_hit,WK048,focused_card_mapping,textile_surface
K175,silk organza,명시 요소,no_lexical_hit,WK032;WK048,focused_card_mapping,textile_surface
K176,tulle,명시 요소,positive_phrase_hit,WK049,focused_card_mapping,textile_surface
K177,silk,명시 요소,positive_phrase_hit,WK050,focused_card_mapping,textile_surface
K178,silk faille,명시 요소,no_lexical_hit,WK050,focused_card_mapping,textile_surface
K179,silk jacquard,명시 요소,no_lexical_hit,WK050;WK058,focused_card_mapping,textile_surface
K180,silk-wool satin,명시 요소,token_overlap_only,WK050,focused_card_mapping,textile_surface
K181,satin,명시 요소,positive_phrase_hit,WK050,focused_card_mapping,textile_surface
K182,velvet,명시 요소,positive_phrase_hit,WK051;WK073,focused_card_mapping,textile_surface
K183,wool crepe,명시 요소,no_lexical_hit,WK052,focused_card_mapping,textile_surface
K184,matte crepe,명시 요소,positive_phrase_hit,WK052;WK073,focused_card_mapping,textile_surface
K185,wool-blend appearance,선택·허용 요소,no_lexical_hit,WK047,focused_card_mapping,textile_surface
K186,tweed-like wool surface,설명문 내 소재 추정,no_lexical_hit,WK052,focused_card_mapping,textile_surface
K187,rib knit,명시 요소,positive_phrase_hit,WK053,focused_card_mapping,textile_surface
K188,cable knit,설명문 요소,token_overlap_only,WK053,focused_card_mapping,textile_surface
K189,pointelle knit,명시 요소,positive_phrase_hit,WK053,focused_card_mapping,textile_surface
K190,denim,명시 요소,positive_phrase_hit,WK054,focused_card_mapping,textile_surface
K191,raw denim,명시 요소,positive_phrase_hit,WK054,focused_card_mapping,textile_surface
K192,canvas-like tote fabric,설명문 요소,no_lexical_hit,WK047,focused_card_mapping,textile_surface
K193,matte black leather,명시 요소,no_lexical_hit,WK051,focused_card_mapping,textile_surface
K194,polished leather,명시 요소,no_lexical_hit,WK055,focused_card_mapping,textile_surface
K195,patent-leather appearance,설명문 요소,token_overlap_only,WK055,focused_card_mapping,textile_surface
K196,metallic leather,선택·허용 요소,no_lexical_hit,WK055,focused_card_mapping,textile_surface
K197,suede,선택·허용 요소,positive_phrase_hit,WK051,focused_card_mapping,textile_surface
K198,lace,명시 요소,positive_phrase_hit,WK056;WK073,focused_card_mapping,textile_surface
K199,cotton eyelet lace,명시 요소,token_overlap_only,WK056,focused_card_mapping,textile_surface
K200,mesh-like sports knit,설명문 요소,token_overlap_only,WK057,focused_card_mapping,textile_surface
K201,spandex-like stretch fabric,설명문 요소,no_lexical_hit,WK057,focused_card_mapping,textile_surface
K202,latex-like glossy surface,설명문 내 소재 추정,no_lexical_hit,WK055,focused_card_mapping,textile_surface
K203,translucent fabric layers,명시 요소,token_overlap_only,WK048;WK049;WK074;WK099;WK107,focused_card_mapping,textile_surface
K204,restrained satin sheen,명시 요소,token_overlap_only,WK050,focused_card_mapping,textile_surface
K205,tone-on-tone black damask,명시 요소,no_lexical_hit,WK058,focused_card_mapping,ornament_structure;textile_surface;clothing_structure
K206,rose-and-thorn motif,명시 요소,token_overlap_only,WK058,focused_card_mapping,ornament_structure;textile_surface;clothing_structure
K207,cross-patterned lace,명시 요소,token_overlap_only,WK056,focused_card_mapping,ornament_structure;textile_surface;clothing_structure
K208,antique English rose print,명시 요소,no_lexical_hit,WK059,focused_card_mapping,ornament_structure;textile_surface;clothing_structure
K209,small wildflower print,명시 요소,token_overlap_only,WK059,focused_card_mapping,ornament_structure;textile_surface;clothing_structure
K210,maple-leaf and branch print,명시 요소,no_lexical_hit,WK059,focused_card_mapping,ornament_structure;textile_surface;clothing_structure
K211,pale botanical pattern,명시 요소,token_overlap_only,WK059,focused_card_mapping,ornament_structure;textile_surface;clothing_structure
K212,cherry embroidery,설명문 요소,no_lexical_hit,WK060,focused_card_mapping,ornament_structure;textile_surface;clothing_structure
K213,pink plaid,설명문 요소,no_lexical_hit,WK059,focused_card_mapping,ornament_structure;textile_surface;clothing_structure
K214,navy pinstripe,설명문 요소,no_lexical_hit,WK059,focused_card_mapping,ornament_structure;textile_surface;clothing_structure
K215,gray-check ribbon,명시 요소,no_lexical_hit,WK059,focused_card_mapping,ornament_structure;textile_surface;clothing_structure
K216,crest embroidery,설명문 요소,no_lexical_hit,WK060,focused_card_mapping,ornament_structure;textile_surface;clothing_structure
K217,angular sports graphics,설명문 요소,no_lexical_hit,WK061,focused_card_mapping,ornament_structure;textile_surface;clothing_structure
K218,printed jersey number 10,설명문 요소,no_lexical_hit,WK061,focused_card_mapping,ornament_structure;textile_surface;clothing_structure
K219,dimensional floral applique,명시 요소,no_lexical_hit,WK049;WK062,focused_card_mapping,ornament_structure;textile_surface;clothing_structure
K220,silver embroidery,명시 요소,token_overlap_only,WK060,focused_card_mapping,ornament_structure;textile_surface;clothing_structure
K221,silver filigree,명시 요소,no_lexical_hit,WK072,focused_card_mapping,ornament_structure;textile_surface;clothing_structure
K222,crystal rhinestones,명시 요소,no_lexical_hit,WK062,focused_card_mapping,ornament_structure;textile_surface;clothing_structure
K223,pearl details,명시 요소,no_lexical_hit,WK062,focused_card_mapping,ornament_structure;textile_surface;clothing_structure
K224,pearl-like buttons,설명문 요소,no_lexical_hit,WK060,focused_card_mapping,ornament_structure;textile_surface;clothing_structure
K225,satin ribbon bows,명시 요소,no_lexical_hit,WK013;WK063,focused_card_mapping,ornament_structure;textile_surface;clothing_structure
K226,one sculptural red bow,명시 요소,no_lexical_hit,WK046;WK063;WK070,focused_card_mapping,ornament_structure;textile_surface;clothing_structure
K227,cascading back bow,명시 요소,no_lexical_hit,WK063,focused_card_mapping,ornament_structure;textile_surface;clothing_structure
K228,scalloped lace trim,명시 요소,token_overlap_only,WK025;WK056,focused_card_mapping,ornament_structure;textile_surface;clothing_structure
K229,oxblood velvet piping,명시 요소,no_lexical_hit,WK064,focused_card_mapping,ornament_structure;textile_surface;clothing_structure
K230,moon-ivory curved piping,명시 요소,no_lexical_hit,WK064,focused_card_mapping,ornament_structure;textile_surface;clothing_structure
K231,gold decorative buttons,설명문 요소,token_overlap_only,WK060,focused_card_mapping,ornament_structure;textile_surface;clothing_structure
K232,antique repair threads,명시 요소,no_lexical_hit,WK065,focused_card_mapping,ornament_structure;textile_surface;clothing_structure
K233,small bustle,명시 요소,no_lexical_hit,WK065,focused_card_mapping,ornament_structure;textile_surface;clothing_structure
K234,silver butterfly charm,명시 요소,token_overlap_only,WK066,focused_card_mapping,ornament_structure;textile_surface;clothing_structure
K235,floating butterfly decorations,명시 요소,no_lexical_hit,WK066,focused_card_mapping,ornament_structure;textile_surface;clothing_structure
K236,spider-web pattern,설명문 요소,token_overlap_only,WK066,focused_card_mapping,ornament_structure;textile_surface;clothing_structure
K237,crescent pleated fan,명시 요소,no_lexical_hit,WK066,focused_card_mapping,ornament_structure;textile_surface;clothing_structure
K238,jade disc hip ornament,명시 요소,no_lexical_hit,WK066,focused_card_mapping,ornament_structure;textile_surface;clothing_structure
K239,black,명시 요소,positive_phrase_hit,WK067;WK073,focused_card_mapping,color_relations
K240,obsidian black,명시 요소,positive_phrase_hit,WK067,focused_card_mapping,color_relations
K241,ink black,명시 요소,token_overlap_only,WK067,focused_card_mapping,color_relations
K242,graphite,명시 요소,positive_phrase_hit,WK067,focused_card_mapping,color_relations
K243,charcoal gray,명시 요소,no_lexical_hit,WK067,focused_card_mapping,color_relations
K244,white,명시 요소,positive_phrase_hit,WK067;WK108,focused_card_mapping,color_relations
K245,pure white,명시 요소,no_lexical_hit,WK067;WK108,focused_card_mapping,color_relations
K246,ivory,명시 요소,positive_phrase_hit,WK067;WK108,focused_card_mapping,color_relations
K247,antique ivory,명시 요소,token_overlap_only,WK067;WK108,focused_card_mapping,color_relations
K248,porcelain ivory,명시 요소,no_lexical_hit,WK067;WK108,focused_card_mapping,color_relations
K249,moon ivory,명시 요소,no_lexical_hit,WK067;WK108,focused_card_mapping,color_relations
K250,cream,설명문 요소,positive_phrase_hit,WK067;WK108,focused_card_mapping,color_relations
K251,off-white,설명문 요소,positive_phrase_hit,WK067;WK069;WK108,focused_card_mapping,color_relations
K252,light beige,명시 요소,token_overlap_only,WK067,focused_card_mapping,color_relations
K253,beige,명시 요소,positive_phrase_hit,WK067,focused_card_mapping,color_relations
K254,warm ivory,명시 요소,token_overlap_only,WK067,focused_card_mapping,color_relations
K255,pastel cream-pink,명시 요소,token_overlap_only,WK067,focused_card_mapping,color_relations
K256,dusty blush-pink,명시 요소,token_overlap_only,WK067,focused_card_mapping,color_relations
K257,indie pink,명시 요소,no_lexical_hit,WK067;WK071,focused_card_mapping,color_relations
K258,light pink,명시 요소,token_overlap_only,WK067;WK068,focused_card_mapping,color_relations
K259,white-to-pink gradient,명시 요소,no_lexical_hit,WK068,focused_card_mapping,color_relations
K260,apricot-peach or coral,설명문 내 색 추정,no_lexical_hit,WK016,focused_card_mapping,color_relations
K261,scarlet,명시 요소,no_lexical_hit,WK070,focused_card_mapping,color_relations
K262,lacquer red,명시 요소,no_lexical_hit,WK070;WK071,focused_card_mapping,color_relations
K263,crimson,명시 요소,positive_phrase_hit,WK010;WK070,focused_card_mapping,color_relations
K264,deep red,명시 요소,token_overlap_only,WK070,focused_card_mapping,color_relations
K265,oxblood,명시 요소,positive_phrase_hit,WK070,focused_card_mapping,color_relations
K266,burgundy,명시 요소,positive_phrase_hit,WK070;WK109,focused_card_mapping,color_relations
K267,wine red,명시 요소,positive_phrase_hit,WK070;WK109,focused_card_mapping,color_relations
K268,deep carmine,명시 요소,no_lexical_hit,WK070,focused_card_mapping,color_relations
K269,deep aubergine sheen,명시 요소,no_lexical_hit,WK071,focused_card_mapping,color_relations
K270,pale blue,명시 요소,positive_phrase_hit,WK067,focused_card_mapping,color_relations
K271,light-wash denim blue,명시 요소,token_overlap_only,WK054;WK067,focused_card_mapping,color_relations
K272,deep indigo,명시 요소,no_lexical_hit,WK054;WK067,focused_card_mapping,color_relations
K273,navy,설명문 요소,positive_phrase_hit,WK067,focused_card_mapping,color_relations
K274,ink blue,명시 요소,positive_phrase_hit,WK067,focused_card_mapping,color_relations
K275,deep-sea blue,명시 요소,no_lexical_hit,WK067,focused_card_mapping,color_relations
K276,deep teal,선택·허용 색,no_lexical_hit,WK067;WK069,focused_card_mapping,color_relations
K277,muted sage,명시 후보·설명 혼합,token_overlap_only,WK067;WK069,focused_card_mapping,color_relations
K278,seafoam green,설명문 요소,no_lexical_hit,WK067,focused_card_mapping,color_relations
K279,forest green,선택·허용 색,no_lexical_hit,WK067;WK069,focused_card_mapping,color_relations
K280,charcoal blue,선택·허용 색,token_overlap_only,WK067;WK069,focused_card_mapping,color_relations
K281,moon jade,명시 요소,no_lexical_hit,WK067;WK071,focused_card_mapping,color_relations
K282,olive green,명시 요소,token_overlap_only,WK067,focused_card_mapping,color_relations
K283,muted olive or taupe,설명문 내 색 추정,no_lexical_hit,WK067,focused_card_mapping,color_relations
K284,smoky gray,명시 요소,no_lexical_hit,WK067,focused_card_mapping,color_relations
K285,moon gray,명시 요소,no_lexical_hit,WK067;WK071,focused_card_mapping,color_relations
K286,brown earth tones,설명문 요소,token_overlap_only,WK067,focused_card_mapping,color_relations
K287,silver,명시 요소,positive_phrase_hit,WK072,focused_card_mapping,color_relations
K288,aged silver,명시 요소,no_lexical_hit,WK072,focused_card_mapping,color_relations
K289,tarnished silver,명시 요소,positive_phrase_hit,WK072,focused_card_mapping,color_relations
K290,antique gold,명시 요소,positive_phrase_hit,WK072,focused_card_mapping,color_relations
K291,soft gold,명시 요소,token_overlap_only,WK072;WK125,focused_card_mapping,color_relations
K292,muted gold,명시 요소,token_overlap_only,WK072,focused_card_mapping,color_relations
K293,dark brass,명시 요소,no_lexical_hit,WK072;WK125,focused_card_mapping,color_relations
K294,black iron,명시 요소,positive_phrase_hit,WK072,focused_card_mapping,color_relations
K295,semi-sheer black thigh-highs,명시 요소,no_lexical_hit,WK075,focused_card_mapping,accessory_structure;clothing_structure
K296,black stockings,명시 요소,no_lexical_hit,WK075,focused_card_mapping,accessory_structure;clothing_structure
K297,opaque black tights,선택·허용 요소,token_overlap_only,WK075,focused_card_mapping,accessory_structure;clothing_structure
K298,ribbed black knee socks,설명문 요소,token_overlap_only,WK075,focused_card_mapping,accessory_structure;clothing_structure
K299,sheer nude stockings,명시 요소,no_lexical_hit,WK075,focused_card_mapping,accessory_structure;clothing_structure
K300,neutral sheer hosiery,선택·허용 요소,token_overlap_only,WK075,focused_card_mapping,accessory_structure;clothing_structure
K301,navy socks with cream stripes,설명문 요소,no_lexical_hit,WK075,focused_card_mapping,accessory_structure;clothing_structure
K302,cotton pointelle ankle socks,명시 요소,no_lexical_hit,WK075;WK076,focused_card_mapping,accessory_structure;clothing_structure
K303,white ankle socks,설명문 요소,token_overlap_only,WK075;WK076,focused_card_mapping,accessory_structure;clothing_structure
K304,moon-gray jacquard thigh-highs,명시 요소,no_lexical_hit,WK075,focused_card_mapping,accessory_structure;clothing_structure
K305,tonal ornamental top band,명시 요소,token_overlap_only,WK075;WK076,focused_card_mapping,accessory_structure;clothing_structure
K306,ink-blue satin stocking binding,명시 요소,no_lexical_hit,WK075;WK076,focused_card_mapping,accessory_structure;clothing_structure
K307,web-patterned thigh-highs,설명문 요소,no_lexical_hit,WK075,focused_card_mapping,accessory_structure;clothing_structure
K308,fitted knee-high boots,명시 요소,token_overlap_only,WK077;WK103,focused_card_mapping,accessory_structure
K309,almond-toe boots,명시 요소,token_overlap_only,WK077,focused_card_mapping,accessory_structure
K310,sculpted medium heel,명시 요소,token_overlap_only,WK077,focused_card_mapping,accessory_structure
K311,oxblood ankle straps,명시 요소,token_overlap_only,WK077,focused_card_mapping,accessory_structure
K312,chunky lace-up ankle boots,명시 요소,no_lexical_hit,WK077,focused_card_mapping,accessory_structure
K313,buttoned shoes with silver buckles,명시 요소,no_lexical_hit,WK077,focused_card_mapping,accessory_structure
K314,polished classic leather shoes,선택·허용 요소,token_overlap_only,WK077,focused_card_mapping,accessory_structure
K315,gold-hardware loafers,설명문 요소,no_lexical_hit,WK077,focused_card_mapping,accessory_structure
K316,wine leather Mary Janes,명시 요소,token_overlap_only,WK077,focused_card_mapping,accessory_structure
K317,double-strap patent Mary Janes,설명문 요소,token_overlap_only,WK077,focused_card_mapping,accessory_structure
K318,red platform Mary Janes,설명문 요소,token_overlap_only,WK077,focused_card_mapping,accessory_structure
K319,tabi-inspired split-toe boots,명시 요소,no_lexical_hit,WK078,focused_card_mapping,accessory_structure
K320,ink-blue jade-panel boots,명시 요소,no_lexical_hit,WK078,focused_card_mapping,accessory_structure
K321,slim sculpted heel,명시 요소,token_overlap_only,WK077,focused_card_mapping,accessory_structure
K322,burgundy ankle-strap sandals,설명문 요소,token_overlap_only,WK077,focused_card_mapping,accessory_structure
K323,pale-pink shoes,명시 요소,no_lexical_hit,WK077,focused_card_mapping,accessory_structure
K324,barefoot styling,명시 요소,no_lexical_hit,WK079,focused_card_mapping,accessory_structure
K325,mini top-handle bag,명시 요소,token_overlap_only,WK080,focused_card_mapping,accessory_structure;costume_cosplay
K326,black leather shoulder bag,명시 요소,token_overlap_only,WK080,focused_card_mapping,accessory_structure;costume_cosplay
K327,black saddle crossbody bag,설명문 요소,no_lexical_hit,WK080,focused_card_mapping,accessory_structure;costume_cosplay
K328,faded denim backpack,명시 요소,no_lexical_hit,WK080,focused_card_mapping,accessory_structure;costume_cosplay
K329,cream canvas tote,설명문 요소,token_overlap_only,WK080,focused_card_mapping,accessory_structure;costume_cosplay
K330,color-block structured handbag,설명문 요소,no_lexical_hit,WK080,focused_card_mapping,accessory_structure;costume_cosplay
K331,pale-pink handbag,명시 요소,no_lexical_hit,WK080,focused_card_mapping,accessory_structure;costume_cosplay
K332,burgundy beret,설명문 요소,no_lexical_hit,WK081,focused_card_mapping,accessory_structure;costume_cosplay
K333,black lace headdress,명시 요소,no_lexical_hit,WK081,focused_card_mapping,accessory_structure;costume_cosplay
K334,tricorne pirate hat,선택·허용 요소,no_lexical_hit,WK081,focused_card_mapping,accessory_structure;costume_cosplay
K335,feathered pirate accessory,선택·허용 요소,no_lexical_hit,WK081,focused_card_mapping,accessory_structure;costume_cosplay
K336,pirate bandana,선택·허용 요소,no_lexical_hit,WK081,focused_card_mapping,accessory_structure;costume_cosplay
K337,refined eye patch,명시 요소,token_overlap_only,WK081,focused_card_mapping,accessory_structure;costume_cosplay
K338,crimson horn headband,명시 요소,no_lexical_hit,WK081,focused_card_mapping,accessory_structure;costume_cosplay
K339,black bunny-ear headband,설명문 요소,no_lexical_hit,WK081,focused_card_mapping,accessory_structure;costume_cosplay
K340,antler-inspired hair ornaments,명시 요소,no_lexical_hit,WK081,focused_card_mapping,accessory_structure;costume_cosplay
K341,white floral hair ornaments,명시 요소,no_lexical_hit,WK081,focused_card_mapping,accessory_structure;costume_cosplay
K342,graphite quill pins,명시 요소,no_lexical_hit,WK081,focused_card_mapping,accessory_structure;costume_cosplay
K343,small soft-gold hair pin,명시 요소,no_lexical_hit,WK081,focused_card_mapping,accessory_structure;costume_cosplay
K344,translucent white-silver hair ribbons,명시 요소,no_lexical_hit,WK081;WK098,focused_card_mapping,accessory_structure;costume_cosplay
K345,white scrunchie,설명문 요소,no_lexical_hit,WK081,focused_card_mapping,accessory_structure;costume_cosplay
K346,red hair ribbon,설명문 요소,token_overlap_only,WK081,focused_card_mapping,accessory_structure;costume_cosplay
K347,leather gloves,선택·허용 요소,positive_phrase_hit,WK082,focused_card_mapping,accessory_structure;costume_cosplay
K348,opera-length web gloves,설명문 요소,token_overlap_only,WK082,focused_card_mapping,accessory_structure;costume_cosplay
K349,white detachable cuffs,설명문 요소,no_lexical_hit,WK033;WK082,focused_card_mapping,accessory_structure;costume_cosplay
K350,black lace parasol,명시 요소,token_overlap_only,WK082,focused_card_mapping,accessory_structure;costume_cosplay
K351,black velvet ribbon choker,명시 요소,no_lexical_hit,WK083,focused_card_mapping,accessory_structure;ornament_structure
K352,elven neck armor,명시 요소,no_lexical_hit,WK083,focused_card_mapping,accessory_structure;ornament_structure
K353,mourning brooch,명시 요소,no_lexical_hit,WK083,focused_card_mapping,accessory_structure;ornament_structure
K354,smoky-gray glass cabochon,명시 요소,no_lexical_hit,WK083,focused_card_mapping,accessory_structure;ornament_structure
K355,asymmetric drop earrings,명시 요소,no_lexical_hit,WK083;WK084,focused_card_mapping,accessory_structure;ornament_structure
K356,long earring and small stud,명시 요소,no_lexical_hit,WK083;WK084,focused_card_mapping,accessory_structure;ornament_structure
K357,plain silver earrings,선택·허용 요소,no_lexical_hit,WK083,focused_card_mapping,accessory_structure;ornament_structure
K358,crystal necklace,명시 요소,no_lexical_hit,WK083,focused_card_mapping,accessory_structure;ornament_structure
K359,silver butterfly necklace,명시 요소,token_overlap_only,WK083,focused_card_mapping,accessory_structure;ornament_structure
K360,small pendant necklace,명시 요소,token_overlap_only,WK083,focused_card_mapping,accessory_structure;ornament_structure
K361,black onyx,명시 요소,no_lexical_hit,WK083,focused_card_mapping,accessory_structure;ornament_structure
K362,dark garnet,명시 요소,no_lexical_hit,WK083,focused_card_mapping,accessory_structure;ornament_structure
K363,ruby or red-enamel center,선택·허용 요소,token_overlap_only,WK083,focused_card_mapping,accessory_structure;ornament_structure
K364,deep-blue central gem,명시 요소,no_lexical_hit,WK083,focused_card_mapping,accessory_structure;ornament_structure
K365,warm orange-brown brooch,명시 요소,no_lexical_hit,WK083,focused_card_mapping,accessory_structure;ornament_structure
K366,loose gravity-hanging chains,명시 요소,no_lexical_hit,WK085,focused_card_mapping,accessory_structure;ornament_structure
K367,unequal arc chains,명시 요소,no_lexical_hit,WK085,focused_card_mapping,accessory_structure;ornament_structure
K368,jade and carmine beads,명시 요소,no_lexical_hit,WK066;WK085,focused_card_mapping,accessory_structure;ornament_structure
K369,aged-silver turn-lock,명시 요소,no_lexical_hit,WK085,focused_card_mapping,accessory_structure;ornament_structure
K370,gold tie bar,설명문 요소,no_lexical_hit,WK121,focused_card_mapping,accessory_structure;ornament_structure
K371,crest brooch with chain,설명문 요소,token_overlap_only,WK083,focused_card_mapping,accessory_structure;ornament_structure
K372,slim gold wristwatch,설명문 요소,no_lexical_hit,WK122,focused_card_mapping,accessory_structure;ornament_structure
K373,thin gold bangles,설명문 요소,token_overlap_only,WK122,focused_card_mapping,accessory_structure;ornament_structure
K374,metal buckles and hardware,명시 요소,no_lexical_hit,WK072;WK085,focused_card_mapping,accessory_structure;ornament_structure
K375,naval epaulettes,명시 요소,no_lexical_hit,WK086,focused_card_mapping,accessory_structure;ornament_structure
K376,unreadable name tag,명시 요소,token_overlap_only,WK086,focused_card_mapping,accessory_structure;ornament_structure
K377,romantic Gothic tailoring,명시 요소,token_overlap_only,WK112,focused_card_mapping,costume_cosplay;model_editorial;contextual_appeal
K378,gothic Lolita fantasy,명시 요소,token_overlap_only,WK112,focused_card_mapping,costume_cosplay;model_editorial;contextual_appeal
K379,dark-academia scholar,명시 요소,token_overlap_only,WK112,focused_card_mapping,costume_cosplay;model_editorial;contextual_appeal
K380,architectural couture,명시 요소,no_lexical_hit,WK112,focused_card_mapping,costume_cosplay;model_editorial;contextual_appeal
K381,single-red-accent couture,명시 요소,no_lexical_hit,WK046;WK070;WK112,focused_card_mapping,costume_cosplay;model_editorial;contextual_appeal
K382,minimal futuristic luxury,명시 요소,no_lexical_hit,WK112;WK114,focused_card_mapping,costume_cosplay;model_editorial;contextual_appeal
K383,Korean mono-chic editorial,명시 요소,no_lexical_hit,WK112,focused_card_mapping,costume_cosplay;model_editorial;contextual_appeal
K384,contemporary denim hanbok,명시 요소,token_overlap_only,WK112,focused_card_mapping,costume_cosplay;model_editorial;contextual_appeal
K385,minimal hanbok evening couture,명시 요소,no_lexical_hit,WK112,focused_card_mapping,costume_cosplay;model_editorial;contextual_appeal
K386,modern mini hanbok,명시 요소,token_overlap_only,WK112,focused_card_mapping,costume_cosplay;model_editorial;contextual_appeal
K387,Japanese-inspired mini coordinate,명시 요소,no_lexical_hit,WK112,focused_card_mapping,costume_cosplay;model_editorial;contextual_appeal
K388,moon-viewing China fantasy,명시 요소,no_lexical_hit,WK066;WK112,focused_card_mapping,costume_cosplay;model_editorial;contextual_appeal
K389,ethereal hanfu fantasy,명시 요소,no_lexical_hit,WK112,focused_card_mapping,costume_cosplay;model_editorial;contextual_appeal
K390,white-silver princess editorial,명시 요소,no_lexical_hit,WK068;WK112,focused_card_mapping,costume_cosplay;model_editorial;contextual_appeal
K391,adult cottage layered fashion,명시 요소,no_lexical_hit,WK112,focused_card_mapping,costume_cosplay;model_editorial;contextual_appeal
K392,vintage collegiate styling,설명문 요소,no_lexical_hit,WK112,focused_card_mapping,costume_cosplay;model_editorial;contextual_appeal
K393,summer-uniform-inspired adult editorial,명시 요소,token_overlap_only,WK112,focused_card_mapping,costume_cosplay;model_editorial;contextual_appeal
K394,mature office styling,명시 요소,token_overlap_only,WK011;WK089;WK112,focused_card_mapping,costume_cosplay;model_editorial;contextual_appeal
K395,bright pirate adventure,명시 요소,no_lexical_hit,WK112,focused_card_mapping,costume_cosplay;model_editorial;contextual_appeal
K396,Halloween devil cosplay,명시 요소,no_lexical_hit,WK010;WK081;WK092;WK112,focused_card_mapping,costume_cosplay;model_editorial;contextual_appeal
K397,dark-elf armor fantasy,명시 요소,token_overlap_only,WK112,focused_card_mapping,costume_cosplay;model_editorial;contextual_appeal
K398,surreal gunslinger concept,명시 요소,no_lexical_hit,WK112;WK114,focused_card_mapping,costume_cosplay;model_editorial;contextual_appeal
K399,retro cherry diner,설명문 요소,no_lexical_hit,WK112,focused_card_mapping,costume_cosplay;model_editorial;contextual_appeal
K400,quiet late-summer swim,명시 요소,no_lexical_hit,WK069;WK099;WK112,focused_card_mapping,costume_cosplay;model_editorial;contextual_appeal
K401,candid neighborhood snapshot,명시 요소,token_overlap_only,WK093;WK112,focused_card_mapping,costume_cosplay;model_editorial;contextual_appeal
K402,shy fitting-room comedy,명시 요소,no_lexical_hit,WK088;WK102;WK112,focused_card_mapping,costume_cosplay;model_editorial;contextual_appeal
K403,antique library in rain,명시 요소,no_lexical_hit,WK113,focused_card_mapping,everyday_scene;realistic_background;model_editorial
K404,sunlit vintage window,설명문 요소,no_lexical_hit,WK113,focused_card_mapping,everyday_scene;realistic_background;model_editorial
K405,blue-rose garden at sunset,명시 요소,no_lexical_hit,WK113,focused_card_mapping,everyday_scene;realistic_background;model_editorial
K406,palace marble staircase,명시 요소,no_lexical_hit,WK113,focused_card_mapping,everyday_scene;realistic_background;model_editorial
K407,minimal ivory gallery,명시 요소,no_lexical_hit,WK113,focused_card_mapping,everyday_scene;realistic_background;model_editorial
K408,black moon-like studio backdrop,명시 요소,token_overlap_only,WK113,focused_card_mapping,everyday_scene;realistic_background;model_editorial
K409,pure-white infinite studio,명시 요소,no_lexical_hit,WK113,focused_card_mapping,everyday_scene;realistic_background;model_editorial
K410,liquid-metal foreground,명시 요소,no_lexical_hit,WK113,focused_card_mapping,everyday_scene;realistic_background;model_editorial
K411,hanok-concrete gallery,명시 요소,no_lexical_hit,WK113,focused_card_mapping,everyday_scene;realistic_background;model_editorial
K412,moon-jar-inspired sculpture,명시 요소,no_lexical_hit,WK113,focused_card_mapping,everyday_scene;realistic_background;model_editorial
K413,Chuseok hanok courtyard,명시 요소,token_overlap_only,WK113,focused_card_mapping,everyday_scene;realistic_background;model_editorial
K414,quiet contemporary art museum,명시 요소,no_lexical_hit,WK113,focused_card_mapping,everyday_scene;realistic_background;model_editorial
K415,shallow pool handoff,설명문 요소,no_lexical_hit,WK091,focused_card_mapping,everyday_scene;realistic_background;model_editorial
K416,forest pool back-floating,명시 요소,no_lexical_hit,WK096,focused_card_mapping,everyday_scene;realistic_background;model_editorial
K417,seawall encounter with a cat,명시 요소,no_lexical_hit,WK097,focused_card_mapping,everyday_scene;realistic_background;model_editorial
K418,white piano beside a lake,명시 요소,no_lexical_hit,WK095,focused_card_mapping,everyday_scene;realistic_background;model_editorial
K419,wooden sailing-ship deck,명시 요소,token_overlap_only,WK113,focused_card_mapping,everyday_scene;realistic_background;model_editorial
K420,wet naval deck before departure,명시 요소,no_lexical_hit,WK113,focused_card_mapping,everyday_scene;realistic_background;model_editorial
K421,warm Halloween doorway,명시 요소,no_lexical_hit,WK092;WK113,focused_card_mapping,everyday_scene;realistic_background;model_editorial
K422,October street-food stall,명시 요소,token_overlap_only,WK093;WK113,focused_card_mapping,everyday_scene;realistic_background;model_editorial
K423,autumn flea market,설명문 요소,token_overlap_only,WK113,focused_card_mapping,everyday_scene;realistic_background;model_editorial
K424,bright apartment kitchen,설명문 요소,token_overlap_only,WK113,focused_card_mapping,everyday_scene;realistic_background;model_editorial
K425,upscale fitting-room curtain,명시 요소,no_lexical_hit,WK113,focused_card_mapping,everyday_scene;realistic_background;model_editorial
K426,warm hotel bedroom,명시 요소,no_lexical_hit,WK011;WK113,focused_card_mapping,everyday_scene;realistic_background;model_editorial
K427,rear seat at night,설명문 요소,token_overlap_only,WK106;WK113,focused_card_mapping,everyday_scene;realistic_background;model_editorial
K428,quiet living room,설명문 요소,token_overlap_only,WK113,focused_card_mapping,everyday_scene;realistic_background;model_editorial
K429,sunlit sofa reading,설명문 요소,no_lexical_hit,WK113,focused_card_mapping,everyday_scene;realistic_background;model_editorial
K430,bedroom letter handoff,설명문 요소,no_lexical_hit,WK113,focused_card_mapping,everyday_scene;realistic_background;model_editorial
K431,riverfront dinner terrace,설명문 요소,no_lexical_hit,WK113,focused_card_mapping,everyday_scene;realistic_background;model_editorial
K432,retro diner booth,설명문 요소,positive_phrase_hit,WK113,focused_card_mapping,everyday_scene;realistic_background;model_editorial
K433,old school staircase editorial,명시 요소,no_lexical_hit,WK113,focused_card_mapping,everyday_scene;realistic_background;model_editorial
K434,neutral-gray sports studio,설명문 요소,token_overlap_only,WK113,focused_card_mapping,everyday_scene;realistic_background;model_editorial
K435,hands in jeans pockets,설명문 요소,token_overlap_only,WK087,focused_card_mapping,pose_vocabulary;fashion_fit;everyday_scene;visual_grammar
K436,one arm raised overhead,명시 요소,token_overlap_only,WK087,focused_card_mapping,pose_vocabulary;fashion_fit;everyday_scene;visual_grammar
K437,one leg bent backward,명시 요소,token_overlap_only,WK123,focused_card_mapping,pose_vocabulary;fashion_fit;everyday_scene;visual_grammar
K438,pinching a hem downward,명시 요소,no_lexical_hit,WK088,focused_card_mapping,pose_vocabulary;fashion_fit;everyday_scene;visual_grammar
K439,holding a curtain edge,명시 요소,token_overlap_only,WK088,focused_card_mapping,pose_vocabulary;fashion_fit;everyday_scene;visual_grammar
K440,adjusting a blouse hem,명시 요소,token_overlap_only,WK089,focused_card_mapping,pose_vocabulary;fashion_fit;everyday_scene;visual_grammar
K441,lifting a skirt side slightly while stepping,명시 요소,no_lexical_hit,WK090,focused_card_mapping,pose_vocabulary;fashion_fit;everyday_scene;visual_grammar
K442,holding a tray with both hands,설명문 요소,token_overlap_only,WK091,focused_card_mapping,pose_vocabulary;fashion_fit;everyday_scene;visual_grammar
K443,offering one wrapped candy,명시 요소,no_lexical_hit,WK092,focused_card_mapping,pose_vocabulary;fashion_fit;everyday_scene;visual_grammar
K444,holding a warm paper bag near the face,명시 요소,no_lexical_hit,WK093,focused_card_mapping,pose_vocabulary;fashion_fit;everyday_scene;visual_grammar
K445,holding a teacup over papers,명시 요소,no_lexical_hit,WK094,focused_card_mapping,pose_vocabulary;fashion_fit;everyday_scene;visual_grammar
K446,lowering sunglasses with one hand,명시 요소,no_lexical_hit,WK124,focused_card_mapping,pose_vocabulary;fashion_fit;everyday_scene;visual_grammar
K447,reclining on top of a piano,명시 요소,no_lexical_hit,WK095,focused_card_mapping,pose_vocabulary;fashion_fit;everyday_scene;visual_grammar
K448,back-floating with relaxed arms,명시 요소,token_overlap_only,WK096,focused_card_mapping,pose_vocabulary;fashion_fit;everyday_scene;visual_grammar
K449,crouching toward a cat,명시 요소,no_lexical_hit,WK097,focused_card_mapping,pose_vocabulary;fashion_fit;everyday_scene;visual_grammar
K450,reaching into an upper cabinet,설명문 요소,no_lexical_hit,WK044;WK094,focused_card_mapping,pose_vocabulary;fashion_fit;everyday_scene;visual_grammar
K451,adjusting a sock edge,명시 요소,token_overlap_only,WK076,focused_card_mapping,pose_vocabulary;fashion_fit;everyday_scene;visual_grammar
K452,wind-driven skirt and ribbons,명시 요소,token_overlap_only,WK098,focused_card_mapping,pose_vocabulary;fashion_fit;everyday_scene;visual_grammar
K453,subtle sea-breeze garment motion,명시 요소,no_lexical_hit,WK094;WK098,focused_card_mapping,pose_vocabulary;fashion_fit;everyday_scene;visual_grammar
K454,wet fabric darkening,명시 요소,token_overlap_only,WK099,focused_card_mapping,pose_vocabulary;fashion_fit;everyday_scene;visual_grammar
K455,cotton compression in seated pose,명시 요소,no_lexical_hit,WK095,focused_card_mapping,pose_vocabulary;fashion_fit;everyday_scene;visual_grammar
K456,soft lining flashes in motion,명시 요소,no_lexical_hit,WK040;WK090,focused_card_mapping,pose_vocabulary;fashion_fit;everyday_scene;visual_grammar
K457,quiet confident direct gaze,명시 요소,token_overlap_only,WK102,focused_card_mapping,pose_vocabulary;fashion_fit;everyday_scene;visual_grammar
K458,shy smile toward an off-camera friend,명시 요소,no_lexical_hit,WK088;WK102,focused_card_mapping,pose_vocabulary;fashion_fit;everyday_scene;visual_grammar
K459,crescent-eye smile toward a fan,명시 요소,no_lexical_hit,WK102,focused_card_mapping,pose_vocabulary;fashion_fit;everyday_scene;visual_grammar
K460,contemplative downward gaze,설명문 요소,no_lexical_hit,WK102,focused_card_mapping,pose_vocabulary;fashion_fit;everyday_scene;visual_grammar
K461,visible textile fibers,명시 요소,token_overlap_only,WK100;WK110,focused_card_mapping,tactile_reality;textile_surface;fashion_fit
K462,realistic seam stitching,명시 요소,token_overlap_only,WK100,focused_card_mapping,tactile_reality;textile_surface;fashion_fit
K463,fabric tension across the torso,명시 요소,token_overlap_only,WK034;WK087,focused_card_mapping,tactile_reality;textile_surface;fashion_fit
K464,natural garment creases,명시 요소,token_overlap_only,WK100,focused_card_mapping,tactile_reality;textile_surface;fashion_fit
K465,denim whiskering,명시 요소,no_lexical_hit,WK054,focused_card_mapping,tactile_reality;textile_surface;fashion_fit
K466,subtle denim fading,명시 요소,no_lexical_hit,WK054,focused_card_mapping,tactile_reality;textile_surface;fashion_fit
K467,long-worn treasured fabric,명시 요소,no_lexical_hit,WK100,focused_card_mapping,tactile_reality;textile_surface;fashion_fit
K468,thread-worn black fabric,명시 요소,token_overlap_only,WK100,focused_card_mapping,tactile_reality;textile_surface;fashion_fit
K469,hand-mended frill edges,명시 요소,no_lexical_hit,WK065;WK100,focused_card_mapping,tactile_reality;textile_surface;fashion_fit
K470,natural travel wear,명시 요소,no_lexical_hit,WK100,focused_card_mapping,tactile_reality;textile_surface;fashion_fit
K471,ragged torn fabric,설명문 요소,no_lexical_hit,WK101,focused_card_mapping,tactile_reality;textile_surface;fashion_fit
K472,frayed threads,설명문 요소,positive_phrase_hit,WK101,focused_card_mapping,tactile_reality;textile_surface;fashion_fit
K473,suspended fabric fragments,설명문 요소,no_lexical_hit,WK101;WK111,focused_card_mapping,tactile_reality;textile_surface;fashion_fit
K474,curled fabric strips,설명문 요소,token_overlap_only,WK101,focused_card_mapping,tactile_reality;textile_surface;fashion_fit
K475,realistic gravity on chains,명시 요소,no_lexical_hit,WK085,focused_card_mapping,tactile_reality;textile_surface;fashion_fit
K476,restrained metal reflections,명시 요소,token_overlap_only,WK072;WK107,focused_card_mapping,tactile_reality;textile_surface;fashion_fit
K477,full-length fashion framing,명시 요소,no_lexical_hit,WK079;WK103,focused_card_mapping,portrait_composition;lighting;color_relations;editing_effects
K478,head-to-mid-thigh portrait,명시 요소,token_overlap_only,WK079;WK103,focused_card_mapping,portrait_composition;lighting;color_relations;editing_effects
K479,waist-up casual crop,명시 요소,token_overlap_only,WK079;WK103,focused_card_mapping,portrait_composition;lighting;color_relations;editing_effects
K480,tight upper-body editorial,명시 요소,no_lexical_hit,WK079;WK103,focused_card_mapping,portrait_composition;lighting;color_relations;editing_effects
K481,low-angle couture portrait,명시 요소,token_overlap_only,WK104,focused_card_mapping,portrait_composition;lighting;color_relations;editing_effects
K482,floor-level seaside composition,명시 요소,no_lexical_hit,WK104,focused_card_mapping,portrait_composition;lighting;color_relations;editing_effects
K483,gentle diagonal overhead view,명시 요소,no_lexical_hit,WK104,focused_card_mapping,portrait_composition;lighting;color_relations;editing_effects
K484,50mm natural perspective,명시 요소,no_lexical_hit,WK105,focused_card_mapping,portrait_composition;lighting;color_relations;editing_effects
K485,85mm full-body studio portrait,명시 요소,token_overlap_only,WK105,focused_card_mapping,portrait_composition;lighting;color_relations;editing_effects
K486,55mm film-like photograph,명시 요소,no_lexical_hit,WK105,focused_card_mapping,portrait_composition;lighting;color_relations;editing_effects
K487,medium-format editorial character,명시 요소,token_overlap_only,WK105;WK110,focused_card_mapping,portrait_composition;lighting;color_relations;editing_effects
K488,imperfect handheld phone framing,명시 요소,no_lexical_hit,WK106,focused_card_mapping,portrait_composition;lighting;color_relations;editing_effects
K489,on-camera flash at night,설명문 요소,token_overlap_only,WK106,focused_card_mapping,portrait_composition;lighting;color_relations;editing_effects
K490,warm daylight and deep shadow,명시 요소,token_overlap_only,WK107,focused_card_mapping,portrait_composition;lighting;color_relations;editing_effects
K491,soft window backlight,명시 요소,token_overlap_only,WK107,focused_card_mapping,portrait_composition;lighting;color_relations;editing_effects
K492,controlled cool studio light,명시 요소,token_overlap_only,WK107,focused_card_mapping,portrait_composition;lighting;color_relations;editing_effects
K493,amber doorway light,명시 요소,token_overlap_only,WK107;WK109,focused_card_mapping,portrait_composition;lighting;color_relations;editing_effects
K494,upper-left spotlight,명시 요소,token_overlap_only,WK107,focused_card_mapping,portrait_composition;lighting;color_relations;editing_effects
K495,soft high-key whites,명시 요소,no_lexical_hit,WK108,focused_card_mapping,portrait_composition;lighting;color_relations;editing_effects
K496,warm lantern and cool blue background,설명문 요소,token_overlap_only,WK109,focused_card_mapping,portrait_composition;lighting;color_relations;editing_effects
K497,restrained film grain,명시 요소,token_overlap_only,WK110,focused_card_mapping,portrait_composition;lighting;color_relations;editing_effects
K498,foreground fabric occlusion,설명문 요소,token_overlap_only,WK101;WK111,focused_card_mapping,portrait_composition;lighting;color_relations;editing_effects
K499,foreground blade occlusion,명시 요소,token_overlap_only,WK111,focused_card_mapping,portrait_composition;lighting;color_relations;editing_effects
K500,single saturated color accent,명시 요소,token_overlap_only,WK070,focused_card_mapping,portrait_composition;lighting;color_relations;editing_effects
K501,material contrast within black,명시 요소,token_overlap_only,WK051;WK073,focused_card_mapping,portrait_composition;lighting;color_relations;editing_effects
K502,opaque body and sheer sleeves,명시 요소,no_lexical_hit,WK074,focused_card_mapping,portrait_composition;lighting;color_relations;editing_effects
K503,cream versus dark metal,명시 요소,token_overlap_only,WK125,focused_card_mapping,portrait_composition;lighting;color_relations;editing_effects
