group	case_label	reference_keywords	url
crypton	하츠네 미쿠 기본	초장발 트윈테일;분리 소매;전자기기 장식	https://piapro.net/images/official_cos_miku.jpg
crypton	카가미네 린 기본	금발 보브;대형 리본;크롭 세일러복	https://piapro.net/images/official_cos_rin.jpg
crypton	카가미네 렌 기본	짧은 뒤묶음;뾰족한 앞머리;세일러 톱	https://piapro.net/images/official_cos_len.jpg
crypton	메구리네 루카 기본	분홍 장발;검정 금색;옆트임 롱스커트	https://piapro.net/images/official_cos_luka.jpg
crypton	MEIKO 대표	갈색 보브;붉은 투피스;앞지퍼	https://piapro.net/images/official_cos_meiko.jpg
crypton	KAITO 대표	파란 단발;긴 머플러;흰 롱코트	https://piapro.net/images/official_cos_kaito.jpg
internet	GUMI Megpoid V2	녹색 외뻗침 단발;고글;주황색 드레스	https://www.ssw.co.jp/products/vocal/megpoid/index_image/main120510.jpg
internet	가쿠포 Gackpoid V4	보라색 높은 묶음머리;어깨 갑주;넓은 소매	https://www.ssw.co.jp/products/vocaloid4/gackpoid/images/main.jpg
internet	오토마치 우나 V4	장어형 모자;대비되는 두 의상	https://www.ssw.co.jp/products/vocaloid4/una/images/main.jpg
internet	kokone	머리끝 그라데이션;흰 미래형 상의	https://www.ssw.co.jp/products/vocal3/kokone/images/main.jpg
internet	Chika 패키지	쌍번;큰 리본;짙은 입술;제한색	https://www.ssw.co.jp/products/vocal3/chika/images/main.jpg
internet	CUL	붉은 포니테일;어깨 개방;금색 파이핑	https://www.ssw.co.jp/products/vocal3/cul/images/main.jpg
internet	류토 Gachapoid V3	공룡 모티프;큰 팔 장치;마이크	https://www.ssw.co.jp/products/vocal3/gachapoid/images/main.jpg
internet	Lily V3	긴 금발;검은 광택 상의;노란 선	https://www.ssw.co.jp/products/vocal3/lily/images/main.png
ahs	miki V4	큰 아호게;별 장식;반투명 스커트	https://www.ah-soft.com/images/products/vocaloid/v4miki/img_miki.jpg
ahs	카아이 유키 V4 Natural	낮은 양갈래;책가방;작은 체구	https://rsc-net.vocaloid.com/assets/image_files/45968ec2bb50ea68326dd95973361e33/yukiNatural_600.png
ahs	히야마 키요테루 V4 Natural	안경;아가일 니트;후드 외투	https://rsc-net.vocaloid.com/assets/image_files/72fa08d0298fda3feb4b6002ceaf5e74/kiyoteruNatural_600.png
ahs	네코무라 이로하 V2	고양이형 헬멧;거대 스피커 팔	https://www.ah-soft.com/images/products/iroha/v2_iroha_box.jpg
ahs	유즈키 유카리 V3	보브와 긴 옆머리;토끼 귀 후드	https://www.ah-soft.com/images/products/vocaloid/yukari/mainimage.jpg
ahs	마쿠네 나나 V4 Natural	베레모;대형 줄무늬 리본	https://rsc-net.vocaloid.com/assets/image_files/59347adefd6424bd7531760812fab06b/Macnenana_Natural_600.png
gynoid	flower V4	분할 머리색;비대칭 팔 착용물	https://www.gynoid.co.jp/images/news/56/pose2054_re.png
gynoid	메이카 히메	작은 뿔;넓은 흰 소매;매화 장식	https://www.gynoid.co.jp/images/news/56/201903_himemiko_w720.png
gynoid	메이카 미코토	작은 뿔;대응색;다리 장식 배치	https://www.gynoid.co.jp/images/news/56/201903_himemiko_w720.png
gynoid	Xin Hua 기본	회색 웨이브;베레모;피나포어	https://www.gynoid.co.jp/images/news/56/xinhuaMMD_screen%5B1%5D.png
other_jp	IA 기본	초장발;분리 소매;비대칭 다리 착용물	https://rsc-net.vocaloid.com/assets/image_files/c2bd6efd6118ad49f8f831fc77fbfeda/IA_600.png
other_jp	MAYU	다색 머리끝;건반 밑단;봉제토끼	https://rsc-net.vocaloid.com/assets/image_files/1059d8dcbca298af9a7bfb39c9e101dd/MAYU_600.png
other_jp	Mew 패키지	흑백 인물화;짙은 입술;팔밴드	https://rsc-net.vocaloid.com/assets/image_files/e71a317476c614bdce9d661d275ec58f/Mew_600.png
other_jp	anon	쇼트보브;흰 재킷;주황 포인트	https://rsc-net.vocaloid.com/assets/image_files/d3b370a55228fe76ce5474c333f76828/AnonKanon_600.png
other_jp	kanon	높은 포니테일;비대칭 몸판	https://rsc-net.vocaloid.com/assets/image_files/d3b370a55228fe76ce5474c333f76828/AnonKanon_600.png
other_jp	아오키 라피스	거대 수정;부채꼴 치마	https://rsc-net.vocaloid.com/assets/image_files/77eac5d49a0087624b024a0595877e9a/LAPIS_old_600.png
other_jp	메를리	안쪽 머리색;꽃잎형 허리 장식	https://rsc-net.vocaloid.com/assets/image_files/04d640e946f14000e58164fb7e0e41c1/Merli2_600.png
other_jp	Fukase	패치워크;얼굴 무늬;기울어진 모자	https://rsc-net.vocaloid.com/assets/image_files/de60aa66f9e7132cfbec742eededefdf/Fukase_600.png
other_jp	Sachiko	초대형 소매;오비;금색 리본	https://rsc-net.vocaloid.com/assets/image_files/aef1cf79d3baecc65f3a592d2f9281d9/Sachiko_600.png
other_jp	LUMi	해파리 우산;촉수형 리본;긴 소매	https://rsc-net.vocaloid.com/assets/image_files/841e96c854c13d65582ed0167a713a40/LUMi_600.png
other_jp	미라이 코마치 V4	보브;날개판 머리 장치;롱테일	https://rsc-net.vocaloid.com/assets/image_files/6b04a66ceb8e92b97736e5def5460228/Komachi_600.png
other_jp	오토베 사파이어 V6	부유 반원 건반;베일;교차 목선	https://rsc-net.vocaloid.com/assets/image_files/955552af036589ab6bcd22e16fbf76f1/Sapphire_VOCALOID_SHOP.png
other_jp	AI NurseRobot_TypeT V6	의료 모자;기계 장비;부유 로봇	https://rsc-net.vocaloid.com/assets/image_files/19c33bbd96b4575d4060be63cdf94cb5/TTNurseRobot_TypeT.png
other_jp	ZOLA PROJECT V3 패키지	3인 대비;가는 선묘;수채화적 명암	https://rsc-net.vocaloid.com/assets/image_files/14afd9eb423b55f7d76f739144455e3b/ZOLA_600.png
zh_ko	뤄톈이 판본군	고리머리;옥색 돌;매듭	https://www.vocaloid.com/en/products/show/v5l_tianyi_en
zh_ko	옌허 판본군	짧은 흰 머리;다리 세로 건반	https://www.vocaloid.com/en/products/show/v5l_yanhe_en
zh_ko	웨정룽야 V4	흑백 분할 머리;술;장식 매듭	https://rsc-net.vocaloid.com/assets/image_files/b8ed7265c74af6b41d13b2e788472540/YUEZHENGLONGYA_600.png
zh_ko	모칭셴 V4	어깨 개방;긴 별도 허리 패널	https://rsc-net.vocaloid.com/assets/image_files/098c947e39057095a064f5d7aa73d231/Moqingxian_600.png
zh_ko	즈위모커 V4	후드 롱테일;청록 조끼	https://rsc-net.vocaloid.com/assets/image_files/ad76b37a907c4b7657c95a78acf07c7c/ZhiyuMoke_600.png
zh_ko	유니 UNI V4 Original	사이드 포니테일;뺨의 별;이퀄라이저	https://rsc-net.vocaloid.com/assets/image_files/8831afb5ad0020a4a2eecab9ce31bf9d/product_image_600x600.png
en_es	AVANNA 패키지	웨이브;주근깨;녹색 드레스	https://zero-g.co.uk/cdn/shop/products/Avanna_345x%402x.png?v=1559645865
en_es	DEX 패키지	한쪽 눈 앞머리;마름모 스카프	https://zero-g.co.uk/cdn/shop/products/Dex_345x%402x.png?v=1559646273
en_es	DAINA 패키지	짧은 후드 조끼;팔 커버;파우치	https://zero-g.co.uk/cdn/shop/products/Daina_345x%402x.png?v=1559645662
en_es	OLIVER 기본	붕대;세일러 칼라;선원모	https://vocaloid.fandom.com/wiki/OLIVER
en_es	SONiKA 초기 3D	녹색 단발;구슬 목걸이;문자 문양	https://vocaloid.fandom.com/wiki/SONiKA
en_es	BRUNO 공식 축약 그림	페도라;걷은 소매;청록 재킷	https://www.voctro-vocaloid.com/images/bruno-chibi-fs8.png
en_es	CLARA 공식 축약 그림	하트 안경;오프숄더;가터 연결끈	https://www.voctro-vocaloid.com/images/clara-chibi-fs8.png
en_es	MAIKA	머리끝 분할색;내려 걸친 재킷	https://rsc-net.vocaloid.com/assets/image_files/d62273454f8c9c7c19bfd828c8da3f42/MAIKA_600.png
voice_variant	미쿠 Append 게임 모델	일체형 몸판;허리 장치;투명 패널	https://miku.sega.jp/FT/module/img/module_fc010.png
voice_variant	루카 V4X 게임 모델	원형 팔 장치;옆트임;안감	https://miku.sega.jp/FT/module/img/module_pre030.png
voice_variant	GUMI V4 보이스 일러스트군	공통 고글;여러 상의	https://www.ssw.co.jp/products/vocaloid4/megpoid/images/main.jpg
voice_variant	우나 Sugar	퍼프 소매;둥근 세일러 장식	https://www.ssw.co.jp/products/vocaloid4/una/images/main.jpg
voice_variant	우나 Spicy	각진 테두리;어깨 컷아웃	https://www.ssw.co.jp/products/vocaloid4/una/images/main.jpg
voice_variant	이로하 V4 Natural	귀 머리띠;큰 목 리본	https://www.ah-soft.com/images/products/top/v4_iroha_natural_box.jpg
voice_variant	이로하 V4 Soft	넓은 칼라;꽃무늬 소매;털 테두리	https://www.ah-soft.com/images/products/top/v4_iroha_soft_box.jpg
voice_variant	키요테루 V4 Rock	열린 칼라;장갑;마이크 스탠드	https://rsc-net.vocaloid.com/assets/image_files/856416c4c26e1cb55742b11eecc1bb53/kiyoteruRock_600.png
voice_variant	유카리 V4 Jun	보라 안감;토끼형 후드 부속	https://www.ah-soft.com/images/products/vocaloid/v4yukari/mainimage.jpg
voice_variant	유카리 V4 Lin	노란 도상;마이크 장치	https://www.ah-soft.com/images/products/vocaloid/v4yukari/mainimage.jpg
voice_variant	유카리 V4 Onn	꽃;레이스형 부속	https://www.ah-soft.com/images/products/vocaloid/v4yukari/mainimage.jpg
voice_variant	IA ROCKS	목 고정;분리 소매;허벅지 밴드	https://rsc-net.vocaloid.com/assets/image_files/2af310e13d7d591cecc70a1b677acb34/IA_ROCKS_600.png
snow_annual	눈미쿠 2010	흰 연파랑 기본복	https://snowmiku.com/2026/images/info/snowmiku/img_archive.webp
snow_annual	눈미쿠 2011	머플러;장갑;귀마개	https://snowmiku.com/about.html
snow_annual	눈미쿠 2012	털 칼라;보석;벙어리장갑	https://snowmiku.com/images/about/design_2012.jpg
snow_annual	눈미쿠 2013	흰 후드;붉은 안감;잎	https://snowmiku.com/images/about/design_2013.jpg
snow_annual	눈미쿠 2014	뾰족모자;망토;구형 지팡이	https://snowmiku.com/images/about/design_2014.jpg
snow_annual	눈미쿠 2015	종형 꽃;녹색 잎;열매 단추	https://snowmiku.com/images/about/design_2015.jpg
snow_annual	눈미쿠 2016	동물 니트모;고글;스포츠웨어	https://snowmiku.com/images/about/design_2016.jpg
snow_annual	눈미쿠 2017	별자리 선;반투명 자락	https://snowmiku.com/images/about/design_2017.jpg
snow_annual	눈미쿠 2018	새 머리 후드;날개형 소매	https://snowmiku.com/images/about/design_2018.jpg
snow_annual	눈미쿠 2019	왕관;다단 프릴;금색 테두리	https://snowmiku.com/images/about/design_2019.jpg
snow_annual	눈미쿠 2020	제복모;꼬임끈;금관악기	https://snowmiku.com/images/about/design_2020.jpg
snow_annual	눈미쿠 2021	시계 모자;격자;전구줄	https://snowmiku.com/images/about/design_2021.jpg
snow_annual	눈미쿠 2022	선장모;쌍안경;집게 장식	https://snowmiku.com/images/about/design_2022.jpg
snow_annual	눈미쿠 2023	해 달 장식;그라데이션;양산	https://snowmiku.com/images/about/design_2023.jpg
snow_annual	눈미쿠 2024	앞치마;체크;식기 핀	https://snowmiku.com/images/about/design_2024.jpg
snow_annual	눈미쿠 2025	수정 왕관;비대칭 다리 장식	https://snowmiku.com/images/about/design_2025.jpg
snow_annual	눈미쿠 2026	케이크 모자;아이싱 밑단;과자 가방	https://snowmiku.com/images/about/design_2026.jpg
sakura	사쿠라 미쿠 계절 게임 모델	분홍 양갈래;벚꽃	https://miku.sega.jp/FT/module/img/module_ct008.png
racing_annual	레이싱 미쿠 2010 게임 모델	공구 파우치;팔 커버	https://miku.sega.jp/FT/module/img/module_ct039.png
racing_annual	레이싱 미쿠 2011 게임 모델	일체형;청록 테두리	https://miku.sega.jp/FT/module/img/module_ct040.png
racing_annual	레이싱 미쿠 2015 피규어	갑주;방패;접힌 우산	https://images.goodsmile.info/cgm/images/product/20150420/4962/33127/large/dd4876272f5acf4de089a6201495818c.jpg
racing_annual	레이싱 미쿠 2017 피규어	네 날개;회로 선;꽃잎 드레스	https://www.goodsmile.com/gsc-webrevo-sdk-storage-prd/product/image/product/20170818/6655/47064/large/169cf2378d214a6f623e2e92513e9845.jpg
game_module	미쿠 壱ノ桜 桜花	제복모;벚꽃 넓은 소매	https://miku.sega.jp/FT/module/img/module_fs005.png
game_module	미쿠 ∞	붉은 홍채;다단 검은 치마	https://miku.sega.jp/FT/module/img/module_fs008.png
game_module	미쿠 深海少女	산호형 머리 장식;긴 뒷자락;맨발	https://miku.sega.jp/FT/module/img/module_ct010.png
game_module	미쿠 ハートハンター	타원 복부 개방;막 날개	https://miku.sega.jp/FT/module/img/module_fs037.png
game_module	미쿠 スペイシーナース	드릴 컬;의료모;캡슐	https://miku.sega.jp/FT/module/img/module_fs026.png
game_module	미쿠 堕悪天使	드릴 컬;고딕 제복	https://miku.sega.jp/FT/module/img/module_fs027.png
game_module	미쿠 ピエレッタ	작은 실크해트;튀튀;교차끈	https://miku.sega.jp/FT/module/img/module_fc012.png
game_module	미쿠 도트 비키니	도트;프릴;치마형 하의	https://miku.sega.jp/FT/module/img/module_fs046.png
game_module	미쿠 チャイナ	높은 칼라;옆 여밈;분리 소매	https://miku.sega.jp/FT/module/img/module_ct017.png
game_module	린 蘇芳妖狐	여우형 귀 꼬리;기모노형 상의	https://miku.sega.jp/FT/module/img/module_ct045.png
game_module	렌 藍鉄妖狐	여우형 귀 꼬리;다리 감개	https://miku.sega.jp/FT/module/img/module_ct063.png
game_module	렌 トリッカー	둥근 모자;연미형 재킷;아가일	https://miku.sega.jp/FT/module/img/module_fs111.png
game_module	루카 テンプテーション	큰 리본;분리 소매;반바지	https://miku.sega.jp/FT/module/img/module_fs126.png
game_module	KAITO ギルティ	올블랙;열린 칼라;걷은 소매	https://miku.sega.jp/FT/module/img/module_fs159.png
game_module	MEIKO セクシープディング	스트랩리스;교차끈;허리 리본	https://miku.sega.jp/FT/module/img/module_ct084.png
game_module	미쿠 ラセツトムクロ	머리끝 색;옆 여우 가면;식물 무늬	https://miku.sega.jp/FT/module/img/module_fs071.png
