slug|sections|label_ko|mode|slot|seed_terms_ko|components_en|relations|confounder_ko|claim_limit_ko|sources|priority
radial_static_hair|1,7|같은 두피에서 갈라져 뜨는 대전 머리카락|direct|hair_style|정전기,대전,마찰대전|separate fine strands rise from one scalp^the raised strands spread apart above that same head^ordinary room light reveals the strand edges|grows_from,strands,same_scalp;spreads_apart,strands,neighboring_strands|바람에 한쪽으로 쏠린 머리와 공중 번개|모발 형태만으로 전하량·원인 확정 불가;대전 상황은 요청 문맥|S07|P0
static_cling_cloth|1,7|천의 국소 달라붙음|direct|garment_detail|정전기,정전기적 인력|one cloth patch clings to a declared adjacent surface^free fabric hangs beyond that bounded contact^small folds converge toward the contact patch|clings_to,cloth_patch,adjacent_surface|젖은 천의 비침·진공 흡착|달라붙음은 시각 형태이며 마찰대전 증명이 아님;비침 자동 추가 금지|S07,S09|P1
paper_attraction|7|종이 조각과 대전 물체의 근접 관계|direct|prop|정전기적 인력,정전유도|small paper fragments cluster near one rod tip^several fragments touch that tip^uncollected fragments remain on the same table|clusters_near,paper_fragments,rod_tip|자석에 붙는 철가루|물체의 재료·힘의 원인은 별도 문맥;부상한 종이만으로 전기력 확정 불가|S07,S37|P1
gold_leaf_electroscope|21,1|한 줄기에 매달린 벌어진 검전기 금속박|direct|prop|검전기,금박 검전기|two thin metal leaves hang from one conducting stem^a glass enclosure surrounds the leaves^a terminal sits above the same stem|attached_to,metal_leaves,stem;enclosed_by,metal_leaves,glass_case|무관한 두 장식판이나 금박 장식|정지 화면은 대전 시점·극성을 확인하지 못함;장치 판본 자료 추가 필요|S24,S37|P1
short_spark_gap|7,25|두 끝점 사이의 짧은 스파크|direct|light_shape|불꽃방전·스파크,미세 스파크,스파크 갭|a short irregular luminous channel bridges two nearby metal tips^both channel endpoints meet those tips^the surrounding air stays darker than the channel|bridges,spark_channel,two_metal_tips|연마 입자·별빛 점·용접 비산물|정지 사진은 지속 시간을 입증하지 못함;공기 간극 외 매질은 sibling|S03,S37|P0
constricted_arc_bridge|7,25|전극 사이의 연속 발광 아크|direct|light_shape|아크·전호,전극 사이 아크|one concentrated luminous column joins two electrodes^bright attachment regions meet each electrode^the column bends continuously between those regions|connects,arc_column,electrode_pair|도체 끝의 국소 코로나와 굽은 네온관|연속된 형태와 지속 방전의 시간적 사실을 구분;밝기가 전류값 증명은 아님|S37,S04|P0
tip_local_corona|7,9,25|뾰족한 도체에 붙은 국소 코로나|direct|light_shape|코로나 방전,성 엘모의 불,방전 후광|a faint compact glow hugs one conductive tip^the glow occupies air immediately adjoining that tip^the tip remains visible inside the local luminous region|localized_at,corona_glow,conductive_tip|전극 전체를 잇는 아크·양초 불꽃·전신 후광|색은 선택값;기체·조건에 따라 달라짐;태양 코로나와 별개|S03|P0
bounded_glow_tube|7,14|유리 방전관 안의 부드러운 발광|direct|light_type|글로 방전,방전관,저온 플라즈마|a translucent glass tube encloses a broad soft luminous gas region^two end electrodes belong to that tube^dark glass margins remain outside the luminous region|contained_in,glow_region,glass_tube;terminates_at,glow_region,end_electrodes|관 밖 번개·LED 간판·연소 불꽃|저압·기체 성분·온도는 화면에서 직접 판정하지 않음|S06,S37|P0
streamer_tip_filaments|7,25|한 발생부에서 뻗는 가는 분지 스트리머|direct|light_shape|스트리머,실 같은 방전,수지상 패턴|fine luminous filaments start near one electrode^smaller offshoots branch from those filaments^the distant filament ends remain separate in the surrounding gas|originates_at,filaments,electrode;branches_from,offshoots,filaments|가닥 전선·굵은 연속 아크|사진만으로 leader와streamer의 시간적 성장·극성 판별 불가|S04,S03|P0
declared_spark_gap_apparatus|7,21|두 전극과 그 사이 빈 간극|direct|prop|스파크 갭|two metal terminals face across one air gap^separate supports hold those terminals^the gap stays spatially bounded between their facing ends|faces_across,terminal_a,terminal_b|단락으로 이미 닿은 단자·일반 배선|불꽃 발생은 선택 상태;gap이라는 명칭만으로 점화하지 않음|S25|P0
plasma_globe_center_radial|7|중앙 전극에서 유리구로 뻗는 방전|direct|prop|플라즈마 글로브|one central electrode sits inside a transparent sphere^thin luminous filaments extend from the electrode toward the inner glass^the glass boundary remains distinct from the filaments|originates_at,filaments,central_electrode;contained_in,filaments,glass_sphere|자유 부유 구상번개·결정구슬·혈장|색과 손 접촉은 선택;플라즈마라는 상위명만으로 유리구 강제 금지|S06|P0
plasma_globe_touch_concentration|7|유리구 접촉점 아래에 모이는 필라멘트|direct|relational_action|플라즈마 글로브|one fingertip rests on the outer glass sphere^an internal filament cluster converges beneath that contact^the glass wall separates finger and internal gas|touches,fingertip,outer_glass;converges_beneath,filaments,contact_point|손가락이 관통한 구·손 자체에서 발생한 번개|접촉 관계는 선택 상태이며 전류가 피부를 흐른다는 근거 아님|S06|P1
jacobs_ladder_arc|7,21|벌어지는 두 도체 사이의 아크|temporal|prop|아크·전호,정전기 발생기|two conducting rods diverge upward^a bright arc spans the rods at one height^both arc endpoints remain on their respective rods|spans,arc,diverging_rods|고정 빛띠·막대 한쪽에 붙은 불꽃|상승·재점화의 반복은 영상 또는 명시된 시퀀스가 필요|S37|P1
welding_arc_and_spatter|7,19|접합부의 아크와 분리된 비산 입자|direct|action|아크·전호,미세 스파크|a concentrated arc meets one metal workpiece junction^small bright particles depart from that junction^the luminous column and particles remain distinct|meets,welding_arc,workpiece;emitted_from,spatter,workpiece_junction|모든 반짝이는 입자를 전기 통로로 묘사|전기 아크·가열 금속 입자·연기는 다른 매질과 owner|S37,S39|P2
cloud_ground_branched_channel|8,25|구름과 지상 종점을 잇는 분지 통로|direct|weather|구름-지면 번개,낙뢰·벼락,갈래 번개,갈라지는 전광,번개 통로|one irregular bright trunk runs from a cloud region to a visible ground endpoint^narrow side branches fork from that trunk^the ground endpoint lies on a declared landscape object|connects,main_channel,cloud_and_ground;branches_from,side_channels,main_channel|구름 안 섬광·공중에서 끝나는 전광·아이콘|색으로 양극성·음극성 판별 금지;하향 진행은 한 프레임에서 불명|S01|P0
intracloud_diffuse_illumination|8,25|구름 내부에서 퍼지는 섬광|direct|lighting|구름 내부 번개,면상 번개,구름 내부 발광|a bounded cloud mass glows from an interior region^uneven bright patches reveal surrounding cloud volume^the silhouette of the same cloud remains outside the brighter interior|illuminates,internal_flash,same_cloud_volume|맑은 하늘의 흰색 fill·태양 역광|보이지 않는 통로를 강제하지 않음;IC와sheet의 모든 사례가 동치 아님|S01,S02|P0
cloud_cloud_channel|8|서로 다른 두 구름을 잇는 통로|direct|weather|구름 사이 번개|two separated cloud masses frame one lateral luminous channel^the channel enters each declared cloud region^open darker sky remains between the masses|connects,lateral_channel,two_cloud_masses|지면 종점·한 구름 안 밝은 무늬|기준은 공간 연결이며 극성·진행 방향은 숨은 정보|S01|P1
cloud_air_free_end|8|구름에서 공중으로 끝나는 전광|direct|weather|구름-공기 번개|a luminous branch exits one cloud edge^its far end fades within open sky^visible ground remains separated from that far end|exits,channel,cloud_edge;ends_within,channel,open_air|지면 연결 낙뢰|화면 밖 종점을 공중 종점으로 오판하지 않도록 전체 경로 필요|S01|P1
tower_upward_branch_form|8,9|탑 꼭대기에 붙은 상향 분지 형태|temporal|weather|상향 번개,상향 스트리머|a branched luminous channel is attached to one tower top^its larger visible branches spread into the sky above^the tower and branch origin share one continuous junction|attached_to,channel,tower_top;spreads_above,branches,tower|탑 뒤에 겹쳐진 하향 낙뢰|시작 방향의 확정에는 시간 기록 필요;형태 gate와발생 과정 분리|S01,S11|P1
parallel_ribbon_record|8|옆으로 나란히 기록된 번개 경로|temporal|lens_artifact|리본 번개|several closely spaced luminous channel records share a similar branching outline^the records are laterally displaced^a single storm landscape anchors their common view|displaced_parallel_to,channel_records,other_records|독립 번개 여러 개·복제 그래픽|바람 이동·반복 뇌격·camera movement는 별도 기록;단일 사진으로 원인 결정 금지|S02|P2
brief_staccato_flash|8|스타카토 번개의 시간 정의|temporal|capture_context|스타카토 번개,번개 섬광,뇌격|one captured flash is associated with a declared short exposure^the channel outline stays bounded within that capture^an accompanying sequence records onset and disappearance|recorded_in,flash,exposure_sequence|굵은 선을 순간성의 증거로 사용|지속 시간·flash/stroke 수는 영상/센서 없으면 미평가|S01|P2
distant_heat_flash|8|먼 지평선 위의 뇌우 섬광|direct|lighting|먼 번개·열번개|a distant cloud bank contains a faint illuminated patch^a dark foreground separates observer and cloud bank^the actual discharge channel may remain concealed|located_beyond,cloud_flash,foreground|열기가 보이는 특수 번개·천둥 없음 강제|거리·청각 부재는 별도정보;보이는 희미한광만 평가|S02|P1
reported_ball_luminous_form|8|보고된 구상 발광의 관측·재현 카드|reported|subject|구상번개|one compact approximately rounded luminous region appears above the ground^the region has a bounded outline^the surrounding landscape establishes its apparent position|situated_above,luminous_region,ground|플라즈마 글로브·렌즈 flare·마법구와 자동 동치|보고된 현상의 외형 범주;생성 원리·모든 사례의 색·크기 보편화 금지|S23|P2
cumulonimbus_owned_structure|9|적란운의 기둥·기저·모루 연결|direct|weather|뇌우,적란운,모루구름|one vertically developed cloud tower rises from a dark base^a broad upper anvil spreads from the same tower^lower precipitation stays beneath that connected storm body|rises_from,tower,dark_base;extends_from,anvil,same_tower|따로 놓인 구름 세 장·비구름만|기존profile의동일subtype 재사용 검토;모든 번개 장면에 폭우·모루 강제 금지|S01|P1
fulgurite_glass_tube|9|모래에 남은 유리질 낙뢰관|direct|aftermath_trace|섬전암·풀구라이트|a rough granular outer tube encloses a glassy inner wall^a hollow opening reveals that inner wall^the specimen rests in or beside sandy substrate|lines,glassy_wall,hollow_tube;adjoins,specimen,sandy_substrate|나무뿌리·용암관·밝게 빛나는 번개 잔상|표본의 출처·생성 원인은문맥;각 표본에 분지 자동강제 금지|S21|P1
mast_st_elmo_glow|9,23|돛대 끝의 성 엘모 발광|direct|light_shape|성 엘모의 불,성 엘모|a small local luminous veil surrounds the tip of one ship mast^the mast remains visible below the veil^the glow belongs to the mast tip rather than the whole ship|localized_at,glow,mast_tip|연소하는 선박·태양 코로나·신성후광|코로나의선박subtype;성인·종교이미지 자동추가 금지|S03|P1
red_sprite_above_storm|10|운정과 떨어진 스프라이트 구조|direct|weather|스프라이트|a faint red-dominant column or jellyfish-like luminous cluster appears high above a storm^a dark vertical interval separates its lower tendrils from the cloud top^the storm provides a lower spatial anchor|separated_above,sprite_cluster,cloud_top|구름에서 직접 자란 제트·오로라 커튼|Earth subtype;색·모양의관측변동 유지;시간·고도수치 gate제외|S10,S11|P0
blue_jet_cloud_origin|10|운정에서 시작하는 제트형 발광|direct|weather|블루 제트|a narrow tapering blue-dominant luminous structure starts at one cloud top^the structure extends upward into darker sky^its lower junction remains attached to the cloud top|originates_at,jet,cloud_top;extends_into,jet,sky_above|운정과 떨어진 스프라이트·손에서 쏜 beam|정지 화면은 성장속도·정확한고도 증명 불가|S10,S11|P0
gigantic_jet_bridge|10|운정에서 상층으로 이어지는 넓은 제트|direct|weather|자이언틱 제트|a narrow lower luminous trunk begins at the cloud top^an upper branched fan expands above that trunk^one continuous connection links the lower trunk and upper fan|connects,lower_trunk,cloud_top;continues_into,lower_trunk,upper_fan|해파리 스프라이트를 같은기점으로오인|고도측정없이크기수치확정금지;Earth 사례와창작재현분리|S11|P0
elves_ring_above_storm|10|뇌우 상층의 넓은 고리 발광|temporal|weather|엘브스|a broad faint luminous ring lies high above one storm^the ring center aligns with that storm region^a distinct vertical interval separates ring and cloud body|above,emission_ring,storm;centered_over,emission_ring,storm_region|UFO·운정 corona·마법진|퍼져나가는 속도·EMP발생원인은정지영상에서 미평가|S10|P1
auroral_curtain_and_rays|10|지평선 위 오로라 아크·커튼·광선|direct|weather|오로라|a long luminous arc lies above a visible horizon^folded curtain-like sheets develop along the arc^narrow near-vertical rays remain within the same curtain|above,auroral_arc,horizon;embedded_in,rays,curtain|성운·스프라이트·녹색 구름|기존커튼subtype 재사용;확산오로라에커튼의무를확장하지않음|S12|P1
gamma_flash_instrument_model|10|감마선 섬광의 계측·설명 모형|diagram|capture_context|지구 감마선 섬광|a labeled detector view is paired with a storm diagram^a plotted photon-count transient occupies an instrument display^the visual model identifies measured radiation separately from ordinary visible light|measures,detector,gamma_event;displayed_on,count_trace,instrument|보라색 레이저가 감마선인 것처럼표현|TGF는 가시광선무늬가 아님;실제검출값은 합성설명과 구별|S10|P2
solar_corona_occulted_view|10|태양 차폐 원반 주변의 코로나 관측|application|composition|태양 코로나|a dark occulting disk masks the bright solar center^faint extended brightness lies outside that disk^a solar-center marker identifies the viewing geometry|surrounds,outer_corona,masked_sun|도체 끝의 corona·상층대기ELVES|기존CME profile은front까지요구;정적인corona와동치재사용금지|S42|P2
closed_circuit_loop|5|전원·부하·귀환선이 이어진 회로|direct|prop|전기회로,폐회로,부하|two source terminals connect to a declared load^a second conductor returns from the load to the other source terminal^the complete physical loop is visible|connects,outgoing_wire,source_and_load;returns_to,return_wire,other_source_terminal|돌아오는 선없는회로·장식루프|이어진배선은실제작동증명이아님;전류를발광구슬로추가금지|S14|P0
open_switch_gap|5|한 경로가 끊어진 열린 스위치|direct|prop|개방회로|a switch blade is separated from its receiving contact^the visible gap interrupts one declared circuit path^conductors remain attached on both sides of the switch|interrupts,switch_gap,circuit_path|단락·꺼진전구만|노드전체전위를추정하지않음;개방회로에불꽃자동추가금지|S14|P0
series_one_path|5|한 경로에 연속 놓인 두 부하|diagram|prop|직렬 연결|two loads lie consecutively along one branch^the branch connects the source terminals through both loads^the diagram marks every connection point consistently|follows,load_b,load_a;same_path,load_a,load_b|위치가나란하다는이유로병렬판정|외형이 아닌접속토폴로지;읽을수없는기판은이gate불가|S41|P0
parallel_shared_nodes|5|같은 두 노드를 공유하는 두 가지|diagram|prop|병렬 연결,분기,노드·접점|two separate load branches share one pair of source nodes^each branch has a complete path between those nodes^a visible junction marks where the branches divide|shares,branch_a,node_pair;shares,branch_b,node_pair|직렬·엉킨케이블·단순두줄|교차선과접속노드를구분;같은두끝점이둘다보여야함|S41|P0
pcb_trace_pad_connectivity|5,11|기판 위 패드와 이어진 배선 패턴|direct|texture|노드·접점,전기회로,집적회로|thin conductive-looking traces connect bounded pads on one board^component leads meet their own pads^insulating board areas separate the traces|connects,traces,board_pads;meets,component_leads,own_pads|천의회로프린트·random neon lines|PCB의신호동작·재료·층내연결은외형만으로판정불가|S14|P1
copper_winding_ownership|6,11,25|같은 코어를 감싸는 구리 권선|direct|prop|솔레노이드,인덕터,빛을 받는 구리선|successive wire turns wrap one declared core^the winding ends continue to two terminals^highlights follow the curved metal turns|wraps,winding,same_core;continues_to,winding_ends,terminals|철사구슬·금속문양·발광튜브|반사색은구리재료의확정근거가아님;전류로자동빛나지않음|S25|P0
transformer_windings_core|11,12|코어와 분리된 두 권선의 변압기 모형|diagram|prop|변압기|two distinct insulated windings occupy different parts of one magnetic core^each winding has its own terminal pair^the core connects the winding regions structurally|shares,winding_pair,magnetic_core;separate_from,primary_terminals,secondary_terminals|두권선이서로직접단락된모형|장치판본별권선배치차이;교류변환기능은정지사진이입증하지못함|S13,S25|P1
motor_rotor_stator_cutaway|14|고정자 안의 회전자 모형|diagram|prop|전동기·모터,회전자,고정자|one cylindrical rotor sits within a surrounding stator^a shaft continues from the rotor through the housing^the cutaway keeps an air gap between moving and fixed parts|inside,rotor,stator;attached_to,shaft,rotor|터빈날개만·코일을밖에붙인구체|회전방향·속도·전원투입상태는별도정보;특정motor판본추가조사|S13,S14|P2
solenoid_plunger|6,14|코일 안팎으로 연결된 플런저|direct|prop|솔레노이드,전자기 액추에이터|a wire coil surrounds one central bore^a metal plunger aligns with that bore^the plunger end connects to a declared mechanical part|aligned_with,plunger,coil_bore;connects_to,plunger,mechanical_part|coil만있는인덕터·동떨어진쇳조각|운동과힘은sequence필요;파손장면자동추가금지|S14|P2
electromagnet_attracted_parts|6|코일 코어와 붙은 철제 물체|direct|prop|전자석,자기장|a wound core has a declared pole face^small metal pieces cluster against that face^the wire ends connect to a separate supply display|cluster_against,metal_pieces,pole_face|정전기종이·붙이는접착장치|붙어있음은자기력이나통전의확정증거가아님;수치·극성모형은별도|S09,S14|P1
levitation_clear_support_gap|3,14|같은 장치 위 물체와 분리된 간극|direct|prop|마이스너 효과,자기부상,초전도체|one small object sits visibly above a declared support element^a clear gap separates the two bodies^an optional cutaway shows the support apparatus around the gap|separated_above,object,support_element|공중물체만으로초전도판정·숨은실|부상모양은관측가능;Meissner원인·자장·임계온도는계측조건필요|S09,S05|P2
joule_heating_element|6,14|절연 지지체 사이 전열선|direct|prop|줄열,전열선,전기히터|a thin heating wire follows a declared repeated path^ceramic-looking supports hold separate wire sections^an optional warm glow remains on the same wire|supported_by,wire,insulating_supports;localized_on,glow,wire|전선전체에서blue lightning·불꽃이열의동의어|온도·전력·재료는계측필요;비발광전열체도허용|S14,S35|P1
incandescent_filament_inside_bulb|14|전구 안 지지선에 매달린 필라멘트|direct|light_type|백열전구,필라멘트|a thin coiled filament spans two internal supports^a glass bulb encloses that filament^light originates on the filament when the selected lamp is lit|spans,filament,internal_supports;enclosed_by,filament,glass_bulb|LED filament bulb·유리전체네온발광|온도·효율은숨은정보;켜짐이선택되지않으면glow강제금지|S35|P1
fluorescent_coated_tube|14|확산 발광을 담는 형광등 관|direct|light_type|형광등|a long glass lamp tube has two end bases^a diffuse luminous coating region spans the tube interior^the fixture supports both ends|contained_in,emission_region,lamp_tube;held_by,end_bases,fixture|내부낱개LED점·무조건보라색gas|같은외피의LED대체품존재;형광방식은문맥/라벨로별도구분|S36|P1
glass_neon_sign_structure|14,25|굽은 유리관과 전극의 간판|direct|prop|네온사인,방전관,네온 도시|a continuous bent glass tube forms a sign stroke^the visible luminous region lies inside that tube^end electrodes and feed wires belong to that stroke|contained_in,luminous_region,glass_tube;connected_to,electrodes,feed_wires|flex LED를모두gas neon으로동치|색은기체·코팅·조건에따라다름;모든neon을magenta로고정금지|S06,S37|P0
visible_led_segment_array|11,14|같은 회로에 놓인 분리된 LED 발광점|direct|light_type|발광다이오드,LED 조명|small luminous packages repeat along one board^individual emission centers remain visibly separate^a common board carries their connections|mounted_on,led_packages,same_board|연속gas tube·반딧불|점광원은선택subtype;모든LED등의외형정의로확장금지|S34|P0
phosphor_el_wire|14,25|연속 외피 안 발광하는 EL 와이어|direct|prop|방전관,유리관 속 보랏빛|a flexible cord follows a continuous bend^a bounded luminous coating lies along the cord^the cord ends enter one supply enclosure|runs_along,emission,flexible_cord;connected_to,cord_ends,supply|유리gas tube·LED점열|원문파생추가어휘;발광체방식은문맥;생김새동일만으로전도매질확정금지|S06|P2
wet_ground_owned_flash_reflection|25|같은 번개와 젖은 지면의 대응 반사|application|reflection_logic|젖은 바닥의 전광 반사|an in-frame lightning channel lights a wet ground patch^a broken reflection occupies the geometrically corresponding surface region^dry ground interrupts the reflective patch|reflects,wet_patch,visible_channel;interrupted_by,reflection,dry_boundary|바닥에또하나의공중번개·광원없는네온|기존wet_surface profile의엄격5관계를충족할때만재사용;작업scope별별도조합|S01|P0
flash_backlit_silhouette|25|섬광과 인물의 윤곽·차폐 관계|application|lighting|섬광의 실루엣|a declared bright flash lies behind one subject^the subject blocks part of the bright background^dark subject contours remain bounded against that source|occludes,subject,bright_background;behind,flash,subject|피부자체발광·전신완전white fill|시각관계만필수;공포표정·감전자동부여금지|S01|P1
channel_core_edge_color|25|같은 통로의 밝은 중심과 옅은 가장자리|application|color|청백색 중심광,보랏빛 가장자리|one luminous channel has a near-white central region^a bounded blue or violet edge remains on that same channel^the edge color stays distinct from the background grade|surrounds,colored_edge,same_channel_core|의복색·global grade를방전색으로대체|색은요청/선택의표현값이며전압·위험도·극성부호아님|S03,S06|P1
source_bloom_clipping|25|발광원에 묶인 번짐·포화|application|lens_artifact|과노출 섬광,방전 후광|the brightest part of a declared source has clipped local detail^a soft bloom spreads immediately around that source^nearby dark structures preserve separate edges|surrounds,bloom,source;localized_at,clipping,source_core|화면전체흰안개·형태모두소실|광학표현선택;형태를가려다른필수gate를없애면불합격|S36|P1
captured_flicker_sequence|25,5|같은 광원의 시간별 밝기 기록|temporal|capture_context|연속 점멸,펄스,점등되는 계기판|a declared sequence shows the same lamp in successive frames^the lamp occupies the same spatial location^its recorded brightness differs between those frames|same_owner,frame_lamp_a,frame_lamp_b;temporal_order,frame_a,frame_b|단일사진의spot두개를점멸로판정|정지출력하나로점멸frequency·phase를평가하지않음|S36,S08|P2
screen_voltage_time_axes|5,15|오실로스코프의 전압·시간 축과 파형|direct|prop|오실로스코프,정현파,펄스,진폭,주파수,위상,전기 신호|one instrument screen contains a graticule and continuous trace^vertical labels identify voltage scale^horizontal labels identify time scale^the connected probe belongs to that instrument|displayed_on,trace,instrument_screen;connected_to,probe,instrument|공중에떠있는sinwave·ECG를모든전류파형으로사용|실제값·정확도·주파수는읽을수있는축/로그없으면미평가|S08|P0
meter_probes_same_nodes|4,15|같은 계기와 회로 노드에 연결된 프로브|direct|prop|전압계,전류계,검류계,볼트,암페어,옴|two insulated leads enter one meter^their remote tips meet two declared circuit points^the display unit and selected measurement mode agree|connected_to,probe_pair,same_meter;meets,probe_tips,declared_nodes|meter없이숫자만·전압/전류배선동치|전압측정병렬·전류측정삽입구분은선택측정모형자료검증후;안전절차가아닌시각데이터|S08,S40|P0
field_line_dipole_model|1,6|전하·방향 화살표가 있는 장선 모형|diagram|composition|전기장,전기력,자기력선,자기장|two labeled charge markers anchor a diagram^curved field lines have visible direction arrows^the lines remain part of the same explanatory panel|represented_by,field,diagram_lines;anchored_to,lines,charge_markers|사진공중의실제발광선·양전하=양전자|전기장선과자기장선규칙은서로다름;같은그림을둘에재사용금지|S09|P1
orbital_density_model|2|전자 오비탈의 확률 모형|diagram|composition|전자구름,궤도함수·오비탈,스핀,전자|a labeled nucleus anchors a schematic^bounded density lobes surround the nucleus^a caption identifies the view as a probability model|surrounds,density_lobes,nucleus;depicts,lobes,probability_model|행성처럼도는딱딱한구슬·육안전자사진|현재source는장선과입자구분만지원;오비탈판본source추가후채택|S09,S14|P2
charge_carrier_band_model|2,3|전자·정공·밴드의 설명 도식|diagram|composition|정공,양전자,밴드갭,도핑,N형 반도체,P형 반도체|separate energy-band regions occupy one labeled panel^a carrier marker and vacant state use different symbols^the diagram legend defines each symbol|separate_from,electron_symbol,hole_symbol;defined_by,symbols,diagram_legend|정공을실제양전자로묘사·밴드갭을물체균열로묘사|새반도체primary source추가전P2;비가시물성을금속외형에추정금지|S14|P2
low_pressure_electron_beam_detector|2,21|용기·슬릿·발광면으로 읽는 전자빔|direct|prop|전자빔,음극선,크룩스관|a beam path lies within a low-pressure vessel^the path passes a declared slit^a glowing target or detector region reveals the beam interaction|passes_through,beam,slit;revealed_by,beam_interaction,glowing_detector|공기중laser·전자하나를발광구슬로만듦|관속빛은상호작용의표시;전자자체의광학초상아님|S38|P1
electrolysis_electrodes_bubbles|16|같은 액체 속 전극과 국소 기포|direct|prop|전기분해,수전해,전극,애노드,캐소드,전해전지|two distinct electrodes enter the same liquid vessel^small gas bubbles cluster at their submerged surfaces^separate leads connect each electrode to one supply|immersed_in,electrode_pair,same_liquid;emerges_at,bubbles,electrode_surfaces|끓는냄비·하나의전극만·기포를수소색으로묘사|액체성분·기체정체·반응량은계측/문맥;애노드부호하드코딩금지|S15|P1
electroplating_bounded_coating|16|한 작업물 표면에 이어진 도금층|direct|surface_material|전기도금,산화,환원,산화환원 반응|one workpiece is partly immersed in a plating bath^a bounded surface patch has a contrasting metal finish^the workpiece lead and counter-electrode remain separately visible|forms_on,coating,same_workpiece;immersed_in,workpiece,plating_bath|젖은반사·페인트칠·타물체의금속광|층의조성·완성도·전기적원인은외형만으로증명불가|S15|P1
battery_terminal_pair|12|배터리 케이스에 속한 두 단자|direct|prop|전지 셀,배터리·전지,일차전지,이차전지|a bounded battery casing carries two distinct terminal regions^polarity marks belong to their respective terminals^the terminal pair remains attached to the same casing|attached_to,terminal_pair,same_casing;labels,polarity_marks,own_terminals|축전기와외형동치·케이스에서번개발생|케이스만으로cell chemistry·Ah·충전가능성은판정불가;판본별도조사|S13,S14|P1
charging_connector_to_port|12|케이블의 같은 충전 포트 연결|direct|relational_action|충전,배터리 방전,전원공급장치|a cable connector is seated in one declared power port^the cable continues to a separate supply enclosure^an optional indicator belongs to that same device|seated_in,connector,power_port;continues_to,cable,supply_enclosure|스파크가충전표시·연결되지않은케이블|charging/discharging의에너지흐름과battery level은화면밖정보;정전기대전과구별|S13|P1
storage_rack_connected_modules|12|같은 저장 랙의 모듈과 배선|direct|location|에너지저장장치,무정전전원장치,인버터|repeated enclosed power modules occupy one rack^bounded cables connect neighboring module terminals^a control unit belongs to the same rack|mounted_in,modules,same_rack;connects,cables,module_terminals|서버랙과자동동치·에너지양을빛으로표시|ESS·UPS·인버터각용도는별도문맥;지속전력·변환방식은로그필요|S13|P2
overhead_line_insulator_support|13,20|송전선·애자·탑의 지지 관계|direct|location|송전탑,가공전선,애자,송전|a suspended conductor attaches through a distinct insulator assembly to one tower arm^the conductor continues toward the next support^the insulator separates conductor and structural metal|supported_via,conductor,insulator_assembly;attached_to,insulator_assembly,tower_arm|전선을tower에직접붙임·ceramic장식|시설판본과국가규격은별도조사;전압등급을애자개수만으로확정금지|S13|P1
substation_busbar_separation|13|변전 설비의 모선·지지체·연결|direct|location|변전소,모선·버스바,배전반,전력망,배전|rigid conductors connect declared equipment terminals^separate support insulators hold those conductors^several equipment bays remain spatially distinct|connects,busbars,equipment_terminals;supported_by,busbars,insulators|엉킨케이블·모든금속을직접단락|계통 topology·ratings는배치외형만으로증명불가|S13|P1
ground_bond_owned_terminal|20|같은 외함과 본딩 도체의 연결|direct|prop|접지,보호접지,등전위 본딩,인하도선|a separate conductor is attached to one metal enclosure lug^the lug has a bounded fastener and contact patch^the conductor continues toward a declared ground assembly|attached_to,bonding_conductor,enclosure_lug;continues_to,conductor,ground_assembly|green wire색만접지증명·air terminal만으로접지완성|연결·규정준수·보호성능은별도검증;정해진색을모든국가에강제금지|S13|P1
lightning_terminal_down_conductor|20|피뢰단자와 외부 인하도선|direct|prop|피뢰침,인하도선|one air terminal sits above a roof edge^a separate conductor continues down from that terminal^the conductor has visible supports along the same building|connected_to,air_terminal,down_conductor;attached_along,supports,same_building|짧은장식첨탑을완성보호시스템으로묘사|낙뢰예방보장·접지성능은외형평가아님;자세한보호계통source필요|S01,S13|P2
fuse_element_gap|20|유리 퓨즈 안의 끊어진 요소|direct|prop|퓨즈|two metal end caps belong to one transparent fuse body^a thin internal element connects toward both caps^the selected blown state shows one bounded break in that element|inside,fuse_element,transparent_body;interrupted_at,element,visible_gap|개방스위치·회로전부연소|모든퓨즈가투명하지않음;blown상태가요청되지않으면단절강제금지|S14|P2
breaker_owned_handle_state|20|같은 차단기 모듈의 레버와 표시|direct|prop|회로차단기,누전 보호장치,서지 보호장치|a bounded switch module has one owned lever^state markings sit beside that lever^separate wire terminals remain attached to the module|attached_to,lever,switch_module;adjacent_to,state_markings,lever|레버위치만으로trip원인·RCD/SPD기능증명|device별maker판본필요;모든보호장치를동일profile로통합금지|S13|P2
esd_bench_wrist_connection|20|손목 밴드와 작업대 도선|direct|wearable_accessory|정전기 방지|a bounded wrist strap encircles one wrist^a thin cord connects that strap to a declared bench point^the work surface remains a separate physical object|encircles,strap,same_wrist;connects,cord,strap_and_bench|경찰구속구·의료전극과동치|실제저항값·접지준수·ESD보호성능은외형에서미평가|S07|P2
faraday_mesh_enclosure|20|메시 외함의 면·문·내부 관계|direct|prop|패러데이 차폐,전자기 차폐|conductive-looking mesh panels enclose a bounded volume^a mesh door continues the enclosure boundary^an interior object remains visibly behind those panels|encloses,mesh,interior_volume;continues,mesh_door,enclosure_boundary|공중의빛방벽·철창이면완전차폐|차폐효율·접지·주파수영역·안전성은숨은정보;자료추가전P2|S09|P2
scorched_contact_patch|19,25|같은 단자 주변의 탄 흔적|direct|aftermath_trace|그을린 접점,단락·합선,지락,전기화재|dark discoloration is localized around one metal contact^adjacent intact metal provides a visible boundary^the damaged patch remains on that same contact assembly|localized_on,discoloration,contact_assembly|물체전체black grade·탄흔이면shortcircuit확정|흔적은원인분류·현재통전·전압의증거아님|S39,S22|P1
melted_wire_insulation|19,25|같은 도체 위 피복의 변형|direct|aftermath_trace|녹아내린 피복,절연 열화,과부하|a wire jacket has a localized softened or retracted patch^a continuous conductor remains visible through that patch^intact jacket continues along the same wire|surrounds,jacket,same_conductor;localized_on,damage,same_wire|잘라놓은전선·단순노후와원인동치|사고원인·재료·열이력은문맥;반드시불붙인모습추가금지|S39|P1
charred_board_origin|19,25|기판의 한 부품 주변 탄 영역|direct|aftermath_trace|검게 탄 회로,전기화재,정전기 방전 손상|a dark damaged region surrounds one component on a board^nearby traces remain visible outside that region^the damage belongs to the same board substrate|surrounds,damage,owned_component;localized_on,damage,board|모든ESD를큰불꽃·탄흔으로강제|ESD고장에는보이는흔적이없을수있음;탄흔은고장원인증명아님|S39|P1
arc_flash_owned_origin|19|같은 설비 개구부에서 나온 강한 섬광|direct|lighting|아크 플래시|a concentrated bright emission begins at one electrical enclosure opening^the opening rim remains visible around the origin^nearby surfaces receive source-aligned illumination|originates_at,flash,enclosure_opening;illuminates,flash,nearby_surfaces|서로다른설비에서광원과흔적·일반폭발|강한빛만으로incident energy·사고분류·피해판정불가|S39|P1
arc_blast_debris_spatial|19|설비 기점과 분리된 비산물|temporal|aftermath_trace|아크 블라스트|a declared enclosure opening anchors the event^separate small fragments lie or travel outward from that opening^nearby displaced parts preserve a coherent spatial direction|displaced_from,fragments,enclosure_opening|빛번짐을압력파증거로사용|압력·음향·인과는영상/센서조건;물체위치만으로arcblast증명불가|S39|P2
skin_lichtenberg_fern_pattern|19,25|피부 위에 남은 분지 홍반 형태|direct|body_marking|낙뢰 피해,수지상 패턴|thin reddish branches form a fern-like pattern on one skin region^smaller twigs connect to their larger branches^the pattern remains bounded to that declared skin surface|branches_from,small_twigs,larger_branches;localized_on,pattern,skin_region|영구bolt scar·발광전류·나무문양문신|관찰사례의일시형태;외형으로진단·시간·화상깊이·사망판정금지|S22|P1
solid_dielectric_dendrite_model|7,25|고체 내부의 비발광 수지상 패턴|direct|texture|절연 파괴,수지상 패턴|a branching fine-line pattern lies within one transparent solid block^small branches connect to a main internal path^the block boundary remains distinct around the pattern|inside,branch_pattern,solid_block;branches_from,twigs,main_path|피부홍반·공중번개·수지상이라고전기원인확정|교육용표본의추가자료필요;정지패턴은현재방전아님|S09|P2
eel_freshwater_visible_form|17|담수 환경의 전기뱀장어 형태|direct|subject|전기뱀장어,발전기관,전기세포|a long scaleless fish has a flattened head^one elongated anal fin runs along the underside^the fish occupies a freshwater habitat|along,anal_fin,underside;situated_in,fish,freshwater_habitat|물속에blue arcs·진짜뱀장어로동치|발전기관은외형에서보이지않음;전기방전은센서/설명모형으로분리|S17|P1
neural_membrane_signal_model|17|막과 이온 경로가 있는 활동전위 설명|diagram|composition|생체전기,막전위,안정막전위,활동전위,탈분극,재분극,과분극,불응기,이온 통로,나트륨-칼륨 펌프,신경 흥분|a membrane divides two labeled compartments^ion symbols cross a declared channel in the diagram^a separate voltage-time graph represents the membrane signal|separates,membrane,compartments;crosses,ion_symbol,channel;represents,graph,membrane_voltage|뉴런사진속번개·펌프와ion channel동치|설명모형의선택표현;종/세포별실제값과시간은별도자료|S16|P1
ecg_leads_trace_relation|18|피부 전극과 같은 기록기의 심전도|direct|prop|심전도,P파,QRS군,T파,홀터 모니터,근전도,신경전도검사|several surface electrode pads connect by leads to one recorder^a bounded screen or paper trace belongs to that recorder^the trace stays separate from the person's skin|connects,leads,pads_and_recorder;displayed_on,trace,recorder|피부가빛나는파형·ECG로EEG/EMG모두동치|ECG·EMG·신경검사는별도측정문맥;파형상형태로정상/질병진단금지|S18,S08|P1
aed_pad_same_patient|18|같은 환자 피부 전극과 AED 본체|direct|prop|제세동기|two adhesive electrode pads belong to one declared chest^lead cables connect both pads to one AED body^the device display belongs to that same AED|attached_to,pads,same_chest;connected_to,lead_pair,aed_body|두환자에하나씩패드·공중번개로소생|외형·연결을지원;올바른시술위치·리듬·성공적소생은정지영상입증범위밖|S18|P1
implanted_stimulator_model|18|삽입형 발생기와 리드의 내부 모형|diagram|prop|심박조율기,삽입형 제세동기,심부뇌자극,미주신경자극,인공와우|a labeled implanted generator sits beneath a schematic body surface^a lead follows a declared route to its target organ^a cutaway distinguishes device and tissue|beneath,generator,body_surface;connects_to,lead,target_organ|모든implant가심장리드·인공와우를pacemaker와동치|장치별target organ·외부processor차이자료필요;한template로합치지않음|S19,S20|P2
tms_coil_head_relation|18|머리 바깥의 TMS 코일 위치|direct|prop|경두개자기자극|a declared coil housing lies next to one scalp region^the coil's cable continues to its controller^the person remains a separate physical body|adjacent_to,coil_housing,scalp;connected_to,cable,controller|scalp pad ECT·Tesla coil연구실|자기유도·효능·의료목적은문맥;고통·경련자동강제금지|S20|P1
leyden_jar_layered_model|21|유리병 내외 금속층과 상부 전극 모형|diagram|prop|라이덴병,축전기·커패시터|a glass vessel separates inner and outer conducting layers^one terminal connects to the inner layer^the outer layer remains separated across the glass|separated_by,conducting_layers,glass_wall;connects_to,terminal,inner_layer|배터리·액체전체네온발광|선택판본과cutaway;충전량·누설·전류흐름은숨은정보|S24|P1
volta_stack_disc_layers|21|반복 금속판과 분리층의 볼타 전퇴|direct|prop|볼타 전퇴,갈바니 전지,전해질|different metal discs alternate in one vertical stack^thin intervening separators remain visible^two terminal leads belong to opposite ends of the stack|alternates_with,metal_discs,separators;attached_to,leads,opposite_stack_ends|동일metal단순동전탑·modernbattery|기존외형과원문술어를연결한초안;MagLabVolta전퇴판본추가확인필요|S24,S14|P2
wimshurst_counter_rotating_discs|21|두 원판·섹터·콤·라이덴병의 기전기|direct|prop|윔스허스트 기전기,정전기 발생기|two opposed discs carry repeated metal sectors^collector combs stand near those disc surfaces^two Leyden jars connect to the terminal assembly|mounted_on,sectors,disc_pair;adjacent_to,collector_combs,discs;connected_to,leyden_jars,terminal_assembly|한wheel·windturbine·gear만많은SF장치|반대회전은sequence필요;유물판본에없는jar자동강제금지|S24|P1
tesla_coil_terminal_streamers|21,25|권선·상부 단자·방전이 연결된 코일|direct|prop|테슬라 코일,복고 전기실|a tall winding column supports a top terminal^a distinct lower coil assembly belongs to that column^luminous filaments start at the top terminal when discharge is selected|supports,winding_column,top_terminal;originates_at,filaments,top_terminal|공중번개만·coil하나없이teslapunk명칭|torus와sphere는선택판본;실제출력·frequency·작동조건은숨은정보|S25|P0
violet_ray_glass_electrodes|21,22|교체 유리 전극과 손잡이·케이스|direct|prop|바이올렛 레이,바이올렛 완드|a hollow glass electrode seats into one handpiece^separate comb-shaped or disc-shaped tips rest beside that handpiece^a storage case contains the selected attachments|seated_in,glass_electrode,handpiece;contained_in,attachments,case|TENS adhesivepads·실제의료효능증명|역사적형태의장치카드;현대adult문화용도는별도문맥|S26,S29|P1
vajra_bilateral_prongs|23|중앙 손잡이 양끝의 금강저 구조|direct|prop|금강저|one central handle joins two opposed terminal clusters^each selected terminal has a declared prong form^the metal object remains bounded in the hand or on a surface|joins,central_handle,opposed_terminals|번개창·같은prong수모든문화강제|선택유물판본의갈래수와재료를따름;실제방전자동추가금지|S31|P1
double_vajra_cross_form|23|교차하는 두 축의 금강저 모형|direct|prop|교차 금강저|two perpendicular ritual axes share one center^each axis has opposed terminal clusters^the whole object forms a bounded cross-like silhouette|crosses,axis_a,axis_b;shares,axes,center|하나의vajra·기독교십자가로자동분류|원문술어확보;해당doublevajra유물추가검증전P2|S31|P2
raijin_owned_drums|23|뇌신 도상의 북과 타격 도구|application|prop|라이진·뇌신,뇌신|a ring or group of drums belongs to one declared thunder-god depiction^raised beaters relate to those drums^the drums remain distinct from the surrounding cloud forms|belongs_to,drums,declared_raijin;directed_at,beaters,drums|windgodbag·모든문화뇌신에북강제|Sotatsu판본출발;character정체성·의복·몸색자동추가금지|S32|P1
thor_hammer_pendant_form|23|망치형 펜던트의 손잡이와 걸이|direct|prop|토르의 망치|a short handle joins a wider hammer-shaped head^a suspension feature belongs to the handle end^the bounded pendant rests separately from other jewelry|joins,handle,hammer_head;attached_to,suspension_feature,handle_end|현대영화망치·임의지그재그번개문양|아뮬렛판본과fullweapon분리;유물시대·진품여부는외형gate아님|S33|P1
fantasy_hand_owned_discharge|26|능력자의 손에 연결된 창작 방전|fantasy|surreal_physics_detail|전기 조작,번개 소환,전기 오라|one declared hand or fingertip anchors a luminous branch^the branch extends toward a separately declared destination^nearby surfaces receive illumination aligned with that branch|originates_at,branch,same_hand;directed_toward,branch,destination|장갑프린트·피사체뒤의자연번개|과학적효능주장없음;발생원·대상·접촉관계는사용자scope에서결정|S01|P1
fantasy_chain_targets|26|서로 다른 대상 사이의 연쇄 경로|fantasy|relational_action|연쇄 번개|a luminous segment joins a declared source and first target^another segment continues from that target to a second target^both target identities remain distinct and visible|connects,segment_a,source_and_target_a;continues_from,segment_b,target_a;connects_to,segment_b,target_b|손에서여러target로뻗는starburst·대상중복|이동의시간순서는sequence정보;단일이미지에서는연결그래프만평가|S01|P1
fantasy_spear_blade_whip|26|창·검·채찍의 별도 발생원과 선 형태|fantasy|prop|번개 창,전격 검,전기 채찍|one declared weapon body or grip anchors the luminous form^a spear uses a pointed axial body or a blade keeps its solid edge^a whip uses a long bending path extending from its grip|attached_to,luminous_form,declared_weapon;extends_from,path,grip|서로다른weapon을하나의고정형태로활성화|분해전family카드;3개subtype중하나선택후원자작성;모든유형의동시gate금지|S01|P2
fantasy_barrier_armor_shell|26|외부 방벽과 몸에 붙은 전격층의 구별|fantasy|surreal_physics_detail|전기 방벽,전격 갑옷|a declared luminous boundary occupies a bounded plane or shell^a barrier is separated from the body it shields^an armor layer instead follows that body's surface|separate_from,barrier,protected_body;follows,armor_layer,body_surface|같은오라를방벽갑옷의동치로씀|분해전family;평면방벽·몸shell의carrier와geometry별원자화|S01|P2
fantasy_dash_double_traces|26|같은 인물의 이동 잔상 또는 분신|fantasy|motion|번개 이동,뇌전 분신,번개 잔상|one declared actor has a leading visible position^a directional luminous trace lies behind that position^an optional second silhouette is separately declared as a double|behind,trace,leading_actor;aligned_with,trace,motion_direction|장노출camera이동을캐릭터순간이동확정|잔상과분신은별개선택;속도·순간이동성공은정지화면미평가|S36|P2
fantasy_absorption_core|26|외부 발생원과 내부 코어의 연결|fantasy|surreal_physics_detail|전기 흡수,생체 배터리,번개 핵|an external luminous channel meets a declared receiving surface^a bounded visible core belongs inside that same fictional body or device^the channel and core retain their declared owners|meets,external_channel,receiving_surface;inside,core,same_fictional_body|자연생체전기·core밖전구로대체|흡수방향·저장량·회복효과는문맥/sequence;현실의료·생체기전아님|S17|P2
fantasy_overcharge_exhaustion|26|과충전·방전 후 상태 전환의 창작 문맥|temporal|narrative_phase|과충전 상태,방전 후 무력화|a declared before-state establishes one fictional actor^a separately recorded after-state shows that same actor with changed posture or light^a shared scene anchor connects the states|same_actor,before_state,after_state;temporal_order,before_state,after_state|불안표정만overcharge·쓰러짐만전기고갈|감정·능력량·원인소유는명시문맥;의료진단에확장금지|S01|P2
fictional_emp_device_response|26|EMP 창작 장면의 장치 반응|fantasy|surreal_physics_detail|EMP 파동|several separately identified devices occupy one declared area^their screens or indicators share an authored response state^a separately declared source anchors the fictional event|responds_to,device_group,fictional_source|모든EMP를빛나는구체충격파·꺼진screen만원인확정|현실EMP는보편가시구체아님;불능·범위·복구여부는문맥/로그|S10|P2
fantasy_electric_sense_overlay|26|전기 감각의 명시적 설명 오버레이|diagram|composition|전기적 감각,전기수용,전기적 위치 탐지,전기적 의사소통|a declared detector or fictional observer anchors the diagram^a separate overlay marks sensed targets^a legend identifies the overlay as information rather than visible air discharge|represented_on,sensed_targets,overlay;belongs_to,sensing_view,declared_observer|사람눈에서레이저·동물사진에무조건장선|현실전기수용·창작초감각을구분;overlay는선택출력모드|S17|P2
plasma_being_elemental|26|분리된 윤곽을 가진 전기 정령 형태|fantasy|subject|플라즈마 생명체,전기 정령|one fictional body silhouette bounds a luminous volume^thin filament structures remain within or around that body^the body stays distinct from its environment|bounded_by,luminous_volume,body_silhouette;belongs_to,filaments,fictional_body|현실플라즈마의생명존재증명·무작위폭발|생명체의눈·성별·인간형형태는고정값아님;사용자재정의우선|S05|P2
fantasy_lightning_color_variants|26|창작 번개의 색·밝기 분리|fantasy|color|흑뢰·자뢰·백뢰|a declared channel has an authored color region^a separate edge or contrasting background keeps its shape readable^nearby lit surfaces follow the selected light color when emissive|belongs_to,color_region,same_channel;contrasts_with,channel,background|색으로현실번개등급·흑색빛을물리전제로설명|3색은창작명칭;black channel은nonemissive설정/밝은rim대비선택|S03,S06|P2
fictional_reanimation_apparatus|26,21|소생 SF 장치의 전극과 피험체 연결|fantasy|prop|전기적 소생,갈바니즘|one declared fictional apparatus connects to one subject through owned leads^a visible controller belongs to that apparatus^an authored subject response remains separate from the discharge hardware|connects,leads,apparatus_and_subject;belongs_to,controller,apparatus|실제AED와죽은조직부활동치|소생은창작사건;몸반응·성공·죽음여부는사용자문맥/sequence에만근거|S18,S20|P2
fictional_crown_altar_mark|23|번개 왕관·제단·낙인의 소유 구별|fantasy|surreal_physics_detail|천벌의 번개,뇌신의 왕관,번개의 성물,폭풍의 제단,벼락의 낙인,전기의 신성화|a declared crown altar relic or body mark owns the luminous pattern^the pattern remains bounded to that chosen carrier^the chosen carrier stays visibly separate from neighboring objects|localized_on,luminous_pattern,selected_carrier;separate_from,carrier,environment|라이진유물과새창작명칭동치·피부무늬를대기방전으로전환|분해전family;6개컨셉별시점·carrier·재질scope추가정의후원자화|S31,S32|P2
erotic_electrostimulation_context|22|전기적 성적 자극·electroplay 문맥|context|situation_context|전기적 성적 자극,일렉트로플레이|a bounded controller and connected electrode accessories can be documented as objects^the named adult cultural purpose stays in interpretation context^visible device surfaces do not establish a person's consent or sensation|connected_to,accessories,controller|TENS/ECT/고문과자동동치·보라glow이면성적행위판정|단독시각atom없음;주제해석보존;출력·몸부착·행위절차를설계하지않음|S29|P1
medical_electroejaculation_context|22|전기 사정 유도의 생식의료 문맥|context|situation_context|전기 사정 유도|a named fertility-care context identifies the term^an external clinical controller may be described if specifically referenced^the treatment purpose remains separate from generic adult sensation play|belongs_to,term,fertility_context|adult electroplay·임의몸접촉template|명칭과문맥리서치만;성공·동의·시술geometry를사진으로판정하지않음|S30|P2
conducted_energy_device_context|22|접촉식·프로브식 장치 범주의 문맥|context|situation_context|전도성 에너지 장치,테이저,접촉식 전기충격기,전자기 레일건|a named device type identifies a declared apparatus^external case and lead or contact structures belong to that apparatus^projectile acceleration and electrical contact remain distinct mechanisms|belongs_to,external_structure,declared_device|TASER모든전기충격기의일반명·railgun이번개발사|장치별원자화이전context카드;실제출력·제압결과·무해함·운용절차추정금지|S27,S28|P2
electrical_coercion_context|22,19|전기 고문·사고·치료 문맥 구별|context|situation_context|전기 고문,감전,감전사,전기화상,전기경련치료|a named event distinguishes accident treatment coercion or fiction^an identified actor and affected person remain separate roles^visible leads alone do not determine the event category|separate_role,actor,affected_person|제약없는전극사진을고문/의료/동의로판정|전기고문술어유지;전용인권/법의학primary추가리서치필요;시각적동의·사망판정없음|S20,S22|P2
metaphoric_interpersonal_spark|24|사람 사이의 전기·스파크 비유|context|situation_context|찌릿하다,짜릿하다,전율하다,스파크가 튀다,전기가 통하다,감전된 듯하다,전류 같은 긴장감|a declared interaction identifies the people and immediate event^an authored gaze or reaction responds to that event^the figurative meaning remains separate from literal discharge hardware|responds_to,visible_reaction,declared_interaction|일상교감을공중번개로강제·표정만감전진단|정서·끌림·감각은보이는반응과문맥을구분;고정미소/하트추가금지|S14|P1
metaphoric_energy_speed|24|방전·충전·속도·충격의 비유|context|situation_context|전광,뇌전,벽력,청천벽력,전광석화,전격적,벼락같이,방전되다,충전하다,과부하가 걸리다,합선된 듯하다|a declared everyday event establishes the figurative sense^a visible pause rapid action or recovery moment belongs to that event^the interpretation retains the metaphor without creating an electrical machine|belongs_to,visible_moment,declared_event|휴식장면에케이블강제·과부하감정에회로화재|동일표면단어의다의어카드;한국어사전source추가시어휘보강|S14|P1
electrical_sound_only_context|9,25|천둥·파직·웅웅거림의 음향 범위|context|capture_context|천둥,파직거림,지직거림,저음의 웅웅거림,고주파의 윙윙거림,천둥의 굉음,멀어지는 우르릉거림|a declared source or setting provides sound context^a still view may show that source or a listener response^a separate audio record is needed for the sound itself|belongs_to,sound_context,declared_source|눈에보이는소리기호를사진에강제·반응만주파수증명|단독사진에는음향gate없음;기계실이라는이유로모든source동시추가금지|S02,S36|P1
