16	전기화학·화학반응·재료 가공	전기화학 — Electrochemistry;산화 — Oxidation;환원 — Reduction;산화환원 반응 — Redox reaction;전극 — Electrode;애노드 — Anode;캐소드 — Cathode;갈바니 전지 — Galvanic cell;전해전지 — Electrolytic cell;전기분해 — Electrolysis;수전해 — Water electrolysis;전기도금 — Electroplating;부식 — Corrosion;음극방식 — Cathodic protection
17	생체전기·신경·전기를 쓰는 생물	생체전기 — Bioelectricity;막전위 — Membrane potential;안정막전위 — Resting membrane potential;활동전위 — Action potential;탈분극 — Depolarization;재분극 — Repolarization;과분극 — Hyperpolarization;불응기 — Refractory period;이온 통로 — Ion channel;나트륨-칼륨 펌프 — Sodium-potassium pump;신경 흥분 — Neural excitation;발전기관 — Electric organ;전기세포 — Electrocyte;전기뱀장어 — Electric eel;전기수용 — Electroreception;전기적 위치 탐지 — Electrolocation;전기적 의사소통 — Electrocommunication
18	의료·검사·신경 자극	심전도 — Electrocardiogram, ECG/EKG;P파 — P wave;QRS군 — QRS complex;T파 — T wave;홀터 모니터 — Holter monitor;근전도 — Electromyography, EMG;신경전도검사 — Nerve conduction study;심박조율기 — Pacemaker;제세동기 — Defibrillator;삽입형 제세동기 — ICD;전기경련치료 — ECT;경두개자기자극 — TMS;심부뇌자극 — DBS;미주신경자극 — VNS;인공와우 — Cochlear implant
19	위험·사고·손상 관련 용어	감전 — Electric shock;감전사 — Electrocution;전기화상 — Electrical burn;접촉전압 — Touch voltage;보폭전압 — Step voltage;누전 — Leakage / Earth fault;단락·합선 — Short circuit;지락 — Ground fault;과전류 — Overcurrent;과부하 — Overload;과전압 — Overvoltage;서지 — Surge;아크 플래시 — Arc flash;아크 블라스트 — Arc blast;전기화재 — Electrical fire;절연 열화 — Insulation degradation;정전기 방전 손상 — ESD damage;낙뢰 피해 — Lightning injury / Damage
20	보호·차폐·안전 설비	접지 — Grounding / Earthing;보호접지 — Protective earthing;등전위 본딩 — Equipotential bonding;퓨즈 — Fuse;회로차단기 — Circuit breaker;누전 보호장치 — RCD / GFCI;서지 보호장치 — Surge protective device, SPD;피뢰침 — Air terminal / Lightning rod;인하도선 — Down conductor;이중절연 — Double insulation;절연 장갑·절연 공구 — Insulating gloves / Tools;정전기 방지 — Antistatic / ESD control;패러데이 차폐 — Faraday shielding;전자기 차폐 — Electromagnetic shielding
21	역사적 실험 도구와 고전적인 전기 이미지	라이덴병 — Leyden jar;볼타 전퇴 — Voltaic pile;검전기 — Electroscope;금박 검전기 — Gold-leaf electroscope;정전기 발생기 — Electrostatic generator;윔스허스트 기전기 — Wimshurst machine;테슬라 코일 — Tesla coil;크룩스관 — Crookes tube;음극선 — Cathode ray;자철석 자석 — Lodestone;외르스테드 실험 — Ørsted’s experiment;갈바니즘 — Galvanism
22	무기·형벌·강제력·성인 문화와 연결되는 용어	전도성 에너지 장치 — Conducted energy device, CED;테이저 — TASER;접촉식 전기충격기 — Contact stun device;전자기 레일건 — Electromagnetic railgun;전기 고문 — Electric shock torture;전기적 성적 자극 — Erotic electrostimulation / E-stim;일렉트로플레이 — Electroplay;바이올렛 완드 — Violet wand;바이올렛 레이 — Violet ray;전기 사정 유도 — Electroejaculation
23	신화·종교·상징과 관련된 용어	뇌신 — Thunder god;제우스의 번개 — Zeus’s thunderbolt;토르의 망치 — Thor’s hammer;라이진·뇌신 — Raijin / Raiden;금강저 — Vajra;교차 금강저 — Viśvavajra / Double vajra;성 엘모 — St. Elmo
23	신화·종교·상징과 관련된 용어	천벌의 번개;뇌신의 왕관;번개의 성물;폭풍의 제단;벼락의 낙인;전기의 신성화
24	한국어 표현·비유·정서적 연상	전광;뇌전;벽력;청천벽력;전광석화;전격적;벼락같이;찌릿하다;짜릿하다;전율하다;스파크가 튀다;전기가 통하다;감전된 듯하다;방전되다;충전하다;과부하가 걸리다;합선된 듯하다;전류 같은 긴장감
25	시각·소리·표면·움직임 묘사용 키워드 — 빛과 형태	갈라지는 전광 — Branching lightning;지그재그 방전 — Jagged discharge;실 같은 방전 — Filamentary discharge;수지상 패턴 — Dendritic pattern;전극 사이 아크 — Arc between electrodes;청백색 중심광 — Blue-white core;보랏빛 가장자리 — Violet fringe;방전 후광 — Discharge halo;미세 스파크 — Micro-sparks;섬광의 실루엣 — Flash-lit silhouette;구름 내부 발광 — Internally illuminated cloud;연속 점멸 — Rapid flickering;번개 잔상 — Lightning afterimage;과노출 섬광 — Overexposed flash
25	시각·소리·표면·움직임 묘사용 키워드 — 소리·표면·공간	파직거림 — Crackling;지직거림 — Electrical sizzling;저음의 웅웅거림 — Low electrical hum;고주파의 윙윙거림 — High-pitched whine;천둥의 굉음 — Thunderous boom;멀어지는 우르릉거림 — Rolling rumble;그을린 접점 — Scorched contacts;녹아내린 피복 — Melted insulation;검게 탄 회로 — Charred circuitry;빛을 받는 구리선 — Illuminated copper windings;젖은 바닥의 전광 반사 — Lightning reflected on wet ground;유리관 속 보랏빛 — Violet glow in glass tubes;케이블 다발 — Cable bundles;점등되는 계기판 — Illuminating instrument panel;네온 도시 — Neon-lit city;복고 전기실 — Retro electrical laboratory
26	판타지·SF·캐릭터 능력으로 확장되는 표현	전기 조작 — Electrokinesis;번개 소환 — Lightning summoning;연쇄 번개 — Chain lightning;번개 창 — Lightning spear;전격 검 — Electrified blade;전기 채찍 — Lightning whip;전기 방벽 — Electric barrier;전격 갑옷 — Electric armor;전기 오라 — Electric aura;번개 이동 — Lightning dash;전기 흡수 — Electricity absorption;생체 배터리 — Living battery;과충전 상태 — Overcharged state;방전 후 무력화 — Post-discharge exhaustion;EMP 파동 — EMP pulse ability;전기적 감각 — Electric sense;뇌전 분신 — Lightning double;플라즈마 생명체 — Plasma being;전기 정령 — Electric elemental;흑뢰·자뢰·백뢰 — Black / Violet / White lightning;번개 핵 — Lightning core;전기적 소생 — Electrical reanimation
