id|family|request_ko|positive_expectation|mutation_or_counterexample|expected_boundary|card_slugs|stages
R01|spark_endpoints|두 금속 끝 사이에 짧은 스파크가 보이는 장면|같은 두 tip에 양끝이 닿는 통로|끝점을 다른 장치에 붙이거나 반짝이는 금속 입자로 대체|필수 종점이 가려지거나 다른 owner면 실패|short_spark_gap|composition,native
R02|arc_corona_glow|전극 두 개 사이의 집중된 아크를 보여줘|양쪽 부착부와 연속 발광 기둥|국소 tip glow 또는 관 전체의 부드러운 glow로 대체|같은 brightness만으로 subtype 충족으로 판정하지 않음|constricted_arc_bridge,tip_local_corona,bounded_glow_tube|meaning,retrieval,native
R03|tip_locality|첨탑 끝 가까이에 작은 코로나 발광이 보이게|같은 첨탑 tip 주변의 국소 발광|전체 건물과 인물에 방전 후광을 확대|출처와 실제 변경 property 밖의 effect는 거절|tip_local_corona,mast_st_elmo_glow|composition,effect_scope,native
R04|globe_radial_topology|유리 플라즈마 구의 중앙에서 안쪽 벽으로 가는 가닥을 보여줘|중앙 전극·같은 sphere·inner glass의 연결|중앙 전극을 제거하거나 sphere 밖에서 시작|주제 label이 남아도 관계 누락은 실패|plasma_globe_center_radial|composition,native
R05|globe_outer_touch|구 바깥의 손가락 아래로 내부 방전 가닥이 모여|외부 손끝·유리 경계·내부 가닥이 같은 contact에 대응|손가락이 glass를 관통하거나 다른 손의 위치에 모임|glass separation과 same contact 모두 유지|plasma_globe_touch_concentration|embodiment,composition,native
R06|polysemy_corona|태양 코로나를 차폐 원반 바깥의 밝기로 표현해줘|태양·차폐·바깥 대기의 관측 문맥|도체 tip corona로 바꾸거나 CME front를 의무 추가|공유 단어가 다른 owner/profile의 의무를 만들지 않음|solar_corona_occulted_view,tip_local_corona|meaning,retrieval
R07|heat_lightning|먼 지평선의 열번개 섬광을 찍은 듯하게|먼 뇌우의 광역과 어두운 foreground|열기·증기·불꽃·특별한 주황 번개를 필수 추가|heat라는 명칭이 새 발생 원리를 만들지 않음|distant_heat_flash|meaning,composition
R08|polarity_not_color|음극성 낙뢰를 흰 섬광으로 묘사해줘|요청 polarity 문맥과 cloud-ground 공간 관계 보존|흰색을 양극성 증거로 판단하거나 색을 강제 변경|극성은 정지 픽셀의 색 gate로 평가하지 않음|cloud_ground_branched_channel,channel_core_edge_color|meaning,native_review_limits
R09|time_direction|탑 꼭대기에 붙은 상향 번개 형태를 한 사진으로|탑 top의 부착과 위쪽 분지를 평가|한 사진으로 시작 시점·진행 방향·속도 PASS 선언|공간 형태와 temporal claim의 판정 분리|tower_upward_branch_form,brief_staccato_flash|meaning,native_review_limits
R10|tle_connected_or_separated|운정에서 직접 솟는 제트와 그 위 분리된 스프라이트를 구별해줘|jet는운정기점·sprite는상부간격|색은유지하고두현상의기점을교환|연결·분리 관계가 subtype 의미를 소유|blue_jet_cloud_origin,gigantic_jet_bridge,red_sprite_above_storm|meaning,retrieval,native
R11|elves_ring|뇌우보다 훨씬 위의 희미한 ELVES 고리를 보여줘|고리·하부 storm·간격/중심 관계|원을 UFO나 cloud corona로 대체|형태와 대기 owner가 모두 맞아야 함;속도 미평가|elves_ring_above_storm|composition,native
R12|aurora_subtype|넓게 퍼지는 확산 오로라를 원해 커튼 모양은 지정하지 않았어|정의와선택subtype을유지|커튼 profile hit를 근거로수직ray의무 추가|커튼 subtype 규칙을 모든 오로라로 확장하지 않음|auroral_curtain_and_rays|meaning,retrieval,obligations
R13|offscreen_endpoint|구름에서 공중으로 끝나는 통로 전체가 보이게|channel far end와ground의분리|ground endpoint를crop하고cloud-air PASS선언|보이지 않는 종점은 확인된 공중 종점이 아님|cloud_air_free_end,cloud_ground_branched_channel|framing,native
R14|series_topology|전구 두 개가 하나의 경로에 직렬로 연결된 회로도|한 branch의연속두load|화면상나란함은유지하고shared nodes로배선변경|위치가 아닌 topology를 검사|series_one_path,parallel_shared_nodes|meaning,diagram,composition
R15|parallel_shared_nodes|두 가지가 같은 두 노드를 공유하는 병렬 회로도|양쪽sharednode와각branchcontinuity|하나의공통노드만연결하거나교차선을node로오인|두 shared endpoint 모두 증거 필요|parallel_shared_nodes|diagram,composition,native
R16|meter_modes|전압계로 같은 부하 양끝을 비교하는 모형|probe tips·same meter·선택측정mode|전류계연결과동치로바꾸거나tip한개를다른회로로옮김|측정 subtype과 owner 일치;수치 정확도 별도|meter_probes_same_nodes|family_split,composition,native
R17|circuit_state|같은 source와 부하의 닫힌 경로와 열린 스위치를 구별해줘|return선·switchgap소유가일관|return제거·gap메움·꺼진lamp로만개방판정|시각적 topology와 실제 통전 원인 분리|closed_circuit_loop,open_switch_gap|meaning,composition,native
R18|pcb_cloth_carrier|옷감 위 회로 프린트 문양은 유지하고 실제 장치로 바꾸지 마|bounded garment print|기판패드·전류·피부번개를추가하거나prop으로carrier이동|carrier/property lock은 slot 이동으로 우회 불가|pcb_trace_pad_connectivity|effect_scope,composition
R19|coil_device_variant|기존 코일 장치의 상부 구형 단자를 그대로 두고 가닥만 보강|samecolumn·구형terminal·기점보존|표준이미지라는이유로torus로교체·권선제거|기존 geometry와 requester definition 우선|tesla_coil_terminal_streamers,copper_winding_ownership|effect_scope,composition,native
R20|emission_reflection_grade|금속 반사는 유지하고 방전의 가장자리만 보라색으로|selectedsource의edgeproperty만변경|의복·피부·globalgrade를보라색으로바꿈|간접 color/lighting effects까지 선언하고 lock 대조|channel_core_edge_color,copper_winding_ownership|effect_scope,composition
R21|reflection_owner|같은 프레임의 번개가 젖은 바닥에 대응되게 반사돼|visible source·수광면·alignment|바닥반사를다른source의색/위치로바꿈|profile재사용시 complete owner 관계 보존|wet_ground_owned_flash_reflection|composition,native
R22|reflection_boundary|젖은 지면 반사와 마른 부분의 끊김을 보이게|wet-dry경계와차폐/끊김|전체바닥을매끈한mirror로바꾸거나경계가림|선택된 hard 관계의 부분 구현은 실패|wet_ground_owned_flash_reflection|effect_scope,native
R23|skin_scar_dendrite|피부의 가는 분지 홍반과 이마의 각진 흉터를 별개로|declaredskinregion·branching·비발광형태|skinpattern을고체내부에넣거나영구glowing scar로전환|carrier·시간 의미 보존;진단·화상깊이 판정 금지|skin_lichtenberg_fern_pattern,solid_dielectric_dendrite_model|meaning,effect_scope,native_review_limits
R24|fault_cause_trace|그을린 접점과 녹은 피복의 표면 흔적을 조사 사진으로|samecontact/wire damage patch|흔적만으로단락/과부하/방화/사망확정|흔적의 형태와 숨은 원인 문맥을 구분|scorched_contact_patch,melted_wire_insulation|meaning,native_review_limits
R25|esd_hidden_failure|정전기 방전 손상으로 작동을 멈춘 부품 외형을 묘사해줘|요청정의보존·동작고장은별도문맥|큰불꽃·탄기판·폭발을필수로추가|ESD damage의 visible trace가 항상 존재하지 않음|charred_board_origin|meaning,obligations
R26|audio_limits|변압기실의 웅웅거림과 먼 천둥을 연상시키는 사진|선택source와장면/반응을평가|정지사진을근거로음량·주파수·녹음성공PASS|sound 자체는 오디오 기록 영역;photo에소리기호의무없음|electrical_sound_only_context|composition,native_review_limits
R27|time_flicker_capture|같은 램프의 연속 점멸을 기록하는 장면|sequence·sameowner·brightness변화|사진banding만으로frequency/AC/고장확정|시간 주장과 camera artifact를 별도 판정|captured_flicker_sequence,source_bloom_clipping|meaning,native_review_limits
R28|charge_discharge_direction|충전 케이블이 연결된 장치와 배터리 방전 문맥을 구분|port·connector·supplycontinuity|충전/방전말만으로스파크·가시전자흐름·배터리량추정|연결과 에너지 방향/량의 구분;대전 다의어도 검토|charging_connector_to_port,battery_terminal_pair|meaning,retrieval,native_review_limits
R29|bioelectricity_visible_animal|담수 속 전기뱀장어를 실제 동물 사진처럼|확인된외형과habitat|수중blue arcs·다른fin·전기기관외부노출을의무추가|생체기능과 직접관측형태를 분리|eel_freshwater_visible_form,neural_membrane_signal_model|meaning,composition,native
R30|aed_same_patient|같은 환자에 붙은 두 패드와 하나의 AED가 연결돼|samechest·leadpair·samedevice|다른환자에pad하나씩·lead중간단절·장치없는번개|모든필수연결과소유를평가;임상성과는미평가|aed_pad_same_patient|embodiment,composition,native
R31|device_purpose_collision|유리 전극 장치의 역사적 전시 사진이고 성적 맥락은 지정하지 않았어|선택판본·case·handpiece·glass|violetwand검색hit만으로성적행위·치료효능·강압서사추가|문화·의료·강압 목적은 외형/유사도로 자동 결정하지 않음|violet_ray_glass_electrodes,erotic_electrostimulation_context,electrical_coercion_context|meaning,retrieval,obligations
R32|chain_vs_starburst|한 손에서 대상 A로 그리고 A에서 B로 잇는 연쇄 번개|source→A→B의다른segment와targetidentity|손에서A/B로직접분기하는starburst·A/B중복|방향성 관계와 cardinality를 보존|fantasy_chain_targets,fantasy_hand_owned_discharge|composition,native
R33|barrier_vs_armor|몸에서 떨어진 평면 전기 방벽을 원해|body밖boundaryplane|몸을따르는aura/armor로carrier변경|family분해·separation·geometry lock 검증|fantasy_barrier_armor_shell|family_split,effect_scope,native
R34|reanimation_vs_treatment|SF의 전기적 소생 설정과 현실 제세동 자료를 구분해줘|각자의원인/장치/사건범위를유지|fictionalresurrection을AED의료효능으로확정|의미해석·픽셀반응·치료성과를 분리|fictional_reanimation_apparatus,aed_pad_same_patient|meaning,native_review_limits
R35|figurative_literal|두 사람이 전기가 통하는 느낌 그리고 휴식으로 충전하는 일상 장면|실제관계/휴식event를보존|공중번개·피부pad·charger·고정하트/표정을의무추가|whole-request와비유문맥우선;비유를물리방전으로route금지|metaphoric_interpersonal_spark,metaphoric_energy_speed|meaning,retrieval,obligations
R36|authority_locks_negation|번개라는 말은 의복의 각진 줄무늬를 뜻하며 머리카락과 피부색은 그대로|requesterdefinition·active source span·속성lock보존|approxprofilehit/반대예시/인용된번개로hardduty생성·다른slot으로color변경|queryhit는선택제안;정의·부정·carrier·lock보다우선하지않음|fantasy_hand_owned_discharge,channel_core_edge_color,radial_static_hair|meaning,retrieval,effect_scope,obligations,composition
