seed_id	section	original_label	disposition	card_ids	context_route
K0001	1	전기 — Electricity	context_or_variant_followup		hidden_physical_quantity
K0002	1	전하 — Electric charge	context_or_variant_followup		hidden_physical_quantity
K0003	1	양전하 — Positive charge	context_or_variant_followup		hidden_physical_quantity
K0004	1	음전하 — Negative charge	context_or_variant_followup		hidden_physical_quantity
K0005	1	전기적 중성 — Electrical neutrality	context_or_variant_followup		hidden_physical_quantity
K0006	1	대전 — Electrification / Charging	detailed_card_mapping	EL001	hidden_physical_quantity
K0007	1	정전기 — Static electricity	detailed_card_mapping	EL001,EL002	hidden_physical_quantity
K0008	1	전기력 — Electric force	detailed_card_mapping	EL058	hidden_physical_quantity
K0009	1	전기장 — Electric field	detailed_card_mapping	EL058	hidden_physical_quantity
K0010	1	전위 — Electric potential	context_or_variant_followup		hidden_physical_quantity
K0011	1	전압·전위차 — Voltage	context_or_variant_followup		hidden_physical_quantity
K0012	1	전류 — Electric current	context_or_variant_followup		hidden_physical_quantity
K0013	1	전기저항 — Electrical resistance	context_or_variant_followup		hidden_physical_quantity
K0014	1	전력 — Electric power	context_or_variant_followup		hidden_physical_quantity
K0015	1	전기 에너지 — Electrical energy	context_or_variant_followup		hidden_physical_quantity
K0016	1	기전력 — Electromotive force, EMF	context_or_variant_followup		hidden_physical_quantity
K0017	1	극성 — Polarity	context_or_variant_followup		hidden_physical_quantity
K0018	1	전하 보존 — Conservation of charge	context_or_variant_followup		hidden_physical_quantity
K0019	2	전자 — Electron	detailed_card_mapping	EL059	microscopic_model
K0020	2	양전자 — Positron	detailed_card_mapping	EL060	microscopic_model
K0021	2	양성자 — Proton	context_or_variant_followup		microscopic_model
K0022	2	이온 — Ion	context_or_variant_followup		microscopic_model
K0023	2	양이온·음이온 — Cation / Anion	context_or_variant_followup		microscopic_model
K0024	2	자유전자 — Free electron	context_or_variant_followup		microscopic_model
K0025	2	전도전자 — Conduction electron	context_or_variant_followup		microscopic_model
K0026	2	가전자 — Valence electron	context_or_variant_followup		microscopic_model
K0027	2	정공 — Hole	detailed_card_mapping	EL060	microscopic_model
K0028	2	전자구름 — Electron cloud	detailed_card_mapping	EL059	microscopic_model
K0029	2	궤도함수·오비탈 — Orbital	detailed_card_mapping	EL059	microscopic_model
K0030	2	스핀 — Spin	detailed_card_mapping	EL059	microscopic_model
K0031	2	에너지 준위 — Energy level	context_or_variant_followup		microscopic_model
K0032	2	여기 — Excitation	context_or_variant_followup		microscopic_model
K0033	2	이온화 — Ionization	context_or_variant_followup		microscopic_model
K0034	2	재결합 — Recombination	context_or_variant_followup		microscopic_model
K0035	2	밴드갭 — Band gap	detailed_card_mapping	EL060	microscopic_model
K0036	2	양자 터널링 — Quantum tunneling	context_or_variant_followup		microscopic_model
K0037	2	광전효과 — Photoelectric effect	context_or_variant_followup		microscopic_model
K0038	2	전자빔 — Electron beam	detailed_card_mapping	EL061	microscopic_model
K0039	3	도체 — Conductor	context_or_variant_followup		material_property_context
K0040	3	절연체 — Insulator	context_or_variant_followup		material_property_context
K0041	3	반도체 — Semiconductor	context_or_variant_followup		material_property_context
K0042	3	전해질 — Electrolyte	context_or_variant_followup		material_property_context
K0043	3	유전체 — Dielectric	context_or_variant_followup		material_property_context
K0044	3	전기분극 — Electric polarization	context_or_variant_followup		material_property_context
K0045	3	전기전도도 — Conductivity	context_or_variant_followup		material_property_context
K0046	3	비저항 — Resistivity	context_or_variant_followup		material_property_context
K0047	3	유전율 — Permittivity	context_or_variant_followup		material_property_context
K0048	3	절연내력 — Dielectric strength	context_or_variant_followup		material_property_context
K0049	3	도핑 — Doping	detailed_card_mapping	EL060	material_property_context
K0050	3	N형 반도체 — N-type semiconductor	detailed_card_mapping	EL060	material_property_context
K0051	3	P형 반도체 — P-type semiconductor	detailed_card_mapping	EL060	material_property_context
K0052	3	초전도체 — Superconductor	detailed_card_mapping	EL044	material_property_context
K0053	3	임계온도 — Critical temperature	context_or_variant_followup		material_property_context
K0054	3	마이스너 효과 — Meissner effect	detailed_card_mapping	EL044	material_property_context
K0055	4	볼트 — Volt, V	detailed_card_mapping	EL057	unit_and_label_context
K0056	4	암페어 — Ampere, A	detailed_card_mapping	EL057	unit_and_label_context
K0057	4	쿨롬 — Coulomb, C	context_or_variant_followup		unit_and_label_context
K0058	4	옴 — Ohm, Ω	detailed_card_mapping	EL057	unit_and_label_context
K0059	4	지멘스 — Siemens, S	context_or_variant_followup		unit_and_label_context
K0060	4	와트 — Watt, W	context_or_variant_followup		unit_and_label_context
K0061	4	줄 — Joule, J	context_or_variant_followup		unit_and_label_context
K0062	4	와트시·킬로와트시 — Wh / kWh	context_or_variant_followup		unit_and_label_context
K0063	4	암페어시 — Ampere-hour, Ah	context_or_variant_followup		unit_and_label_context
K0064	4	패럿 — Farad, F	context_or_variant_followup		unit_and_label_context
K0065	4	헨리 — Henry, H	context_or_variant_followup		unit_and_label_context
K0066	4	헤르츠 — Hertz, Hz	context_or_variant_followup		unit_and_label_context
K0067	4	테슬라 — Tesla, T	context_or_variant_followup		unit_and_label_context
K0068	4	웨버 — Weber, Wb	context_or_variant_followup		unit_and_label_context
K0069	4	전자볼트 — Electronvolt, eV	context_or_variant_followup		unit_and_label_context
K0070	5	전기회로 — Electric circuit	detailed_card_mapping	EL034,EL038	topology_or_time_signal
K0071	5	폐회로 — Closed circuit	detailed_card_mapping	EL034	topology_or_time_signal
K0072	5	개방회로 — Open circuit	detailed_card_mapping	EL035	topology_or_time_signal
K0073	5	직렬 연결 — Series connection	detailed_card_mapping	EL036	topology_or_time_signal
K0074	5	병렬 연결 — Parallel connection	detailed_card_mapping	EL037	topology_or_time_signal
K0075	5	노드·접점 — Node	detailed_card_mapping	EL037,EL038	topology_or_time_signal
K0076	5	분기 — Branch	detailed_card_mapping	EL037	topology_or_time_signal
K0077	5	부하 — Load	detailed_card_mapping	EL034	topology_or_time_signal
K0078	5	직류 — Direct current, DC	context_or_variant_followup		topology_or_time_signal
K0079	5	교류 — Alternating current, AC	context_or_variant_followup		topology_or_time_signal
K0080	5	정현파 — Sine wave	detailed_card_mapping	EL056	topology_or_time_signal
K0081	5	펄스 — Pulse	detailed_card_mapping	EL055,EL056	topology_or_time_signal
K0082	5	진폭 — Amplitude	detailed_card_mapping	EL056	topology_or_time_signal
K0083	5	주파수 — Frequency	detailed_card_mapping	EL056	topology_or_time_signal
K0084	5	위상 — Phase	detailed_card_mapping	EL056	topology_or_time_signal
K0085	5	실효값 — Root mean square, RMS	context_or_variant_followup		topology_or_time_signal
K0086	5	임피던스 — Impedance	context_or_variant_followup		topology_or_time_signal
K0087	5	리액턴스 — Reactance	context_or_variant_followup		topology_or_time_signal
K0088	5	공진 — Resonance	context_or_variant_followup		topology_or_time_signal
K0089	5	역률 — Power factor	context_or_variant_followup		topology_or_time_signal
K0090	5	시정수 — Time constant	context_or_variant_followup		topology_or_time_signal
K0091	5	과도응답 — Transient response	context_or_variant_followup		topology_or_time_signal
K0092	6	자기장 — Magnetic field	detailed_card_mapping	EL043,EL058	field_law_or_mechanical_effect
K0093	6	자극 — Magnetic pole	context_or_variant_followup		field_law_or_mechanical_effect
K0094	6	자기력선 — Magnetic field line	detailed_card_mapping	EL058	field_law_or_mechanical_effect
K0095	6	자속·자기선속 — Magnetic flux	context_or_variant_followup		field_law_or_mechanical_effect
K0096	6	자기구역 — Magnetic domain	context_or_variant_followup		field_law_or_mechanical_effect
K0097	6	전자석 — Electromagnet	detailed_card_mapping	EL043	field_law_or_mechanical_effect
K0098	6	솔레노이드 — Solenoid	detailed_card_mapping	EL039,EL042	field_law_or_mechanical_effect
K0099	6	로런츠 힘 — Lorentz force	context_or_variant_followup		field_law_or_mechanical_effect
K0100	6	쿨롱 법칙 — Coulomb’s law	context_or_variant_followup		field_law_or_mechanical_effect
K0101	6	옴의 법칙 — Ohm’s law	context_or_variant_followup		field_law_or_mechanical_effect
K0102	6	전자기 유도 — Electromagnetic induction	context_or_variant_followup		field_law_or_mechanical_effect
K0103	6	패러데이 법칙 — Faraday’s law	context_or_variant_followup		field_law_or_mechanical_effect
K0104	6	렌츠 법칙 — Lenz’s law	context_or_variant_followup		field_law_or_mechanical_effect
K0105	6	와전류 — Eddy current	context_or_variant_followup		field_law_or_mechanical_effect
K0106	6	역기전력 — Back EMF	context_or_variant_followup		field_law_or_mechanical_effect
K0107	6	줄열 — Joule heating	detailed_card_mapping	EL045	field_law_or_mechanical_effect
K0108	6	전자기파 — Electromagnetic wave	context_or_variant_followup		field_law_or_mechanical_effect
K0109	6	전자기 스펙트럼 — Electromagnetic spectrum	context_or_variant_followup		field_law_or_mechanical_effect
K0110	7	마찰대전 — Triboelectric charging	detailed_card_mapping	EL001	discharge_subtype_or_hidden_state
K0111	7	접촉대전 — Contact charging	context_or_variant_followup		discharge_subtype_or_hidden_state
K0112	7	정전유도 — Electrostatic induction	detailed_card_mapping	EL003	discharge_subtype_or_hidden_state
K0113	7	정전기적 인력 — Electrostatic attraction	detailed_card_mapping	EL002,EL003	discharge_subtype_or_hidden_state
K0114	7	방전 — Electrical discharge	context_or_variant_followup		discharge_subtype_or_hidden_state
K0115	7	절연 파괴 — Electrical breakdown	detailed_card_mapping	EL081	discharge_subtype_or_hidden_state
K0116	7	불꽃방전·스파크 — Spark discharge	detailed_card_mapping	EL005	discharge_subtype_or_hidden_state
K0117	7	아크·전호 — Electric arc	detailed_card_mapping	EL006,EL013,EL014	discharge_subtype_or_hidden_state
K0118	7	코로나 방전 — Corona discharge	detailed_card_mapping	EL007	discharge_subtype_or_hidden_state
K0119	7	글로 방전 — Glow discharge	detailed_card_mapping	EL008	discharge_subtype_or_hidden_state
K0120	7	스트리머 — Streamer	detailed_card_mapping	EL009	discharge_subtype_or_hidden_state
K0121	7	스파크 갭 — Spark gap	detailed_card_mapping	EL005,EL010	discharge_subtype_or_hidden_state
K0122	7	플라즈마 — Plasma	context_or_variant_followup		discharge_subtype_or_hidden_state
K0123	7	저온 플라즈마 — Low-temperature plasma	detailed_card_mapping	EL008	discharge_subtype_or_hidden_state
K0124	7	플라즈마 글로브 — Plasma globe	detailed_card_mapping	EL011,EL012	discharge_subtype_or_hidden_state
K0125	7	잔류전하 — Residual charge	context_or_variant_followup		discharge_subtype_or_hidden_state
K0126	8	번개 — Lightning	context_or_variant_followup		atmospheric_topology_or_time
K0127	8	번개 섬광 — Lightning flash	detailed_card_mapping	EL021	atmospheric_topology_or_time
K0128	8	뇌격 — Lightning stroke	detailed_card_mapping	EL021	atmospheric_topology_or_time
K0129	8	낙뢰·벼락 — Lightning strike	detailed_card_mapping	EL015	atmospheric_topology_or_time
K0130	8	구름 내부 번개 — Intracloud, IC	detailed_card_mapping	EL016	atmospheric_topology_or_time
K0131	8	구름 사이 번개 — Cloud-to-cloud, CC	detailed_card_mapping	EL017	atmospheric_topology_or_time
K0132	8	구름-공기 번개 — Cloud-to-air, CA	detailed_card_mapping	EL018	atmospheric_topology_or_time
K0133	8	구름-지면 번개 — Cloud-to-ground, CG	detailed_card_mapping	EL015	atmospheric_topology_or_time
K0134	8	상향 번개 — Upward lightning	detailed_card_mapping	EL019	atmospheric_topology_or_time
K0135	8	음극성 낙뢰 — Negative CG lightning	context_or_variant_followup		atmospheric_topology_or_time
K0136	8	양극성 낙뢰 — Positive CG lightning	context_or_variant_followup		atmospheric_topology_or_time
K0137	8	갈래 번개 — Forked lightning	detailed_card_mapping	EL015	atmospheric_topology_or_time
K0138	8	면상 번개 — Sheet lightning	detailed_card_mapping	EL016	atmospheric_topology_or_time
K0139	8	리본 번개 — Ribbon lightning	detailed_card_mapping	EL020	atmospheric_topology_or_time
K0140	8	스타카토 번개 — Staccato lightning	detailed_card_mapping	EL021	atmospheric_topology_or_time
K0141	8	먼 번개·열번개 — Heat lightning	detailed_card_mapping	EL022	atmospheric_topology_or_time
K0142	8	구상번개 — Ball lightning	detailed_card_mapping	EL023	atmospheric_topology_or_time
K0143	9	뇌우 — Thunderstorm	detailed_card_mapping	EL024	storm_process_or_trace
K0144	9	적란운 — Cumulonimbus	detailed_card_mapping	EL024	storm_process_or_trace
K0145	9	모루구름 — Anvil cloud	detailed_card_mapping	EL024	storm_process_or_trace
K0146	9	상승기류 — Updraft	context_or_variant_followup		storm_process_or_trace
K0147	9	얼음 결정 — Ice crystal	context_or_variant_followup		storm_process_or_trace
K0148	9	싸락우박 — Graupel	context_or_variant_followup		storm_process_or_trace
K0149	9	전하 분리 — Charge separation	context_or_variant_followup		storm_process_or_trace
K0150	9	선도방전 — Leader	context_or_variant_followup		storm_process_or_trace
K0151	9	계단형 선도방전 — Stepped leader	context_or_variant_followup		storm_process_or_trace
K0152	9	상향 스트리머 — Upward streamer	detailed_card_mapping	EL019	storm_process_or_trace
K0153	9	귀환뇌격 — Return stroke	context_or_variant_followup		storm_process_or_trace
K0154	9	다트 리더 — Dart leader	context_or_variant_followup		storm_process_or_trace
K0155	9	번개 통로 — Lightning channel	context_or_variant_followup		storm_process_or_trace
K0156	9	천둥 — Thunder	detailed_card_mapping	EL116	storm_process_or_trace
K0157	9	섬전암·풀구라이트 — Fulgurite	detailed_card_mapping	EL025	storm_process_or_trace
K0158	9	성 엘모의 불 — St. Elmo’s fire	detailed_card_mapping	EL007,EL026	storm_process_or_trace
K0159	10	일시적 발광 현상 — Transient luminous event, TLE	context_or_variant_followup		upper_atmosphere_or_space_model
K0160	10	스프라이트 — Sprite	detailed_card_mapping	EL027	upper_atmosphere_or_space_model
K0161	10	블루 제트 — Blue jet	detailed_card_mapping	EL028	upper_atmosphere_or_space_model
K0162	10	자이언틱 제트 — Gigantic jet	detailed_card_mapping	EL029	upper_atmosphere_or_space_model
K0163	10	엘브스 — ELVES	detailed_card_mapping	EL030	upper_atmosphere_or_space_model
K0164	10	지구 감마선 섬광 — Terrestrial gamma-ray flash, TGF	detailed_card_mapping	EL032	upper_atmosphere_or_space_model
K0165	10	전리층 — Ionosphere	context_or_variant_followup		upper_atmosphere_or_space_model
K0166	10	자기권 — Magnetosphere	context_or_variant_followup		upper_atmosphere_or_space_model
K0167	10	태양풍 — Solar wind	context_or_variant_followup		upper_atmosphere_or_space_model
K0168	10	오로라 — Aurora	detailed_card_mapping	EL031	upper_atmosphere_or_space_model
K0169	10	지자기 폭풍 — Geomagnetic storm	context_or_variant_followup		upper_atmosphere_or_space_model
K0170	10	지자기 유도전류 — Geomagnetically induced current, GIC	context_or_variant_followup		upper_atmosphere_or_space_model
K0171	10	태양 코로나 — Solar corona	detailed_card_mapping	EL033	upper_atmosphere_or_space_model
K0172	11	저항기 — Resistor	context_or_variant_followup		device_variant_context
K0173	11	가변저항 — Variable resistor	context_or_variant_followup		device_variant_context
K0174	11	축전기·커패시터 — Capacitor	context_or_variant_followup		device_variant_context
K0175	11	인덕터 — Inductor	detailed_card_mapping	EL039	device_variant_context
K0176	11	변압기 — Transformer	detailed_card_mapping	EL040	device_variant_context
K0177	11	다이오드 — Diode	context_or_variant_followup		device_variant_context
K0178	11	PN 접합 — PN junction	context_or_variant_followup		device_variant_context
K0179	11	트랜지스터 — Transistor	context_or_variant_followup		device_variant_context
K0180	11	전계효과 트랜지스터 — FET	context_or_variant_followup		device_variant_context
K0181	11	집적회로 — Integrated circuit, IC	detailed_card_mapping	EL038	device_variant_context
K0182	11	발광다이오드 — LED	detailed_card_mapping	EL049	device_variant_context
K0183	11	광다이오드 — Photodiode	context_or_variant_followup		device_variant_context
K0184	11	태양전지 — Solar cell	context_or_variant_followup		device_variant_context
K0185	11	정류기 — Rectifier	context_or_variant_followup		device_variant_context
K0186	11	증폭기 — Amplifier	context_or_variant_followup		device_variant_context
K0187	11	발진기 — Oscillator	context_or_variant_followup		device_variant_context
K0188	11	진공관 — Vacuum tube	context_or_variant_followup		device_variant_context
K0189	12	발전 — Electricity generation	context_or_variant_followup		energy_conversion_and_direction
K0190	12	발전기 — Generator	context_or_variant_followup		energy_conversion_and_direction
K0191	12	터빈 — Turbine	context_or_variant_followup		energy_conversion_and_direction
K0192	12	수력발전 — Hydroelectric power	context_or_variant_followup		energy_conversion_and_direction
K0193	12	풍력발전 — Wind power	context_or_variant_followup		energy_conversion_and_direction
K0194	12	화력발전 — Thermal power generation	context_or_variant_followup		energy_conversion_and_direction
K0195	12	태양광발전 — Photovoltaic power	context_or_variant_followup		energy_conversion_and_direction
K0196	12	전지 셀 — Battery cell	detailed_card_mapping	EL064	energy_conversion_and_direction
K0197	12	배터리·전지 — Battery	detailed_card_mapping	EL064	energy_conversion_and_direction
K0198	12	일차전지 — Primary battery	detailed_card_mapping	EL064	energy_conversion_and_direction
K0199	12	이차전지 — Rechargeable battery	detailed_card_mapping	EL064	energy_conversion_and_direction
K0200	12	연료전지 — Fuel cell	context_or_variant_followup		energy_conversion_and_direction
K0201	12	충전 — Charging	detailed_card_mapping	EL065	energy_conversion_and_direction
K0202	12	배터리 방전 — Battery discharge	detailed_card_mapping	EL065	energy_conversion_and_direction
K0203	12	에너지저장장치 — Energy storage system, ESS	detailed_card_mapping	EL066	energy_conversion_and_direction
K0204	12	무정전전원장치 — UPS	detailed_card_mapping	EL066	energy_conversion_and_direction
K0205	12	인버터 — Inverter	detailed_card_mapping	EL066	energy_conversion_and_direction
K0206	12	전원공급장치 — Power supply	detailed_card_mapping	EL065	energy_conversion_and_direction
K0207	13	전력망 — Power grid	detailed_card_mapping	EL068	infrastructure_connections
K0208	13	송전 — Transmission	detailed_card_mapping	EL067	infrastructure_connections
K0209	13	배전 — Distribution	detailed_card_mapping	EL068	infrastructure_connections
K0210	13	변전소 — Substation	detailed_card_mapping	EL068	infrastructure_connections
K0211	13	송전탑 — Transmission tower / Pylon	detailed_card_mapping	EL067	infrastructure_connections
K0212	13	전신주·전주 — Utility pole	context_or_variant_followup		infrastructure_connections
K0213	13	가공전선 — Overhead line	detailed_card_mapping	EL067	infrastructure_connections
K0214	13	지중전선 — Underground cable	context_or_variant_followup		infrastructure_connections
K0215	13	애자 — Insulator	detailed_card_mapping	EL067	infrastructure_connections
K0216	13	모선·버스바 — Busbar	detailed_card_mapping	EL068	infrastructure_connections
K0217	13	배전반 — Distribution board	detailed_card_mapping	EL068	infrastructure_connections
K0218	13	전력량계 — Electricity meter	context_or_variant_followup		infrastructure_connections
K0219	13	전력 수요 — Electricity demand	context_or_variant_followup		infrastructure_connections
K0220	13	피크 부하 — Peak load	context_or_variant_followup		infrastructure_connections
K0221	13	정전 — Power outage / Blackout	context_or_variant_followup		infrastructure_connections
K0222	13	전압 저하 — Voltage sag / Brownout	context_or_variant_followup		infrastructure_connections
K0223	14	백열전구 — Incandescent lamp	detailed_card_mapping	EL046	emission_heat_and_motion
K0224	14	필라멘트 — Filament	detailed_card_mapping	EL046	emission_heat_and_motion
K0225	14	형광등 — Fluorescent lamp	detailed_card_mapping	EL047	emission_heat_and_motion
K0226	14	아크등 — Arc lamp	context_or_variant_followup		emission_heat_and_motion
K0227	14	네온사인 — Neon sign	detailed_card_mapping	EL048	emission_heat_and_motion
K0228	14	LED 조명 — LED lighting	detailed_card_mapping	EL049	emission_heat_and_motion
K0229	14	방전관 — Gas-discharge tube	detailed_card_mapping	EL008,EL048,EL050	emission_heat_and_motion
K0230	14	전열선 — Heating element	detailed_card_mapping	EL045	emission_heat_and_motion
K0231	14	전기히터 — Electric heater	detailed_card_mapping	EL045	emission_heat_and_motion
K0232	14	전동기·모터 — Electric motor	detailed_card_mapping	EL041	emission_heat_and_motion
K0233	14	회전자 — Rotor	detailed_card_mapping	EL041	emission_heat_and_motion
K0234	14	고정자 — Stator	detailed_card_mapping	EL041	emission_heat_and_motion
K0235	14	전자기 액추에이터 — Electromagnetic actuator	detailed_card_mapping	EL042	emission_heat_and_motion
K0236	14	전기벨 — Electric bell	context_or_variant_followup		emission_heat_and_motion
K0237	14	자기부상 — Magnetic levitation	detailed_card_mapping	EL044	emission_heat_and_motion
K0238	14	자기부상열차 — Maglev train	context_or_variant_followup		emission_heat_and_motion
K0239	15	전기 신호 — Electrical signal	detailed_card_mapping	EL056	measurement_information_context
K0240	15	아날로그 신호 — Analog signal	context_or_variant_followup		measurement_information_context
K0241	15	디지털 신호 — Digital signal	context_or_variant_followup		measurement_information_context
K0242	15	전신 — Telegraph	context_or_variant_followup		measurement_information_context
K0243	15	전파 — Radio wave	context_or_variant_followup		measurement_information_context
K0244	15	안테나 — Antenna	context_or_variant_followup		measurement_information_context
K0245	15	송신기 — Transmitter	context_or_variant_followup		measurement_information_context
K0246	15	수신기 — Receiver	context_or_variant_followup		measurement_information_context
K0247	15	전압계 — Voltmeter	detailed_card_mapping	EL057	measurement_information_context
K0248	15	전류계 — Ammeter	detailed_card_mapping	EL057	measurement_information_context
K0249	15	검류계 — Galvanometer	detailed_card_mapping	EL057	measurement_information_context
K0250	15	오실로스코프 — Oscilloscope	detailed_card_mapping	EL056	measurement_information_context
K0251	15	자력계 — Magnetometer	context_or_variant_followup		measurement_information_context
K0252	15	휘트스톤 브리지 — Wheatstone bridge	context_or_variant_followup		measurement_information_context
K0253	16	전기화학 — Electrochemistry	context_or_variant_followup		electrochemical_context
K0254	16	산화 — Oxidation	detailed_card_mapping	EL063	electrochemical_context
K0255	16	환원 — Reduction	detailed_card_mapping	EL063	electrochemical_context
K0256	16	산화환원 반응 — Redox reaction	detailed_card_mapping	EL063	electrochemical_context
K0257	16	전극 — Electrode	detailed_card_mapping	EL062	electrochemical_context
K0258	16	애노드 — Anode	detailed_card_mapping	EL062	electrochemical_context
K0259	16	캐소드 — Cathode	detailed_card_mapping	EL062	electrochemical_context
K0260	16	갈바니 전지 — Galvanic cell	context_or_variant_followup		electrochemical_context
K0261	16	전해전지 — Electrolytic cell	detailed_card_mapping	EL062	electrochemical_context
K0262	16	전기분해 — Electrolysis	detailed_card_mapping	EL062	electrochemical_context
K0263	16	수전해 — Water electrolysis	detailed_card_mapping	EL062	electrochemical_context
K0264	16	전기도금 — Electroplating	detailed_card_mapping	EL063	electrochemical_context
K0265	16	부식 — Corrosion	context_or_variant_followup		electrochemical_context
K0266	16	음극방식 — Cathodic protection	context_or_variant_followup		electrochemical_context
K0267	17	생체전기 — Bioelectricity	detailed_card_mapping	EL083	biological_function_or_model
K0268	17	막전위 — Membrane potential	detailed_card_mapping	EL083	biological_function_or_model
K0269	17	안정막전위 — Resting membrane potential	detailed_card_mapping	EL083	biological_function_or_model
K0270	17	활동전위 — Action potential	detailed_card_mapping	EL083	biological_function_or_model
K0271	17	탈분극 — Depolarization	detailed_card_mapping	EL083	biological_function_or_model
K0272	17	재분극 — Repolarization	detailed_card_mapping	EL083	biological_function_or_model
K0273	17	과분극 — Hyperpolarization	detailed_card_mapping	EL083	biological_function_or_model
K0274	17	불응기 — Refractory period	detailed_card_mapping	EL083	biological_function_or_model
K0275	17	이온 통로 — Ion channel	detailed_card_mapping	EL083	biological_function_or_model
K0276	17	나트륨-칼륨 펌프 — Sodium-potassium pump	detailed_card_mapping	EL083	biological_function_or_model
K0277	17	신경 흥분 — Neural excitation	detailed_card_mapping	EL083	biological_function_or_model
K0278	17	발전기관 — Electric organ	detailed_card_mapping	EL082	biological_function_or_model
K0279	17	전기세포 — Electrocyte	detailed_card_mapping	EL082	biological_function_or_model
K0280	17	전기뱀장어 — Electric eel	detailed_card_mapping	EL082	biological_function_or_model
K0281	17	전기수용 — Electroreception	context_or_variant_followup		biological_function_or_model
K0282	17	전기적 위치 탐지 — Electrolocation	context_or_variant_followup		biological_function_or_model
K0283	17	전기적 의사소통 — Electrocommunication	context_or_variant_followup		biological_function_or_model
K0284	18	심전도 — Electrocardiogram, ECG/EKG	detailed_card_mapping	EL084	clinical_device_and_purpose
K0285	18	P파 — P wave	detailed_card_mapping	EL084	clinical_device_and_purpose
K0286	18	QRS군 — QRS complex	detailed_card_mapping	EL084	clinical_device_and_purpose
K0287	18	T파 — T wave	detailed_card_mapping	EL084	clinical_device_and_purpose
K0288	18	홀터 모니터 — Holter monitor	detailed_card_mapping	EL084	clinical_device_and_purpose
K0289	18	근전도 — Electromyography, EMG	detailed_card_mapping	EL084	clinical_device_and_purpose
K0290	18	신경전도검사 — Nerve conduction study	detailed_card_mapping	EL084	clinical_device_and_purpose
K0291	18	심박조율기 — Pacemaker	detailed_card_mapping	EL086	clinical_device_and_purpose
K0292	18	제세동기 — Defibrillator	detailed_card_mapping	EL085	clinical_device_and_purpose
K0293	18	삽입형 제세동기 — ICD	detailed_card_mapping	EL086	clinical_device_and_purpose
K0294	18	전기경련치료 — ECT	context_or_variant_followup		clinical_device_and_purpose
K0295	18	경두개자기자극 — TMS	detailed_card_mapping	EL087	clinical_device_and_purpose
K0296	18	심부뇌자극 — DBS	detailed_card_mapping	EL086	clinical_device_and_purpose
K0297	18	미주신경자극 — VNS	detailed_card_mapping	EL086	clinical_device_and_purpose
K0298	18	인공와우 — Cochlear implant	detailed_card_mapping	EL086	clinical_device_and_purpose
K0299	19	감전 — Electric shock	detailed_card_mapping	EL113	fault_cause_and_visible_damage
K0300	19	감전사 — Electrocution	detailed_card_mapping	EL113	fault_cause_and_visible_damage
K0301	19	전기화상 — Electrical burn	detailed_card_mapping	EL113	fault_cause_and_visible_damage
K0302	19	접촉전압 — Touch voltage	context_or_variant_followup		fault_cause_and_visible_damage
K0303	19	보폭전압 — Step voltage	context_or_variant_followup		fault_cause_and_visible_damage
K0304	19	누전 — Leakage / Earth fault	context_or_variant_followup		fault_cause_and_visible_damage
K0305	19	단락·합선 — Short circuit	detailed_card_mapping	EL075	fault_cause_and_visible_damage
K0306	19	지락 — Ground fault	detailed_card_mapping	EL075	fault_cause_and_visible_damage
K0307	19	과전류 — Overcurrent	context_or_variant_followup		fault_cause_and_visible_damage
K0308	19	과부하 — Overload	detailed_card_mapping	EL076	fault_cause_and_visible_damage
K0309	19	과전압 — Overvoltage	context_or_variant_followup		fault_cause_and_visible_damage
K0310	19	서지 — Surge	context_or_variant_followup		fault_cause_and_visible_damage
K0311	19	아크 플래시 — Arc flash	detailed_card_mapping	EL078	fault_cause_and_visible_damage
K0312	19	아크 블라스트 — Arc blast	detailed_card_mapping	EL079	fault_cause_and_visible_damage
K0313	19	전기화재 — Electrical fire	detailed_card_mapping	EL075,EL077	fault_cause_and_visible_damage
K0314	19	절연 열화 — Insulation degradation	detailed_card_mapping	EL076	fault_cause_and_visible_damage
K0315	19	정전기 방전 손상 — ESD damage	detailed_card_mapping	EL077	fault_cause_and_visible_damage
K0316	19	낙뢰 피해 — Lightning injury / Damage	detailed_card_mapping	EL080	fault_cause_and_visible_damage
K0317	20	접지 — Grounding / Earthing	detailed_card_mapping	EL069	protective_function_context
K0318	20	보호접지 — Protective earthing	detailed_card_mapping	EL069	protective_function_context
K0319	20	등전위 본딩 — Equipotential bonding	detailed_card_mapping	EL069	protective_function_context
K0320	20	퓨즈 — Fuse	detailed_card_mapping	EL071	protective_function_context
K0321	20	회로차단기 — Circuit breaker	detailed_card_mapping	EL072	protective_function_context
K0322	20	누전 보호장치 — RCD / GFCI	detailed_card_mapping	EL072	protective_function_context
K0323	20	서지 보호장치 — Surge protective device, SPD	detailed_card_mapping	EL072	protective_function_context
K0324	20	피뢰침 — Air terminal / Lightning rod	detailed_card_mapping	EL070	protective_function_context
K0325	20	인하도선 — Down conductor	detailed_card_mapping	EL069,EL070	protective_function_context
K0326	20	이중절연 — Double insulation	context_or_variant_followup		protective_function_context
K0327	20	절연 장갑·절연 공구 — Insulating gloves / Tools	context_or_variant_followup		protective_function_context
K0328	20	정전기 방지 — Antistatic / ESD control	detailed_card_mapping	EL073	protective_function_context
K0329	20	패러데이 차폐 — Faraday shielding	detailed_card_mapping	EL074	protective_function_context
K0330	20	전자기 차폐 — Electromagnetic shielding	detailed_card_mapping	EL074	protective_function_context
K0331	21	라이덴병 — Leyden jar	detailed_card_mapping	EL088	historical_apparatus_variant
K0332	21	볼타 전퇴 — Voltaic pile	detailed_card_mapping	EL089	historical_apparatus_variant
K0333	21	검전기 — Electroscope	detailed_card_mapping	EL004	historical_apparatus_variant
K0334	21	금박 검전기 — Gold-leaf electroscope	detailed_card_mapping	EL004	historical_apparatus_variant
K0335	21	정전기 발생기 — Electrostatic generator	detailed_card_mapping	EL013,EL090	historical_apparatus_variant
K0336	21	윔스허스트 기전기 — Wimshurst machine	detailed_card_mapping	EL090	historical_apparatus_variant
K0337	21	테슬라 코일 — Tesla coil	detailed_card_mapping	EL091	historical_apparatus_variant
K0338	21	크룩스관 — Crookes tube	detailed_card_mapping	EL061	historical_apparatus_variant
K0339	21	음극선 — Cathode ray	detailed_card_mapping	EL061	historical_apparatus_variant
K0340	21	자철석 자석 — Lodestone	context_or_variant_followup		historical_apparatus_variant
K0341	21	외르스테드 실험 — Ørsted’s experiment	context_or_variant_followup		historical_apparatus_variant
K0342	21	갈바니즘 — Galvanism	detailed_card_mapping	EL108	historical_apparatus_variant
K0343	22	전도성 에너지 장치 — Conducted energy device, CED	detailed_card_mapping	EL112	purpose_sensitive_context
K0344	22	테이저 — TASER	detailed_card_mapping	EL112	purpose_sensitive_context
K0345	22	접촉식 전기충격기 — Contact stun device	detailed_card_mapping	EL112	purpose_sensitive_context
K0346	22	전자기 레일건 — Electromagnetic railgun	detailed_card_mapping	EL112	purpose_sensitive_context
K0347	22	전기 고문 — Electric shock torture	detailed_card_mapping	EL113	purpose_sensitive_context
K0348	22	전기적 성적 자극 — Erotic electrostimulation / E-stim	detailed_card_mapping	EL110	purpose_sensitive_context
K0349	22	일렉트로플레이 — Electroplay	detailed_card_mapping	EL110	purpose_sensitive_context
K0350	22	바이올렛 완드 — Violet wand	detailed_card_mapping	EL092	purpose_sensitive_context
K0351	22	바이올렛 레이 — Violet ray	detailed_card_mapping	EL092	purpose_sensitive_context
K0352	22	전기 사정 유도 — Electroejaculation	detailed_card_mapping	EL111	purpose_sensitive_context
K0353	23	뇌신 — Thunder god	detailed_card_mapping	EL095	cultural_iconography_or_authored_fiction
K0354	23	제우스의 번개 — Zeus’s thunderbolt	context_or_variant_followup		cultural_iconography_or_authored_fiction
K0355	23	토르의 망치 — Thor’s hammer	detailed_card_mapping	EL096	cultural_iconography_or_authored_fiction
K0356	23	라이진·뇌신 — Raijin / Raiden	detailed_card_mapping	EL095	cultural_iconography_or_authored_fiction
K0357	23	금강저 — Vajra	detailed_card_mapping	EL093	cultural_iconography_or_authored_fiction
K0358	23	교차 금강저 — Viśvavajra / Double vajra	detailed_card_mapping	EL094	cultural_iconography_or_authored_fiction
K0359	23	성 엘모 — St. Elmo	detailed_card_mapping	EL026	cultural_iconography_or_authored_fiction
K0360	23	천벌의 번개	detailed_card_mapping	EL109	cultural_iconography_or_authored_fiction
K0361	23	뇌신의 왕관	detailed_card_mapping	EL109	cultural_iconography_or_authored_fiction
K0362	23	번개의 성물	detailed_card_mapping	EL109	cultural_iconography_or_authored_fiction
K0363	23	폭풍의 제단	detailed_card_mapping	EL109	cultural_iconography_or_authored_fiction
K0364	23	벼락의 낙인	detailed_card_mapping	EL109	cultural_iconography_or_authored_fiction
K0365	23	전기의 신성화	detailed_card_mapping	EL109	cultural_iconography_or_authored_fiction
K0366	24	전광	detailed_card_mapping	EL115	figurative_language
K0367	24	뇌전	detailed_card_mapping	EL115	figurative_language
K0368	24	벽력	detailed_card_mapping	EL115	figurative_language
K0369	24	청천벽력	detailed_card_mapping	EL115	figurative_language
K0370	24	전광석화	detailed_card_mapping	EL115	figurative_language
K0371	24	전격적	detailed_card_mapping	EL115	figurative_language
K0372	24	벼락같이	detailed_card_mapping	EL115	figurative_language
K0373	24	찌릿하다	detailed_card_mapping	EL114	figurative_language
K0374	24	짜릿하다	detailed_card_mapping	EL114	figurative_language
K0375	24	전율하다	detailed_card_mapping	EL114	figurative_language
K0376	24	스파크가 튀다	detailed_card_mapping	EL114	figurative_language
K0377	24	전기가 통하다	detailed_card_mapping	EL114	figurative_language
K0378	24	감전된 듯하다	detailed_card_mapping	EL114	figurative_language
K0379	24	방전되다	detailed_card_mapping	EL115	figurative_language
K0380	24	충전하다	detailed_card_mapping	EL115	figurative_language
K0381	24	과부하가 걸리다	detailed_card_mapping	EL115	figurative_language
K0382	24	합선된 듯하다	detailed_card_mapping	EL115	figurative_language
K0383	24	전류 같은 긴장감	detailed_card_mapping	EL114	figurative_language
K0384	25	갈라지는 전광 — Branching lightning	detailed_card_mapping	EL015	capture_surface_sound_owner
K0385	25	지그재그 방전 — Jagged discharge	context_or_variant_followup		capture_surface_sound_owner
K0386	25	실 같은 방전 — Filamentary discharge	detailed_card_mapping	EL009	capture_surface_sound_owner
K0387	25	수지상 패턴 — Dendritic pattern	detailed_card_mapping	EL009,EL080,EL081	capture_surface_sound_owner
K0388	25	전극 사이 아크 — Arc between electrodes	detailed_card_mapping	EL006	capture_surface_sound_owner
K0389	25	청백색 중심광 — Blue-white core	detailed_card_mapping	EL053	capture_surface_sound_owner
K0390	25	보랏빛 가장자리 — Violet fringe	detailed_card_mapping	EL053	capture_surface_sound_owner
K0391	25	방전 후광 — Discharge halo	detailed_card_mapping	EL007,EL054	capture_surface_sound_owner
K0392	25	미세 스파크 — Micro-sparks	detailed_card_mapping	EL005	capture_surface_sound_owner
K0393	25	섬광의 실루엣 — Flash-lit silhouette	detailed_card_mapping	EL052	capture_surface_sound_owner
K0394	25	구름 내부 발광 — Internally illuminated cloud	detailed_card_mapping	EL016	capture_surface_sound_owner
K0395	25	연속 점멸 — Rapid flickering	detailed_card_mapping	EL055	capture_surface_sound_owner
K0396	25	번개 잔상 — Lightning afterimage	context_or_variant_followup		capture_surface_sound_owner
K0397	25	과노출 섬광 — Overexposed flash	detailed_card_mapping	EL054	capture_surface_sound_owner
K0398	25	파직거림 — Crackling	detailed_card_mapping	EL116	capture_surface_sound_owner
K0399	25	지직거림 — Electrical sizzling	detailed_card_mapping	EL116	capture_surface_sound_owner
K0400	25	저음의 웅웅거림 — Low electrical hum	detailed_card_mapping	EL116	capture_surface_sound_owner
K0401	25	고주파의 윙윙거림 — High-pitched whine	detailed_card_mapping	EL116	capture_surface_sound_owner
K0402	25	천둥의 굉음 — Thunderous boom	detailed_card_mapping	EL116	capture_surface_sound_owner
K0403	25	멀어지는 우르릉거림 — Rolling rumble	detailed_card_mapping	EL116	capture_surface_sound_owner
K0404	25	그을린 접점 — Scorched contacts	detailed_card_mapping	EL075	capture_surface_sound_owner
K0405	25	녹아내린 피복 — Melted insulation	detailed_card_mapping	EL076	capture_surface_sound_owner
K0406	25	검게 탄 회로 — Charred circuitry	detailed_card_mapping	EL077	capture_surface_sound_owner
K0407	25	빛을 받는 구리선 — Illuminated copper windings	detailed_card_mapping	EL039	capture_surface_sound_owner
K0408	25	젖은 바닥의 전광 반사 — Lightning reflected on wet ground	detailed_card_mapping	EL051	capture_surface_sound_owner
K0409	25	유리관 속 보랏빛 — Violet glow in glass tubes	detailed_card_mapping	EL050	capture_surface_sound_owner
K0410	25	케이블 다발 — Cable bundles	context_or_variant_followup		capture_surface_sound_owner
K0411	25	점등되는 계기판 — Illuminating instrument panel	detailed_card_mapping	EL055	capture_surface_sound_owner
K0412	25	네온 도시 — Neon-lit city	detailed_card_mapping	EL048	capture_surface_sound_owner
K0413	25	복고 전기실 — Retro electrical laboratory	detailed_card_mapping	EL091	capture_surface_sound_owner
K0414	26	전기 조작 — Electrokinesis	detailed_card_mapping	EL097	authored_fantasy_mechanism
K0415	26	번개 소환 — Lightning summoning	detailed_card_mapping	EL097	authored_fantasy_mechanism
K0416	26	연쇄 번개 — Chain lightning	detailed_card_mapping	EL098	authored_fantasy_mechanism
K0417	26	번개 창 — Lightning spear	detailed_card_mapping	EL099	authored_fantasy_mechanism
K0418	26	전격 검 — Electrified blade	detailed_card_mapping	EL099	authored_fantasy_mechanism
K0419	26	전기 채찍 — Lightning whip	detailed_card_mapping	EL099	authored_fantasy_mechanism
K0420	26	전기 방벽 — Electric barrier	detailed_card_mapping	EL100	authored_fantasy_mechanism
K0421	26	전격 갑옷 — Electric armor	detailed_card_mapping	EL100	authored_fantasy_mechanism
K0422	26	전기 오라 — Electric aura	detailed_card_mapping	EL097	authored_fantasy_mechanism
K0423	26	번개 이동 — Lightning dash	detailed_card_mapping	EL101	authored_fantasy_mechanism
K0424	26	전기 흡수 — Electricity absorption	detailed_card_mapping	EL102	authored_fantasy_mechanism
K0425	26	생체 배터리 — Living battery	detailed_card_mapping	EL102	authored_fantasy_mechanism
K0426	26	과충전 상태 — Overcharged state	detailed_card_mapping	EL103	authored_fantasy_mechanism
K0427	26	방전 후 무력화 — Post-discharge exhaustion	detailed_card_mapping	EL103	authored_fantasy_mechanism
K0428	26	EMP 파동 — EMP pulse ability	detailed_card_mapping	EL104	authored_fantasy_mechanism
K0429	26	전기적 감각 — Electric sense	detailed_card_mapping	EL105	authored_fantasy_mechanism
K0430	26	뇌전 분신 — Lightning double	detailed_card_mapping	EL101	authored_fantasy_mechanism
K0431	26	플라즈마 생명체 — Plasma being	detailed_card_mapping	EL106	authored_fantasy_mechanism
K0432	26	전기 정령 — Electric elemental	detailed_card_mapping	EL106	authored_fantasy_mechanism
K0433	26	흑뢰·자뢰·백뢰 — Black / Violet / White lightning	detailed_card_mapping	EL107	authored_fantasy_mechanism
K0434	26	번개 핵 — Lightning core	detailed_card_mapping	EL102	authored_fantasy_mechanism
K0435	26	전기적 소생 — Electrical reanimation	detailed_card_mapping	EL108	authored_fantasy_mechanism
