id	title	url	read_status	support_scope	limits
S01	NWS Types of Flashes	https://www.weather.gov/safety/lightning-science-types-flashes	article_text	구름 내부와 지면 연결;leader와return stroke	극성·진행 방향은 한 사진의 색으로 판정할 수 없음
S02	NWS Heat Lightning	https://www.weather.gov/safety/lightning-heat	article_text	먼 뇌우의 섬광;열번개는 별도 발생 원리 아님	천둥 부재와 거리는 정지 영상만으로 확인 불가
S03	MIT St. Elmo's Fire	https://news.mit.edu/2020/airplanes-counteract-st-elmos-fire-thunderstorms-0811	article_text	뾰족한 도체 인근의 국소 코로나 발광	연소나 전극 간 전체 아크와 구별;색만으로 위험도 판정 불가
S04	PPPL Low Temperature Plasmas lecture	https://suli.pppl.gov/2022/course/Marien%20Simeni%20Simeni%20Physics%20of%20Low%20Temperature%20Plasmas%20SULI%20June%202022.pdf	indexed_captions_only	corona·streamer·spark·glow·gliding arc의 비교 연구 경로	PDF 재조회 timeout 및 screenshot 실패;도표의 픽셀·축척은 검증하지 못함
S05	ITER Making Fusion Work	https://www.iter.org/index.php/fusion-energy/making-it-work	article_text	전하 입자로 이루어진 플라즈마 상태	핵융합 플라즈마 특성을 모든 저온 방전에 일반화하지 않음
S06	Smithsonian Atomic Light Show	https://hte.si.edu/Activities/HTE_ActivityGuide.pdf	indexed_text	유리구의중앙전극과필라멘트;매질에따른발광	색의 예시는 특정 기체;모든 장치의 보편 팔레트 아님
S07	UW Madison Van de Graaff	https://www.physics.wisc.edu/outreach/wonders-of-physics-outreach-fellows/activities/van-de-graaff-machine/	article_text	대전으로 벌어지는 머리카락과 가벼운 물체	생물학적 정체성·전압값·안전성은 외형으로 추정하지 않음
S08	Tektronix Oscilloscope and Probe	https://www.tek.com/en/documents/primer/setting-and-using-oscilloscope	article_text	화면파형;수직전압축;수평시간축;프로브	수치 진위·측정 정확도·회로 상태를 스크린 모양만으로 검증하지 않음
S09	OpenStax Electric Field Lines	https://openstax.org/books/university-physics-volume-2/pages/5-6-electric-field-lines	article_text	방향벡터와장선은공간의설명모형	공중에 보이는 발광 선이라는 뜻이 아님
S10	NASA Upper Atmosphere Phenomena	https://www.nasa.gov/image-article/upper-atmosphere-phenomena-caused-by-thunderstorms/	article_text	TLE형태와뇌우위공간관계;TGF의구별	소개 도해는 사진이 아님;감마선을 가시 광선으로 바꾸지 않음
S11	NASA Gigantic Jet clarification	https://science.nasa.gov/science-research/heliophysics/a-gigantic-jet-caught-on-camera-a-spritacular-moment-for-nasa-astronaut-nicole-ayers/	article_text	제트는운정에서연결;스프라이트는더높은층에분리	2025년 ISS 사례의 분류 정정;색만으로 subtype 지정 금지
S12	NASA Auroras Dancing in the Night	https://science.nasa.gov/earth/earth-observatory/auroras-dancing-in-the-night/	article_text	아크·커튼·수직광선의대기공간형태	모든 오로라를 커튼으로 제한하지 않음;본 연구는 커튼 subtype
S13	EIA Delivery to Consumers	https://www.eia.gov/energyexplained/electricity/delivery-to-consumers.php	article_text	전력망의발전·송전·변전·배전연결	미국 자료의 설비·계통 설명이며 한국 설비 배치를 규정하지 않음
S14	OpenStax Electrical Current	https://openstax.org/books/university-physics-volume-2/pages/9-1-electrical-current	article_text	전하운반과전류;관습적전류방향	일반 도선에서 전자가 빛나는 구슬로 보이는 것은 아님
S15	OpenStax Electrolysis	https://openstax.org/books/chemistry-2e/pages/17-7-electrolysis	article_text	전극·전해질·기포·도금;애노드산화·캐소드환원	기포만으로 기체 성분을 판정하지 않음;양극/음극 부호는 문맥 의존
S16	OpenStax Action Potential	https://openstax.org/books/anatomy-and-physiology-2e/pages/12-4-the-action-potential	article_text	막전위·이온통로·활동전위의모형	뉴런 사진에 네온 번개를 필수로 더하지 않음
S17	Smithsonian Electric Eel	https://www.nationalzoo.si.edu/animals/electric-eel	article_text	형태·담수환경·발전기관·감지와방전	종과 외형을 구분;전류는 물속의 가시 번개가 아님
S18	NHLBI Defibrillators How They Work	https://www.nhlbi.nih.gov/health/defibrillators/how-do-defibrillators-work	article_text	AED본체·피부전극·리드;검출과자극역할	기기 외형으로 실제 심전도 진단·성공적인 소생을 증명하지 않음
S19	NHLBI Pacemakers How They Work	https://www.nhlbi.nih.gov/health/pacemakers/how-it-works	indexed_text	박동보조장치의발생기와리드	인체 내부 도식·절개 모형의 범위;작동·치료 성과는 숨은 정보
S20	NIMH Brain Stimulation Therapies	https://www.nimh.nih.gov/health/topics/brain-stimulation-therapies/brain-stimulation-therapies	article_text	ECT·TMS·VNS·DBS의자극방식구분	의료 목적·마취·동의·효능은 외형만으로 추정하지 않음
S21	NPS Fulgurites	https://www.nps.gov/articles/grsa-fulgurites.htm	article_text	모래가용융해생긴유리질관	지상 번개 잔광·나무뿌리와 구별;모든 specimen에 동일 분기 강제 금지
S22	Lichtenberg Skin Response Case Report	https://pmc.ncbi.nlm.nih.gov/articles/PMC8226253/	article_text	피부의분지홍반과고전압사고사례	일시적현상·미확정기전;상처심도·사망·영구흉터 판정 금지
S23	Cen Yuan Xue Ball Lightning Observation	https://journals.aps.org/prl/abstract/10.1103/PhysRevLett.112.035001	abstract_text	관측된구상발광과분광연구	단일 연구 사례;보편 생성 원리나 확정된 외형 규격 아님
S24	Oxford Wimshurst Machine	https://mhs.web.ox.ac.uk/wimshurst-machine	indexed_text	회전판·금속섹터·콤·라이덴병	회전속도·출력값은 한 사진으로 확인 불가
S25	MagLab Tesla Coil	https://nationalmaglab.org/magnet-academy/history-of-electricity-magnetism/museum/tesla-coil-1891/	article_text	코일·변압기·스파크갭·방전단자의연결	교육 페이지의 단순화 수치는 설계·제작 지침으로 쓰지 않음
S26	Science Museum Violet Ray Apparatus	https://collection.sciencemuseumgroup.org.uk/objects/co142222/high-frequency-violet-ray-apparatus-england-before-1966	article_text	교체유리전극·빗형/원판형단부·케이스	역사적 광고 효능과 현대 의료 효능을 구분
S27	NIJ Conducted Energy Devices	https://nij.ojp.gov/topics/articles/conducted-energy-devices-policies-use-evolve-reflect-research-and-field-deployment	article_text	장치용도·접촉과프로브방식의맥락	완전 무해·비살상 보장 아님;조준·운용·출력 절차는 데이터 범위 밖
S28	US Navy Railgun DVIDS	https://www.dvidshub.net/video/539084/navy-railgun-successfully-fires-multi-shot-salvos	article_metadata	레일건시험장과전자기가속의원문출처	영상의 매 프레임·탄도·실제 출력은 검증하지 않음
S29	Dame Electrosex and Sensation Play	https://dame.com/blogs/sexual-wellness/exploring-electrosex-and-sensation-play	article_text	electroplay·violet wand의문화상용어존재	브랜드의 설명은 물리·의료·안전 효능 검증자료가 아님
S30	Johns Hopkins Electroejaculation	https://www.hopkinsmedicine.org/health/treatment-tests-and-therapies/penile-vibratory-stimulation-and-electroejaculation	page_text_limited	생식의료문맥과술어확인	형태·시술 절차는 새로 설계하지 않음;성인 감각 놀이와 동치 금지
S31	British Museum Vajra 1885-1227-58	https://www.britishmuseum.org/collection/object/A_1885-1227-58	article_text	양쪽단부와연꽃손잡이;판본별갈래수	종교 상징을 실제 방전장치로 단정하지 않음
S32	Smithsonian Sotatsu Gods of Wind and Thunder	https://archive.asia.si.edu/sotatsu/object.asp?id=ELS2015.6.44.1-2	indexed_text	풍신의자루와뇌신의북을구별	선택 도상 판본만 지원;모든 뇌신의 보편 신체·의복 아님
S33	British Museum Thor Hammer Large Print Guide	https://www.britishmuseum.org/sites/default/files/2021-05/large_print_guide_room_41.pdf	indexed_text	망치형펜던트의유물맥락	현대 슈퍼히어로 무기 디자인과 동치 아님
S34	DOE LED Basics	https://www.energy.gov/cmei/ssl/led-basics	article_text	반도체광원과방향성	확산관형 LED를 모두 점광원으로 규정하지 않음
S35	DOE History of Light Bulb	https://www.energy.gov/articles/history-light-bulb	article_text	가열필라멘트와유리외피	빈티지 톤·따뜻한 색은 요청/선택이 소유
S36	DOE Flicker Basics	https://www.energy.gov/cmei/ssl/flicker-basics	article_text	광출력의시간변화와광원별지속성	정지 사진의 banding만으로 주파수·AC 여부를 확정하지 않음
S37	UW Physics Demonstrations Electricity	https://sprott.physics.wisc.edu/demobook/CHAPTER4.HTM	article_text	정전기·기체방전관·기체색·Jacob's ladder	교육시연의 오래된 수치·안전 설명은 계승하지 않음;제작 절차 제외
S38	UW Electron Beam	https://www.physics.wisc.edu/ingersollmuseum/exhibits/em/electrons/	article_text	저압용기·슬릿·발광표면을통한전자빔관찰	전자 자체가 공기 중에 보이는 빛줄기라는 뜻이 아님
S39	OSHA Electric Arc Flash Hazards	https://www.osha.gov/electrical/flash-hazards	article_text	아크의열·빛·가스·비산효과를구분	현재규정의법률조언이아닌현상정의;색으로안전성·에너지판정금지
S40	OpenStax Electrical Measuring Instruments	https://openstax.org/books/university-physics-volume-2/pages/10-4-electrical-measuring-instruments	article_text	전압계와전류계의연결구조구분	교육용회로도관계;실장작업·계기사용의안전절차가아님
S41	OpenStax Series and Parallel Resistors	https://openstax.org/books/university-physics-volume-2/pages/10-2-resistors-in-series-and-parallel	article_text	직렬의단일경로와병렬의공통두노드	일반회로의접속관계;기판층내연결은사진만으로불명
S42	NASA Sun Facts	https://science.nasa.gov/sun/facts/	article_text	태양외부대기코로나와관측맥락	도체주변국소corona와별개;CME전면을항상요구하지않음
