id	category	ko	en	disposition	whole_surface_count	bounded_mentions	candidate_ids	profile_ids
H001	01	초단발 길이	Very short hair	regional_measurement_or_component	0	0		
H002	01	귀 길이	Ear-length hair	regional_measurement_or_component	0	0		
H003	01	턱 길이	Chin-length hair	regional_measurement_or_component	0	0		
H004	01	목덜미 길이	Nape-length hair	regional_measurement_or_component	0	0		
H005	01	어깨 길이	Shoulder-length hair	regional_measurement_or_component	0	0		
H006	01	쇄골 길이	Collarbone-length hair	regional_measurement_or_component	0	0		
H007	01	가슴 길이	Chest-length hair	regional_measurement_or_component	0	0		
H008	01	등 중간 길이	Mid-back-length hair	regional_measurement_or_component	0	0		
H009	01	허리 길이	Waist-length hair	regional_measurement_or_component	0	0		
H010	01	엉덩이 길이	Hip-length hair	regional_measurement_or_component	0	0		
H011	01	허벅지 길이	Thigh-length hair	regional_measurement_or_component	0	0		
H012	01	무릎 길이	Knee-length hair	regional_measurement_or_component	0	3		
H013	01	바닥 길이	Floor-length hair	regional_measurement_or_component	0	0		
H014	01	비현실적 초장발	Absurdly long hair	regional_measurement_or_component	0	0		
H015	01	헤어라인	Hairline	regional_measurement_or_component	0	26		
H016	01	정수리	Crown	regional_measurement_or_component	0	73		
H017	01	가마	Hair whorl	regional_measurement_or_component	0	0		
H018	01	위도스 피크	Widow’s peak	regional_measurement_or_component	0	3		
H019	01	관자놀이 머리	Temple hair	regional_measurement_or_component	0	0		
H020	01	구레나룻	Sideburns	regional_measurement_or_component	0	0		
H021	01	옆머리 가닥	Sidelocks	regional_measurement_or_component	0	0		
H022	01	잔머리	Baby hairs / flyaways	regional_measurement_or_component	0	1		
H023	01	U자 끝선	U-shaped perimeter	regional_measurement_or_component	0	0		
H024	01	V자 끝선	V-shaped perimeter	regional_measurement_or_component	0	0		
H025	01	수평 끝선	Straight-across perimeter	regional_measurement_or_component	0	0		
H026	01	대칭 실루엣	Symmetrical silhouette	regional_measurement_or_component	0	0		
H027	01	비대칭 실루엣	Asymmetrical silhouette	regional_measurement_or_component	0	0		
H028	01	정수리 볼륨	Crown volume	regional_measurement_or_component	0	0		
H029	01	옆 볼륨	Side volume	regional_measurement_or_component	0	0		
H030	01	후두부 볼륨	Occipital volume	regional_measurement_or_component	0	0		
H031	02	가는 모발	Fine hair	observable_shape_or_topology	0	3		
H032	02	굵은 모발	Coarse hair	observable_shape_or_topology	0	0		
H033	02	높은 모발 밀도	High-density hair	observable_shape_or_topology	0	0		
H034	02	낮은 모발 밀도	Low-density hair	observable_shape_or_topology	0	0		
H035	02	직모	Straight hair	observable_shape_or_topology	0	4		
H036	02	웨이브 모발	Wavy hair	observable_shape_or_topology	0	2		
H037	02	컬리 모발	Curly hair	observable_shape_or_topology	0	0		
H038	02	코일리 모발	Coily hair	observable_shape_or_topology	0	0		
H039	02	킨키 텍스처	Kinky texture	observable_shape_or_topology	0	0		
H040	02	혼합 컬 패턴	Mixed curl patterns	observable_shape_or_topology	0	0		
H041	02	느슨한 컬	Loose curls	observable_shape_or_topology	0	0		
H042	02	타이트 컬	Tight curls	observable_shape_or_topology	0	0		
H043	02	링렛	Ringlets	observable_shape_or_topology	0	0		
H044	02	코르크스크루 컬	Corkscrew curls	observable_shape_or_topology	0	0		
H045	02	컬 뭉치	Curl clumps	observable_shape_or_topology	0	0		
H046	02	프리즈	Frizz	observable_shape_or_topology	0	0		
H047	03	원렝스	One-length cut	observable_shape_or_topology	0	0		
H048	03	블런트 컷	Blunt cut	observable_shape_or_topology	0	0		
H049	03	레이어드 컷	Layered cut	observable_shape_or_topology	0	2		
H050	03	롱 레이어	Long layers	observable_shape_or_topology	0	0		
H051	03	쇼트 레이어	Short layers	observable_shape_or_topology	0	2		
H052	03	그라듀에이션	Graduation	observable_shape_or_topology	3	3	prop:graduation_flowers_no_banner_prop,location:graduation_ceremony_exit,occasion_context:graduation_after_ceremony	
H053	03	스택드 구조	Stacked layers	observable_shape_or_topology	0	0		
H054	03	페이스 프레이밍	Face-framing layers	observable_shape_or_topology	0	1		
H055	03	디스커넥션	Disconnected cut	observable_shape_or_topology	0	0		
H056	03	블렌딩	Blending	observable_shape_or_topology	0	2		
H057	03	텍스처라이징	Texturizing	process_or_installation_plus_visible_result	0	0		
H058	03	포인트 커팅	Point cutting	process_or_installation_plus_visible_result	0	0		
H059	03	레이저 컷	Razor cut	process_or_installation_plus_visible_result	0	0		
H060	03	페더드 컷	Feathered cut	observable_shape_or_topology	0	0		
H061	03	초피 컷	Choppy cut	observable_shape_or_topology	0	0		
H062	03	피시 텍스처	Piecey texture	observable_shape_or_topology	0	0		
H063	03	테이퍼드 엔드	Tapered ends	observable_shape_or_topology	0	0		
H064	03	위스피 엔드	Wispy ends	observable_shape_or_topology	0	0		
H065	04	삭발	Shaved head	observable_shape_or_topology	0	0		
H066	04	버즈컷	Buzz cut	observable_shape_or_topology	1	1	hair_style:buzz_cut	
H067	04	크루컷	Crew cut	observable_shape_or_topology	0	0		
H068	04	아이비리그 컷	Ivy League cut	observable_shape_or_topology	0	0		
H069	04	시저컷	Caesar cut	observable_shape_or_topology	0	0		
H070	04	프렌치 크롭	French crop	observable_shape_or_topology	0	0		
H071	04	텍스처드 크롭	Textured crop	observable_shape_or_topology	0	0		
H072	04	픽시컷	Pixie cut	observable_shape_or_topology	1	1	hair_style:pixie_cut	
H073	04	빅시컷	Bixie cut	observable_shape_or_topology	0	0		
H074	04	가르송컷	Garçon cut	observable_shape_or_topology	0	0		
H075	04	보울컷	Bowl cut	observable_shape_or_topology	0	0		
H076	04	머시룸컷	Mushroom cut	observable_shape_or_topology	0	0		
H077	04	언더컷	Undercut	observable_shape_or_topology	1	2	hair_style:sca_h16	
H078	04	디스커넥티드 언더컷	Disconnected undercut	observable_shape_or_topology	0	0		
H079	04	사이드컷	Sidecut	observable_shape_or_topology	0	0		
H080	04	네이프 언더컷	Nape undercut	observable_shape_or_topology	0	0		
H081	04	테이퍼	Taper	observable_shape_or_topology	0	25		
H082	04	페이드	Fade	observable_shape_or_topology	0	9		
H083	04	로우 페이드	Low fade	observable_shape_or_topology	0	0		
H084	04	미드 페이드	Mid fade	observable_shape_or_topology	0	0		
H085	04	하이 페이드	High fade	observable_shape_or_topology	0	0		
H086	04	스킨 페이드	Skin fade / bald fade	observable_shape_or_topology	0	0		
H087	04	드롭 페이드	Drop fade	observable_shape_or_topology	0	0		
H088	04	버스트 페이드	Burst fade	observable_shape_or_topology	0	0		
H089	04	템플 페이드	Temple fade	observable_shape_or_topology	0	0		
H090	04	플랫톱	Flat top	observable_shape_or_topology	0	0		
H091	04	하이톱 페이드	High-top fade	observable_shape_or_topology	0	0		
H092	04	하드 파트	Hard part	observable_shape_or_topology	0	0		
H093	04	라인업	Line-up / shape-up	observable_shape_or_topology	0	2		
H094	05	보브	Bob	observable_shape_or_topology	0	7		
H095	05	롱보브	Lob / long bob	observable_shape_or_topology	0	0		
H096	05	블런트 보브	Blunt bob	observable_shape_or_topology	0	0		
H097	05	A라인 보브	A-line bob	observable_shape_or_topology	0	0		
H098	05	인버티드 보브	Inverted bob	observable_shape_or_topology	0	0		
H099	05	스택드 보브	Stacked bob	observable_shape_or_topology	0	0		
H100	05	비대칭 보브	Asymmetrical bob	observable_shape_or_topology	0	0		
H101	05	프렌치 보브	French bob	observable_shape_or_topology	0	0		
H102	05	레이어드 보브	Layered bob	observable_shape_or_topology	0	0		
H103	05	컬리 보브	Curly bob	observable_shape_or_topology	0	0		
H104	05	페이지보이	Pageboy	observable_shape_or_topology	0	2		
H105	05	샤그컷	Shag cut	observable_shape_or_topology	0	0		
H106	05	울프컷	Wolf cut	observable_shape_or_topology	0	1		
H107	05	멀릿	Mullet	observable_shape_or_topology	0	0		
H108	05	버터플라이컷	Butterfly cut	observable_shape_or_topology	0	0		
H109	05	히메컷	Hime cut	observable_shape_or_topology	2	1	hair_style:hime_cut	hime_cut_structural
H110	05	젤리피시컷	Jellyfish cut	observable_shape_or_topology	0	0		
H111	06	태슬컷	Tassel bob	observable_shape_or_topology	0	0		
H112	06	허쉬컷	Hush cut	observable_shape_or_topology	0	1		
H113	06	리프컷	Leaf cut	observable_shape_or_topology	0	0		
H114	06	투블럭	Two-block cut	observable_shape_or_topology	2	1	hair_style:two_block_korean_cut	two_block_disconnected_cut
H115	06	가일 스타일	Gail-style parted hair	observable_shape_or_topology	0	0		
H116	06	쉼표머리	Comma hair	observable_shape_or_topology	0	0		
H117	06	애즈 스타일	Korean as-style fringe	observable_shape_or_topology	0	0		
H118	06	가르마펌	Parting perm	process_or_installation_plus_visible_result	0	0		
H119	06	시스루펌	See-through fringe perm	process_or_installation_plus_visible_result	0	0		
H120	06	다운펌	Down perm	process_or_installation_plus_visible_result	0	0		
H121	06	뿌리펌	Root perm	process_or_installation_plus_visible_result	0	0		
H122	06	볼륨매직	Volume straightening	process_or_installation_plus_visible_result	0	0		
H123	06	히피펌	Hippie perm	process_or_installation_plus_visible_result	0	0		
H124	06	리프펌	Leaf perm	process_or_installation_plus_visible_result	0	0		
H125	06	C컬펌	C-curl perm	process_or_installation_plus_visible_result	0	0		
H126	06	S컬펌	S-curl perm	process_or_installation_plus_visible_result	0	0		
H127	06	J컬	J-curl	observable_shape_or_topology	0	0		
H128	07	풀뱅	Full bangs	observable_shape_or_topology	0	0		
H129	07	블런트 뱅	Blunt bangs	observable_shape_or_topology	0	0		
H130	07	시스루 뱅	See-through bangs	observable_shape_or_topology	0	0		
H131	07	위스피 뱅	Wispy bangs	observable_shape_or_topology	0	0		
H132	07	커튼 뱅	Curtain bangs	observable_shape_or_topology	1	1	hair_style:curtain_bangs	
H133	07	보틀넥 뱅	Bottleneck bangs	observable_shape_or_topology	0	0		
H134	07	마이크로 뱅	Micro bangs / baby bangs	observable_shape_or_topology	0	0		
H135	07	초피 뱅	Choppy bangs	observable_shape_or_topology	0	0		
H136	07	아치형 앞머리	Arched bangs	observable_shape_or_topology	0	0		
H137	07	V뱅	V-shaped bangs	observable_shape_or_topology	0	0		
H138	07	사선 앞머리	Diagonal bangs	observable_shape_or_topology	0	0		
H139	07	사이드 스웹트 뱅	Side-swept bangs	observable_shape_or_topology	0	0		
H140	07	컬리 뱅	Curly bangs	observable_shape_or_topology	0	0		
H141	07	긴 앞머리	Long bangs	observable_shape_or_topology	0	0		
H142	07	텐드릴	Face-framing tendrils	observable_shape_or_topology	1	2	hair_style:y2kr_tendrils	
H143	07	센터 파트	Center part / middle part	observable_shape_or_topology	1	2	hair_style:y2kr_center_part	
H144	07	오프센터 파트	Off-center part	observable_shape_or_topology	0	0		
H145	07	사이드 파트	Side part	observable_shape_or_topology	0	2		
H146	07	딥 사이드 파트	Deep side part	observable_shape_or_topology	1	2	hair_style:y2kr_deep_side_part	
H147	07	지그재그 파트	Zigzag part	observable_shape_or_topology	0	0		
H148	07	가르마 없는 머리	No visible part	observable_shape_or_topology	0	0		
H149	07	이마 노출	Exposed forehead	observable_shape_or_topology	0	0		
H150	07	귀 뒤 넘김	Tucked behind the ear	observable_shape_or_topology	0	0		
H151	08	핀스트레이트	Pin-straight hair	observable_shape_or_topology	0	0		
H152	08	슬릭백	Slicked-back hair	observable_shape_or_topology	0	0		
H153	08	콤오버	Comb-over	observable_shape_or_topology	0	0		
H154	08	퀴프	Quiff	observable_shape_or_topology	0	0		
H155	08	폼파두르	Pompadour	observable_shape_or_topology	0	0		
H156	08	블로아웃	Blowout	process_or_installation_plus_visible_result	0	0		
H157	08	루트 리프트	Root lift	observable_shape_or_topology	0	1		
H158	08	비치 웨이브	Beach waves	observable_shape_or_topology	0	0		
H159	08	머메이드 웨이브	Mermaid waves	observable_shape_or_topology	0	0		
H160	08	할리우드 웨이브	Hollywood waves	observable_shape_or_topology	0	0		
H161	08	핑거 웨이브	Finger waves	observable_shape_or_topology	0	0		
H162	08	핀컬	Pin curls	process_or_installation_plus_visible_result	0	0		
H163	08	크림프	Crimped hair	observable_shape_or_topology	1	2	hair_style:y2kr_crimp	
H164	08	인컬	Inward-curled ends	observable_shape_or_topology	0	0		
H165	08	아웃컬	Outward-flipped ends	observable_shape_or_topology	0	0		
H166	08	리버스 컬	Away-from-face curls	observable_shape_or_topology	0	0		
H167	08	콜드펌	Cold perm	process_or_installation_plus_visible_result	0	0		
H168	08	디지털펌	Digital perm	process_or_installation_plus_visible_result	0	0		
H169	08	보디 웨이브펌	Body wave perm	process_or_installation_plus_visible_result	0	0		
H170	08	스파이럴펌	Spiral perm	process_or_installation_plus_visible_result	0	0		
H171	08	부분펌	Partial / spot perm	process_or_installation_plus_visible_result	0	36		
H172	08	멀티텍스처펌	Multi-textured perm	process_or_installation_plus_visible_result	0	0		
H173	09	포니테일	Ponytail	observable_shape_or_topology	0	14		
H174	09	하이 포니테일	High ponytail	observable_shape_or_topology	1	3	hair_style:y2kr_high_pony	
H175	09	로우 포니테일	Low ponytail	observable_shape_or_topology	0	0		
H176	09	사이드 포니테일	Side ponytail	observable_shape_or_topology	1	2	hair_style:sca_h09	
H177	09	버블 포니테일	Bubble ponytail	observable_shape_or_topology	1	2	hair_style:y2kr_bubble_pony	
H178	09	브레이디드 포니테일	Braided ponytail	observable_shape_or_topology	0	0		
H179	09	폴디드 포니테일	Folded ponytail	observable_shape_or_topology	0	0		
H180	09	래핑 베이스	Hair-wrapped ponytail base	observable_shape_or_topology	0	0		
H181	09	트윈테일	Twintails	observable_shape_or_topology	1	2	hair_style:bilateral_twin_tail_gather	
H182	09	로우 트윈테일	Low twintails	observable_shape_or_topology	0	0		
H183	09	비대칭 트윈테일	Uneven twintails	observable_shape_or_topology	0	0		
H184	09	피그테일	Pigtails	observable_shape_or_topology	1	4	hair_style:y2kr_pigtails	
H185	09	반묶음	Half-up, half-down	observable_shape_or_topology	1	2	hair_style:y2kr_half_up	
H186	09	반묶음 번	Half-up bun	observable_shape_or_topology	0	0		
H187	09	원사이드업	One side up	observable_shape_or_topology	0	0		
H188	09	투사이드업	Two side up	observable_shape_or_topology	0	0		
H189	09	멀티타이드 헤어	Multi-tied hair	observable_shape_or_topology	0	0		
H190	09	아프로 퍼프	Afro puff	observable_shape_or_topology	0	0		
H191	09	파인애플 업두	Pineapple updo	observable_shape_or_topology	0	0		
H192	10	번	Bun	observable_shape_or_topology	0	20		
H193	10	톱노트	Topknot	observable_shape_or_topology	0	0		
H194	10	로우번	Low bun	observable_shape_or_topology	0	1		
H195	10	슬릭번	Sleek bun	observable_shape_or_topology	0	0		
H196	10	메시번	Messy bun	observable_shape_or_topology	1	2	hair_style:y2kr_messy_bun	
H197	10	발레리나 번	Ballerina bun	observable_shape_or_topology	0	0		
H198	10	도넛번	Donut bun	observable_shape_or_topology	0	0		
H199	10	스페이스번	Space buns	observable_shape_or_topology	1	3	hair_style:y2kr_space_buns	
H200	10	브레이디드 번	Braided bun	observable_shape_or_topology	0	0		
H201	10	시뇽	Chignon	observable_shape_or_topology	0	0		
H202	10	프렌치 트위스트	French twist	observable_shape_or_topology	0	0		
H203	10	깁슨 턱	Gibson tuck	observable_shape_or_topology	0	0		
H204	10	보우 헤어	Hair bow / bow-shaped hair	observable_shape_or_topology	0	0		
H205	10	브레이디드 크라운	Braided crown	observable_shape_or_topology	0	0		
H206	10	헤어 루프	Hair loops	observable_shape_or_topology	0	1		
H207	10	부팡	Bouffant	observable_shape_or_topology	0	0		
H208	10	비하이브	Beehive	observable_shape_or_topology	0	0		
H209	10	빅토리롤	Victory rolls	observable_shape_or_topology	0	0		
H210	11	세 가닥 땋기	Three-strand braid	observable_shape_or_topology	0	0		
H211	11	프렌치 브레이드	French braid	observable_shape_or_topology	0	0		
H212	11	더치 브레이드	Dutch braid	observable_shape_or_topology	0	1		
H213	11	피시테일	Fishtail braid	observable_shape_or_topology	0	0		
H214	11	로프 브레이드	Rope braid / two-strand twist	observable_shape_or_topology	0	0		
H215	11	워터폴 브레이드	Waterfall braid	observable_shape_or_topology	0	0		
H216	11	레이스 브레이드	Lace braid	observable_shape_or_topology	0	0		
H217	11	박스 브레이드	Box braids	observable_shape_or_topology	0	1		
H218	11	노트리스 브레이드	Knotless braids	process_or_installation_plus_visible_result	0	0		
H219	11	콘로우	Cornrows	observable_shape_or_topology	2	1	hair_style:cornrows	cornrow_scalp_row_topology
H220	11	피드인 브레이드	Feed-in braids	process_or_installation_plus_visible_result	0	0		
H221	11	스티치 브레이드	Stitch braids	observable_shape_or_topology	0	0		
H222	11	풀라니 브레이드	Fulani braids	observable_shape_or_topology	0	0		
H223	11	갓디스 브레이드	Goddess braids	observable_shape_or_topology	0	0		
H224	11	세네갈리즈 트위스트	Senegalese twists	observable_shape_or_topology	0	0		
H225	11	말리 트위스트	Marley twists	observable_shape_or_topology	0	0		
H226	11	패션 트위스트	Passion twists	observable_shape_or_topology	0	0		
H227	11	플랫 트위스트	Flat twists	observable_shape_or_topology	0	0		
H228	11	반투 노트	Bantu knots	observable_shape_or_topology	0	0		
H229	11	록스	Locs / dreadlocks	observable_shape_or_topology	2	1	hair_style:dreadlocks	locs_cord_structure
H230	11	포 록스	Faux locs	observable_shape_or_topology	0	0		
H231	11	버터플라이 록스	Butterfly locs	observable_shape_or_topology	0	0		
H232	11	갓디스 록스	Goddess locs	observable_shape_or_topology	0	0		
H233	11	마이크로 브레이드	Micro braids	observable_shape_or_topology	1	2	hair_style:y2kr_micro_braids	
H234	11	점보 브레이드	Jumbo braids	observable_shape_or_topology	0	0		
H235	12	명도·레벨	Level / depth	hair_owned_color_parameter	2	281	space_condition:flooded_ground_level,composition:leading_lines_depth	
H236	12	색상	Hue	hair_owned_color_parameter	0	74		
H237	12	톤	Tone	hair_owned_color_parameter	0	69		
H238	12	채도	Saturation	hair_owned_color_parameter	0	20		
H239	12	따뜻한 톤	Warm tone	hair_owned_color_parameter	0	0		
H240	12	차가운 톤	Cool tone	hair_owned_color_parameter	0	0		
H241	12	중성 톤	Neutral tone	hair_owned_color_parameter	0	0		
H242	12	베이스 컬러	Base color	hair_owned_color_parameter	0	9		
H243	12	보조색	Accent color	hair_owned_color_parameter	0	6		
H244	12	언더라잉 피그먼트	Underlying pigment	process_or_installation_plus_visible_result	0	0		
H245	12	리프트	Lift	process_or_installation_plus_visible_result	0	21		
H246	12	디포짓	Deposit	process_or_installation_plus_visible_result	0	4		
H247	12	브래시니스	Brassiness	hair_owned_color_parameter	0	0		
H248	12	토너	Toner	process_or_installation_plus_visible_result	0	0		
H249	12	그레이 블렌딩	Gray blending	process_or_installation_plus_visible_result	0	0		
H250	12	그레이 커버리지	Gray coverage	process_or_installation_plus_visible_result	0	0		
H251	13	템퍼러리 컬러	Temporary color	process_or_installation_plus_visible_result	0	0		
H252	13	세미퍼머넌트 컬러	Semi-permanent color	process_or_installation_plus_visible_result	0	0		
H253	13	데미퍼머넌트 컬러	Demi-permanent color	process_or_installation_plus_visible_result	0	0		
H254	13	퍼머넌트 컬러	Permanent color	process_or_installation_plus_visible_result	0	0		
H255	13	블리치·탈색	Bleaching / lightening	process_or_installation_plus_visible_result	0	0		
H256	13	올오버 컬러	All-over color	observable_shape_or_topology	0	0		
H257	13	루트 리터치	Root retouch	process_or_installation_plus_visible_result	0	0		
H258	13	하이라이트	Highlights	observable_shape_or_topology	1	128	hair_style:money_piece_highlights	
H259	13	로라이트	Lowlights	observable_shape_or_topology	0	0		
H260	13	베이비라이트	Babylights	observable_shape_or_topology	0	0		
H261	13	청키 하이라이트	Chunky highlights	observable_shape_or_topology	1	2	hair_color:y2kr_chunky_highlights	
H262	13	리본 하이라이트	Ribbon highlights	observable_shape_or_topology	0	0		
H263	13	머니피스	Money piece	observable_shape_or_topology	0	3		
H264	13	프리핸드 페인팅	Freehand painting	process_or_installation_plus_visible_result	0	0		
H265	13	발레아주	Balayage	process_or_installation_plus_visible_result	1	2	hair_style:balayage_brown	
H266	13	포일리야주	Foilyage	process_or_installation_plus_visible_result	0	0		
H267	13	파셜 발레아주	Partial balayage	process_or_installation_plus_visible_result	0	0		
H268	13	리버스 발레아주	Reverse balayage	process_or_installation_plus_visible_result	0	0		
H269	13	옴브레	Ombré	observable_shape_or_topology	1	5	color:cr_candidate_spatial_gradient	
H270	13	솜브레	Sombré	observable_shape_or_topology	0	0		
H271	13	리버스 옴브레	Reverse ombré	observable_shape_or_topology	0	0		
H272	13	딥다이	Dip dye	observable_shape_or_topology	0	0		
H273	13	섀도 루트	Shadow root	observable_shape_or_topology	0	0		
H274	13	루트 스머지	Root smudge	process_or_installation_plus_visible_result	0	0		
H275	13	컬러 멜트	Color melt	observable_shape_or_topology	0	0		
H276	13	스플릿 다이	Split dye	observable_shape_or_topology	0	0		
H277	13	컬러 블로킹	Color blocking	observable_shape_or_topology	1	2	color:cr_candidate_color_blocks	
H278	13	피카부 컬러	Peekaboo color	observable_shape_or_topology	0	0		
H279	13	언더라이트	Underlights	observable_shape_or_topology	0	0		
H280	13	컬러 스트리크	Colored streak	observable_shape_or_topology	0	0		
H281	13	스컹크 스트라이프	Skunk stripe	observable_shape_or_topology	1	2	hair_color:y2kr_skunk_stripe	
H282	13	염색 앞머리	Colored bangs	observable_shape_or_topology	0	0		
H283	13	염색 끝가닥	Dyed tips	observable_shape_or_topology	0	0		
H284	13	오일슬릭 헤어	Oil-slick hair	observable_shape_or_topology	0	0		
H285	13	레인보 헤어	Rainbow hair	observable_shape_or_topology	0	0		
H286	13	스텐실 헤어	Stenciled hair	observable_shape_or_topology	0	0		
H287	14	내추럴 블랙	Natural black	color_variant_or_layout_family	0	1		
H288	14	제트 블랙	Jet black	color_variant_or_layout_family	0	0		
H289	14	소프트 블랙	Soft black	color_variant_or_layout_family	0	0		
H290	14	블루 블랙	Blue-black	color_variant_or_layout_family	0	1		
H291	14	브라운 블랙	Brown-black	color_variant_or_layout_family	0	0		
H292	14	차콜	Charcoal	color_variant_or_layout_family	0	8		
H293	14	다크 브라운	Dark brown	color_variant_or_layout_family	0	1		
H294	14	에스프레소	Espresso brown	color_variant_or_layout_family	0	2		
H295	14	초콜릿 브라운	Chocolate brown	color_variant_or_layout_family	0	2		
H296	14	모카 브라운	Mocha brown	color_variant_or_layout_family	0	0		
H297	14	체스트넛	Chestnut brown	color_variant_or_layout_family	0	1		
H298	14	애시 브라운	Ash brown	color_variant_or_layout_family	0	1		
H299	14	머시룸 브라운	Mushroom brown	color_variant_or_layout_family	0	0		
H300	14	카라멜 브라운	Caramel brown	color_variant_or_layout_family	0	1		
H301	14	토피 브라운	Toffee brown	color_variant_or_layout_family	0	0		
H302	14	골든 브라운	Golden brown	color_variant_or_layout_family	0	0		
H303	14	로즈 브라운	Rose brown	color_variant_or_layout_family	0	0		
H304	14	마호가니	Mahogany	color_variant_or_layout_family	0	0		
H305	15	다크 블론드	Dark blonde	color_variant_or_layout_family	0	0		
H306	15	더티 블론드	Dirty blonde	color_variant_or_layout_family	0	0		
H307	15	브론드	Bronde	color_variant_or_layout_family	0	0		
H308	15	골든 블론드	Golden blonde	color_variant_or_layout_family	0	0		
H309	15	허니 블론드	Honey blonde	color_variant_or_layout_family	0	0		
H310	15	버터 블론드	Butter blonde	color_variant_or_layout_family	0	0		
H311	15	베이지 블론드	Beige blonde	color_variant_or_layout_family	0	0		
H312	15	샌디 블론드	Sandy blonde	color_variant_or_layout_family	0	0		
H313	15	애시 블론드	Ash blonde	color_variant_or_layout_family	0	0		
H314	15	샴페인 블론드	Champagne blonde	color_variant_or_layout_family	0	0		
H315	15	플래티넘 블론드	Platinum blonde	color_variant_or_layout_family	0	0		
H316	15	아이시 블론드	Icy blonde	color_variant_or_layout_family	0	0		
H317	15	펄 블론드	Pearl blonde	color_variant_or_layout_family	0	0		
H318	15	스트로베리 블론드	Strawberry blonde	color_variant_or_layout_family	0	0		
H319	15	실버	Silver hair	color_variant_or_layout_family	0	8		
H320	15	스틸 그레이	Steel gray	color_variant_or_layout_family	0	4		
H321	15	스모키 그레이	Smoky gray	color_variant_or_layout_family	0	0		
H322	15	솔트앤페퍼	Salt-and-pepper hair	color_variant_or_layout_family	0	0		
H323	15	화이트 헤어	White hair	color_variant_or_layout_family	0	2		
H324	15	흰 앞가닥	White forelock	color_variant_or_layout_family	0	0		
H325	15	폴리오시스	Poliosis	clinical_term_with_appearance_projection	0	0		
H326	16	코퍼	Copper	color_variant_or_layout_family	1	13	hair_style:copper_red_hair	
H327	16	진저	Ginger	color_variant_or_layout_family	0	0		
H328	16	오번	Auburn	color_variant_or_layout_family	0	1		
H329	16	시나몬	Cinnamon	color_variant_or_layout_family	0	0		
H330	16	버건디	Burgundy	color_variant_or_layout_family	0	7		
H331	16	체리 레드	Cherry red	color_variant_or_layout_family	0	0		
H332	16	체리 콜라	Cherry cola	color_variant_or_layout_family	0	1		
H333	16	크림슨	Crimson	color_variant_or_layout_family	0	3		
H334	16	스칼렛	Scarlet	color_variant_or_layout_family	0	0		
H335	16	로즈 골드	Rose gold	color_variant_or_layout_family	0	0		
H336	16	파스텔 핑크	Pastel pink	color_variant_or_layout_family	0	0		
H337	16	더스티 로즈	Dusty rose	color_variant_or_layout_family	0	3		
H338	16	핫핑크	Hot pink	color_variant_or_layout_family	0	1		
H339	16	마젠타	Magenta	color_variant_or_layout_family	0	10		
H340	16	라벤더	Lavender	color_variant_or_layout_family	0	5		
H341	16	라일락	Lilac	color_variant_or_layout_family	0	2		
H342	16	바이올렛	Violet	color_variant_or_layout_family	0	7		
H343	16	플럼	Plum	color_variant_or_layout_family	0	2		
H344	16	페리윙클	Periwinkle	color_variant_or_layout_family	0	1		
H345	16	코발트 블루	Cobalt blue	color_variant_or_layout_family	0	6		
H346	16	네이비	Navy	color_variant_or_layout_family	0	7		
H347	16	파우더 블루	Powder blue	color_variant_or_layout_family	0	1		
H348	16	청록	Teal	color_variant_or_layout_family	0	14		
H349	16	터쿼이즈	Turquoise	color_variant_or_layout_family	0	2		
H350	16	민트	Mint	color_variant_or_layout_family	0	3		
H351	16	에메랄드	Emerald green	color_variant_or_layout_family	0	2		
H352	16	세이지	Sage green	color_variant_or_layout_family	0	2		
H353	16	라임	Lime green	color_variant_or_layout_family	0	1		
H354	16	네온 컬러	Neon color	color_variant_or_layout_family	0	2		
H355	16	오팔 컬러	Opal hair	color_variant_or_layout_family	0	0		
H356	16	홀로그래픽 컬러	Holographic hair	color_variant_or_layout_family	0	0		
H357	16	발광 머리	Emissive / glowing hair	platform_or_fantasy_scope	0	0		
H358	17	실키	Silky hair	localized_surface_state	0	0		
H359	17	글로시	Glossy hair	localized_surface_state	0	4		
H360	17	매트	Matte hair	localized_surface_state	0	11		
H361	17	글래스 헤어	Glass hair	localized_surface_state	0	0		
H362	17	플러피	Fluffy hair	localized_surface_state	0	1		
H363	17	에어리	Airy hair	localized_surface_state	0	1		
H364	17	터슬드	Tousled hair	localized_surface_state	0	1		
H365	17	베드헤드	Bedhead	localized_surface_state	0	1		
H366	17	리브드인	Lived-in hair	localized_surface_state	0	1		
H367	17	스트링기	Stringy hair	localized_surface_state	0	0		
H368	17	웻룩	Wet-look hair	localized_surface_state	3	5	hair_style:wet_damp_clumped_hair_state,hair_style:y2kr_wet_hair	wet_damp_clumped_hair_state
H369	17	실제로 젖은 머리	Wet hair	localized_surface_state	0	2		
H370	17	바람에 흩날리는 머리	Windblown hair	localized_surface_state	0	3		
H371	17	역광 잔머리	Backlit flyaways	localized_surface_state	0	0		
H372	17	얼굴에 붙은 가닥	Strands clinging to the face	localized_surface_state	0	0		
H373	17	젖은 관자놀이 머리	Sweat-damp temple hair	localized_surface_state	0	0		
H374	17	헬멧에 눌린 머리	Helmet-flattened hair	localized_surface_state	0	0		
H375	17	빗물에 젖은 머리	Rain-soaked hair	localized_surface_state	0	0		
H376	17	먼지가 앉은 머리	Dust-coated hair	localized_surface_state	0	0		
H377	17	재가 묻은 머리	Ash-dusted hair	localized_surface_state	0	0		
H378	17	진흙에 뭉친 머리	Mud-clumped hair	localized_surface_state	0	0		
H379	17	탄 머리끝	Singed ends	localized_surface_state	0	0		
H380	17	헝클어진 브레이드	Disrupted braid	localized_surface_state	0	0		
H381	17	잘린 브레이드	Cut-off braid	localized_surface_state	0	0		
H382	17	불규칙하게 잘린 머리	Unevenly shorn hair	localized_surface_state	0	0		
H383	17	피가 묻은 머리	Blood-streaked hair	localized_surface_state	0	0		
H384	17	피로 뭉친 머리	Blood-matted hair	localized_surface_state	0	0		
H385	17	흉터로 끊긴 헤어라인	Scar-interrupted hairline	localized_surface_state	0	0		
H386	18	헤어 리본	Hair ribbon	accessory_attachment_relation	0	2		
H387	18	보우	Hair bow	accessory_attachment_relation	0	4		
H388	18	스크런치	Scrunchie	accessory_attachment_relation	1	4	wearable_accessory:y2kr_scrunchie	
H389	18	보비핀	Bobby pin	accessory_attachment_relation	0	0		
H390	18	U핀	U-shaped hairpin	accessory_attachment_relation	0	0		
H391	18	바레트	Barrette	accessory_attachment_relation	0	4		
H392	18	스냅핀	Snap clip	accessory_attachment_relation	0	0		
H393	18	집게핀	Claw clip	accessory_attachment_relation	0	4		
H394	18	바나나클립	Banana clip	accessory_attachment_relation	0	0		
H395	18	헤어밴드	Headband	accessory_attachment_relation	0	15		
H396	18	헤드랩	Headwrap	accessory_attachment_relation	0	0		
H397	18	헤어 스카프	Hair scarf	accessory_attachment_relation	0	0		
H398	18	헤어스틱	Hair stick	accessory_attachment_relation	0	0		
H399	18	장식빗	Decorative hair comb	accessory_attachment_relation	0	0		
H400	18	헤어비즈	Hair beads	accessory_attachment_relation	0	0		
H401	18	헤어커프	Hair cuffs	accessory_attachment_relation	0	0		
H402	18	헤어링	Hair rings	accessory_attachment_relation	0	0		
H403	18	헤어체인	Hair chains	accessory_attachment_relation	0	0		
H404	18	헤어틴셀	Hair tinsel	accessory_attachment_relation	1	2	wearable_accessory:y2kr_hair_tinsel	
H405	18	생화 장식	Fresh flowers in hair	accessory_attachment_relation	0	0		
H406	18	티아라	Tiara	accessory_attachment_relation	1	5	costume_style:royal_princess_hanbok	
H407	18	베일	Hair veil / veil	accessory_attachment_relation	0	12		
H408	18	클립인 붙임머리	Clip-in extensions	process_or_installation_plus_visible_result	0	0		
H409	18	테이프인 붙임머리	Tape-in extensions	process_or_installation_plus_visible_result	0	0		
H410	18	위프트	Hair weft	process_or_installation_plus_visible_result	0	0		
H411	18	헤일로 붙임머리	Halo extensions	process_or_installation_plus_visible_result	0	0		
H412	18	앞머리 피스	Clip-in bangs	process_or_installation_plus_visible_result	0	0		
H413	18	포니테일 피스	Ponytail extension	process_or_installation_plus_visible_result	0	0		
H414	18	레이스 프런트 가발	Lace-front wig	process_or_installation_plus_visible_result	0	0		
H415	18	톱퍼	Hair topper	process_or_installation_plus_visible_result	0	0		
H416	19	댕기머리	Daenggi hairstyle	observable_shape_or_topology	0	0		
H417	19	댕기	Daenggi	accessory_attachment_relation	0	0		
H418	19	상투	Sangtu	observable_shape_or_topology	0	0		
H419	19	모호크	Mohawk	observable_shape_or_topology	0	0		
H420	19	포호크	Faux hawk	observable_shape_or_topology	0	0		
H421	19	데스호크	Deathhawk	broad_style_or_editorial_context	0	0		
H422	19	리버티 스파이크	Liberty spikes	observable_shape_or_topology	0	0		
H423	19	이모 헤어	Emo hair	broad_style_or_editorial_context	0	0		
H424	19	씬 헤어	Scene hair	broad_style_or_editorial_context	0	0		
H425	19	고스 헤어	Goth hair	broad_style_or_editorial_context	0	0		
H426	19	펑크 헤어	Punk hair	broad_style_or_editorial_context	0	0		
H427	19	핀업 헤어	Pin-up hair	broad_style_or_editorial_context	0	0		
H428	19	봄셸 웨이브	Bombshell waves	broad_style_or_editorial_context	0	0		
H429	19	피카부 웨이브	Peek-a-boo wave	observable_shape_or_topology	0	0		
H430	19	부두아르 헤어	Boudoir hair	broad_style_or_editorial_context	0	0		
H431	19	섹스 헤어	Sex hair	broad_style_or_editorial_context	0	0		
H432	19	헤어 페티시	Hair fetish / trichophilia	nonvisual_context_only	0	0		
H433	20	아호게	Ahoge	platform_or_fantasy_scope	1	2	hair_style:sca_h01	
H434	20	안테나 헤어	Antenna hair	platform_or_fantasy_scope	0	2		
H435	20	하트 아호게	Heart ahoge	platform_or_fantasy_scope	0	0		
H436	20	물음표 아호게	Question-mark ahoge	platform_or_fantasy_scope	0	0		
H437	20	감정 표현 머리	Expressive hair	platform_or_fantasy_scope	0	0		
H438	20	헤어 인테이크	Hair intakes	platform_or_fantasy_scope	0	0		
H439	20	헤어 플랩	Hair flaps	platform_or_fantasy_scope	0	0		
H440	20	헤어 혼	Hair horns	platform_or_fantasy_scope	0	0		
H441	20	드릴 헤어	Drill hair	platform_or_fantasy_scope	0	4		
H442	20	트윈 드릴	Twin drills	platform_or_fantasy_scope	1	2	hair_style:sca_h05	
H443	20	키시멘 헤어	Kishimen hair	platform_or_fantasy_scope	0	0		
H444	20	센터 가닥	Hair between eyes	observable_shape_or_topology	0	0		
H445	20	한쪽 눈 가림	Hair over one eye	observable_shape_or_topology	0	0		
H446	20	양눈 가림	Hair over eyes	observable_shape_or_topology	0	0		
H447	20	머리 스카프	Hair scarf	platform_or_fantasy_scope	0	0		
H448	20	과장된 머리 부피	Big hair	platform_or_fantasy_scope	0	0		
H449	20	부유하는 머리	Floating hair	platform_or_fantasy_scope	0	2		
H450	20	의지를 가진 머리	Prehensile hair	platform_or_fantasy_scope	0	0		
H451	20	편의적 머리 가림	Convenient hair	platform_or_fantasy_scope	0	0		
H452	20	가슴을 덮는 머리	Hair over breasts	platform_or_fantasy_scope	0	0		
H453	20	사타구니를 가리는 머리	Hair over crotch	platform_or_fantasy_scope	0	0		
H454	20	헤어 비키니	Hair bikini	platform_or_fantasy_scope	0	0		
