concept_id,한국어,English terms,scope,priority,integration,sources,existing IDs,component_count
PC01,눈높이의 가까운 상반신,eye-level close portrait; head-and-shoulders portrait,single_image,P0,reuse_atoms,"S01,S02,S04","head_and_shoulders_crop,eye_level_observer,eye_focus",4
PC02,"몸은 사선, 얼굴은 카메라 쪽",angled shoulders facing camera; three-quarter body angle,single_image,P0,new_joint_relation,"S03,S04","three_quarter_body_turn,head_shoulder_opposition,direct_camera_aware",4
PC03,맞은편 테이블 구도,across-the-table portrait; table companion perspective,single_image,P0,new_joint_relation,"S01,S05,S15","companion_viewpoint_everyday_candid,hand_on_table_edge",4
PC04,가까운 동행자의 시점,companion perspective; close handheld portrait,single_image,P0,reuse_scoped_profile,"S05,S10","companion_viewpoint_everyday_candid,off_camera_companion_everyday_capture",4
PC05,어깨 너머로 돌아보기,looking back over the shoulder; over-the-shoulder glance,single_image,P1,extend_existing_atoms,S03,"turning_back_over_shoulder_pose,looking_back_over_shoulder_orientation",4
PC06,옆얼굴과 시선 앞 여백,profile with looking room; side-profile portrait,single_image,P1,reuse_scoped_profile,"S01,S07","mep_casting_profile,look_motion_room_direction_relation",4
PC07,무릎 위의 약한 로우앵글,knee-up subtle low angle; three-quarter-length portrait,single_image,P1,extend_existing_atoms,"S01,S05,S14",knee_up_framing,4
PC08,한쪽 다리에 무게를 둔 비대칭 전신,weight-shift pose; asymmetrical standing pose,single_image,P1,reuse_scoped_profile,S18,"relaxed_standing_weight_shift,contrapposto_full_body,mep_poised_support",4
PC09,앉아서 만드는 삼각형,seated triangular composition; triangular pose grouping,single_image,P1,new_joint_relation,"S05,S18","mep_graphic_pose,body_bounded_negative_space",4
PC10,몸이 가로지르는 대각선,diagonal reclining portrait; diagonal body axis,single_image,P1,new_joint_relation,"S01,S09",propped_elbow_recline_support,4
PC11,앉은 인물을 위에서 가까이 보기,high-angle seated portrait; close elevated observer,single_image,P1,extend_existing_atoms,"S05,S14","overhead_social_snapshot_relation,floor_high_angle_direction",4
PC12,팔과 손으로 얼굴 주위 공간 만들기,arm framing; hands framing the face,single_image,P1,new_joint_relation,"S25,S05","arms_raised_overhead,mep_graphic_pose,body_bounded_negative_space",4
PC13,포즈 사이의 순간,in-between moment; mid-gesture portrait,single_image,P1,reuse_scoped_profile,"S05,S10","mep_in_between,camera_acknowledged_observer_frame",4
PC14,비스듬히 걸어 들어오기,walking portrait; diagonal movement,single_image,P1,extend_existing_atoms,"S05,S17","mep_garment_movement,stepping_into_frame_pose",4
PC15,활동 중심 환경 인물,environmental portrait; activity-based portrait,single_image,P0,reuse_scoped_profile,"S05,S15","pr_environmental_portrait_subject_place,mep_environment_relation",4
PC16,카메라 쪽으로 건네기,offering gesture; reaching toward camera,single_image,P0,new_joint_relation,S15,"reaching_toward_camera,hands_foreground_face_behind",4
PC17,타인의 어깨 너머 주인공,over-the-shoulder shot; OTS portrait,single_image,P0,new_joint_relation,S08,"over_partner_shoulder_subject_face,over_the_shoulder_dialogue",4
PC18,타인의 손만 보이는 상호작용,cropped companion interaction; companion hands-only portrait,single_image,P1,new_joint_relation,"S08,S15",mep_fitting_adjustment,4
PC19,흐릿한 전경 사이 얼굴,foreground framing; foreground bokeh portrait,single_image,P0,new_joint_relation,"S06,S04","botanical_editorial_portrait_context,rb_foreground_occlusion",4
PC20,문·창문 속 인물,frame within a frame; doorway portrait,single_image,P1,reuse_scoped_profile,"S01,S06","frame_within_frame_boundary_relation,architectural_threshold_frame_depth_relation",4
PC21,유리 너머 얼굴과 도시 반사,through-glass portrait; window reflection portrait,single_image,P0,new_joint_relation,"S12,S13","rb_glass_reflection_transmission,pr_reflection_scene_binding_candidate",4
PC22,거울 속 얼굴이 주인공,mirror-led portrait; reflected face as main subject,single_image,P0,new_joint_relation,"S12,S13","faithful_reflection,pr_reflection_scene_binding_candidate",4
PC23,작은 손거울 안의 얼굴,handheld mirror portrait; selective face reflection,single_image,P0,new_joint_relation,"S12,S13,S15",,4
PC24,가장자리 프리즘·굴절,edge refraction portrait; prism edge effect,single_image,P1,new_joint_relation,S11,,4
PC25,가장자리 타이트 크롭,off-center close-up; tight face crop,single_image,P1,reuse_scoped_profile,"S01,S04","pr_casual_crop_subject_legibility,beauty_tight_face_crop",4
PC26,여백을 바라보는 인물,negative-space portrait; looking room,single_image,P0,reuse_scoped_profile,S07,"look_motion_room_direction_relation,subject_field_negative_space_relation",4
PC27,대칭 공간 속 비대칭 인물,symmetrical setting asymmetrical pose; axial portrait contrast,single_image,P1,new_joint_relation,"S01,S05","centered_symmetric,mep_graphic_pose",4
PC28,빛·그림자의 면 분할,graphic shadows; gobo portrait; shadow framing,single_image,P1,optional_relation_candidate,S16,,4
PC29,정지 인물과 움직이는 주변,still subject motion contrast; sharp stationary portrait with trails,single_image,P0,new_joint_relation,S17,"panning_subject_tracking_motion_relation,rear_curtain_flash_motion_trace",4
PC30,프레임을 기울이기,Dutch angle; Dutch tilt; canted angle; camera roll,single_image,P1,new_joint_relation,S09,"dutch_tilt_direction,dutch_angle_tension",4
PX01,촬영 범위와 얼굴 방향의 분리,shot scale versus facial orientation; three-quarter ambiguity,single_image,P0,reuse_atoms,"S01,S03","knee_up_framing,restrained_three_quarter_face_depth_read",3
PX02,머리 위 여백,headroom; top frame clearance,single_image,P1,optional_relation_candidate,S01,head_and_shoulders_crop,3
PX03,주인공의 첫 읽기 위계,subject visual hierarchy; face priority,single_image,P0,reuse_atoms,"S04,S05",face_hands_prop_visibility_budget,3
PX04,초점의 소유자,focus ownership; visible eye focus,single_image,P0,reuse_scoped_profile,"S04,S13","eye_focus,shallow_depth_focus_falloff_relation",3
PX05,가림의 소유자와 범위,occlusion owner; partial occlusion,single_image,P0,reuse_scoped_profile,"S06,S08","rb_foreground_occlusion,intentional_face_occluded_mood_portrait",3
PX06,손의 소유자와 접촉,hand ownership; contact continuity,single_image,P0,reuse_scoped_profile,S15,pr_object_contact_shadow_support,3
PX07,얼굴 비례와 카메라 거리,camera-distance perspective; near-field facial perspective,single_image,P0,reuse_scoped_profile,S14,"wide_angle_near_field_perspective,distortion_controlled_portrait_perspective",3
PX08,몸 대각선과 카메라 롤의 분리,body diagonal versus camera roll; diagonal versus canted,single_image,P0,optional_relation_candidate,"S01,S09",,3
PX09,배경 선과 윤곽의 접선 분리,background tangency; contour separation,single_image,P1,optional_relation_candidate,"S03,S05",,3
PX10,팔·몸 사이 여백의 형상,body-bounded negative space; arm-torso aperture,single_image,P1,reuse_scoped_profile,S18,"body_bounded_negative_space,mep_graphic_pose",3
PX11,얼굴로 수렴하는 장면 선,leading lines to face; scene-owned directional line,single_image,P1,optional_relation_candidate,"S03,S01",,3
PX12,원본 구도와 게시 크롭,output crop preservation; display-scale portrait,single_image,P0,reuse_atoms,"S01,S04",face_hands_prop_visibility_budget,3
PS01,포토덤프·꾸민 듯 안 꾸민 듯한 스냅,photo dump; curated candid,capture_style,P2,maintenance_style,"S23,S10","mep_in_between,photodump_candid_sequence_context",3
PS02,디카·직광 플래시 스냅,digicam aesthetic; direct-flash snapshot,capture_style,P2,maintenance_style,"S03,S02",early_2000s_digicam_social_repost_capture,3
PS03,0.5 셀피·초광각 셀피,0.5 selfie; ultrawide selfie,capture_style,P2,maintenance_style,"S21,S14",wide_angle_near_field_perspective,3
PS04,관계·반응 중심 인물,relational portrait; interaction-led portrait,capture_style,P1,maintenance_style,"S19,S20,S08",mep_gaze_target,3
PS05,생활 도구를 이용한 시각 실험,creative portrait; everyday optical device,capture_style,P1,maintenance_style,"S11,S15,S24",,3
PM01,딥틱,diptych; paired portraits,multi_image,P2,maintenance_series,S22,,3
PM02,트립틱,triptych; three-image portrait set,multi_image,P2,maintenance_series,S22,,3
PM03,시간 순서 인물 시퀀스,portrait sequence; temporal portrait progression,multi_image,P2,maintenance_series,"S22,S10",,3
