id|seed_terms|ko|slot|owner|visible_components_en|confusion_boundary_ko|view
spiky_bun|Spiky Bun|끝가닥이 솟은 번|hair_style|tied hair at bun|a compact gathered bun retains several separated straight hair tips projecting beyond its perimeter|풀린 잔머리만 있는 messy bun 또는 번 없는 짧은 스파이크|head three-quarter
spiky_updo|Spiky Updo|끝가닥이 솟은 업두|hair_style|gathered raised hair|raised gathered hair has deliberately separated stiff ends pointing in several directions|하나의 둥근 번으로 고정하거나 머리 전체를 짧게 자름|head three-quarter
space_buns|Space Buns|좌우 두 번|hair_style|left and right tied hair|two separately gathered rounded buns sit on opposite sides of the head|두 포니테일 또는 한 번|head front
mini_buns|Mini Buns|여러 작은 번|hair_style|several tied hair sections|several discrete small rolled hair knots remain separately readable across the scalp|두 번만 있는 space buns와 개수를 동의어화|head high three-quarter
messy_bun|Messy Bun|느슨한 번|hair_style|bun perimeter|a loosely gathered bun has soft irregular loops and escaping hair strands|직선 끝을 계획적으로 세운 spiky bun|head three-quarter
half_up|Half-up Half-down|반묶음|hair_style|upper and lower hair|upper hair is tied while a separate lower layer falls freely below it|머리 전체를 묶은 포니테일|head and shoulders
high_pony|High Ponytail|높은 포니테일|hair_style|crown tie point and free tail|one tie point lies high on the crown with a continuous free tail falling from it|두 양갈래 또는 뒤통수 아래 묶음|head side
bubble_pony|Bubble Ponytail|구간을 나눈 포니테일|hair_style|single hair tail|a tied hair tail is divided by several visible elastics into rounded expanded sections|땋은 교차 구조 또는 원래 곱슬만 있음|head and full tail
pigtails|Pigtails|좌우 양갈래|hair_style|two free hair tails|two distinct tied tails emerge from separate left and right attachment points|두 번으로 말린 space buns|head and tails
tendrils|Face-framing Tendrils|얼굴 옆 가는 풀린 가닥|hair_style|hair beside face|a few narrow loose strands descend beside the face separately from the gathered bulk|넓은 앞머리 덩어리 또는 가닥 없는 올백|face close-up
piecey|Piecey Strands|분리된 머리가닥 질감|hair_style|local hair clumps|small hair sections stay visibly separated with gaps between their edges|솜털 같은 부스스함만 있음|head close-up
zigzag_part|Zig-zag Part|지그재그 가르마|hair_style|scalp part line|the exposed scalp part alternates direction several times between left and right|머리카락의 웨이브나 번 장식만 지그재그|head high three-quarter
deep_side_part|Deep Side Part|깊은 옆가르마|hair_style|scalp part line|a clear part lies well to one side of the scalp with unequal hair mass on its two sides|머리를 기울인 중앙 가르마|head front high
center_part|Center Part|중앙 가르마|hair_style|scalp part line|a visible part runs near the center of the scalp between two hair masses|중앙 컬러 줄만 있고 가르마 없음|head front high
crimp|Crimped Hair|잔 지그재그 압착 헤어|hair_style|hair lengths|hair lengths carry repeated small angular corrugations with a consistent short spacing|큰 S 웨이브 또는 scalp zigzag part|hair detail
straight_hair|Flat-ironed Hair|곧고 매끈한 헤어|hair_style|hair lengths|straight hair lengths form smooth continuous lines with aligned edges|젖은 질감이나 뿌리 가르마만 지정|hair detail
flipped_ends|Flipped Ends|바깥으로 꺾인 끝|hair_style|terminal hair lengths|the otherwise downward hair lengths bend outward only near their ends|전체 길이 컬 또는 끝이 안으로 말림|head and ends
wet_hair|Wet-look Hair|젖어 보이는 묶인 광택|hair_style|hair surface|hair is grouped into glossy compact clumps with bright narrow reflections|물방울만 더하거나 일반 마른 윤기|hair detail
chunky_highlights|Chunky Highlights|굵은 대비 하이라이트|hair_color|colored strips across hair|several broad light-colored hair ribbons contrast sharply with the darker surrounding hair|미세한 balayage 또는 얼굴 앞 두 가닥만 강조|head and hair
money_piece|Money Piece Highlights|얼굴 앞 밝은 컬러|hair_color|front hair sections beside face|a distinctly lighter hair section appears at each front side of the face against darker hair behind|머리 전체의 굵은 줄무늬를 무조건 동의어화|face and front hair
skunk_stripe|Skunk Stripe|극명한 단일 대비 스트라이프|hair_color|selected hair stripe|one or a few broad pale stripes remain sharply bounded against a much darker hair mass|반반 염색 전체를 하나의 stripe로 처리|head and stripe
two_tone|Two-tone Hair|두 영역으로 나뉜 염색|hair_color|two hair color regions|two substantial hair color regions have a readable boundary and distinct colors|미세한 highlights만 있음|head and hair
peekaboo|Peekaboo Highlights|겉머리 아래 컬러|hair_color|underlayer of hair|a colored underlayer is partly visible beneath a distinct outer hair layer|모든 겉머리를 같은 색으로 염색|hair side detail
accent_braid|Accent Braids|일부만 가늘게 땋은 헤어|hair_style|selected hair sections|one or a few narrow interlaced braids remain among a larger amount of unbraided hair|전체 머리를 micro braids로 대체|head and braid detail
micro_braids|Micro Braids|다수의 아주 가는 브레이드|hair_style|many braided hair sections|many thin individual braids show repeated interlaced segments from separate sections|앞쪽 두 가닥만 땋거나 헤어 비즈만 있음|head and braid detail
baby_braids|Baby Braids|얼굴 앞 작은 브레이드|hair_style|small front hair sections|two small interlaced front braids hang beside the face while the larger hair mass remains separate|전부 micro braids 또는 풀린 tendrils|face and braids
beaded_braids|Beaded Braids|비즈를 끼운 브레이드|hair_style|braid and attached beads|recognizable beads surround sections or ends of interlaced hair braids|구슬이 주변 공중에 있거나 목걸이로 이동|braid detail
butterfly_clips|Butterfly Clips|머리에 고정한 나비 핀|wearable_accessory|hair attachment|small butterfly-shaped clips visibly grip or attach to hair sections|나비가 날아다니거나 티셔츠 나비 프린트로 대체|head close-up
mini_claw|Mini Claw Clips|작은 집게핀|wearable_accessory|hair attachment|small claw clips have opposed toothed jaws gripping separate hair sections|장식 모양만 있고 머리 고정 구조 없음|hair detail
snap_clip|Snap Clips|납작한 똑딱핀|wearable_accessory|hair attachment|a flat elongated metal clip lies along and restrains a narrow hair section|집게핀의 두꺼운 집게 구조|hair detail
barrette|Rhinestone Barrettes|큐빅 바레트|wearable_accessory|hair attachment|an elongated hair barrette carries a row of separate faceted bright stones|헤어에 흩어진 glitter만 있음|hair detail
star_clip|Star Clips|별 모양 헤어핀|wearable_accessory|hair attachment|a star-shaped ornament is attached to a hair fastener anchored in hair|목걸이 별이나 배경 별로 이동|head close-up
flower_clip|Flower Clips|꽃 모양 헤어핀|wearable_accessory|hair attachment|a small petaled ornament is attached to a hair fastener anchored in hair|화관 전체로 확대|head close-up
comb_band|Comb Headband / Stretch Comb Headband|빗살 헤어밴드|wearable_accessory|hairline and comb teeth|a flexible headband with closely spaced comb teeth pulls hair back from the hairline|매끈한 두꺼운 밴드만 있음|head high three-quarter
chunky_band|Chunky Headband|두꺼운 헤어밴드|wearable_accessory|top hair and band|a broad continuous band curves over the head with a visibly substantial width|빗살 밴드 또는 가는 실끈|head front
bandana|Bandana|접어 두른 반다나|wearable_accessory|head cloth attachment|a folded small square scarf wraps or ties around the head with visible folded edges|머리에 놓인 큰 느슨한 숄|head and knot
headscarf|Headscarf|머리에 감싼 스카프|wearable_accessory|head cloth drape|a light cloth covers or wraps part of the head with a visible tied or tucked attachment|목 스카프만 있음|head and cloth
scrunchie|Scrunchie|주름 패브릭 머리끈|wearable_accessory|hair tie|a gathered fabric ring surrounds a hair tie point with visible soft folds|얇은 고무줄만 있음|tie point detail
hair_gems|Hair Gems|머리에 붙인 작은 스톤|wearable_accessory|hair surface|small discrete faceted ornaments attach at visible points along hair sections|피부 face gems 또는 큰 바레트로 대체|hair detail
hair_tinsel|Hair Tinsel|가느다란 반짝이 실|wearable_accessory|hair lengths|fine reflective filaments follow hair lengths among the natural hair strands|두꺼운 염색 줄 또는 배경 glitter|hair detail
baby_tee|Baby Tee;Shrunken Tee|작고 피티드한 티셔츠|wardrobe_style|short-sleeved upper garment|a compact fitted T-shirt has short close sleeves and a small body volume|크롭 길이 하나만으로 헐렁한 티를 baby tee로 판정|torso and sleeves
graphic_baby|Graphic Baby Tee|작은 그래픽 베이비티|garment_detail|front of compact fitted tee|a small pictorial graphic sits on the front of a compact fitted short-sleeved T-shirt|그래픽이 배경으로 이동하거나 티의 피트 사라짐|torso front
slogan_tee|Slogan Tee|문구를 배치한 티셔츠|garment_detail|tee front lettering|a short line of display lettering is arranged as the main graphic on the T-shirt front|내용을 지정하지 않았는데 문구 의미·브랜드를 강제|torso front readable
ringer|Ringer Tee|목과 소매의 배색 띠|garment_detail|tee neck and sleeve cuffs|contrasting narrow bands encircle both the neckline and short sleeve ends|raglan 소매 전체의 배색|torso and cuffs
cropped_tee|Cropped Tee|짧은 티셔츠|wardrobe_style|tee hem|the T-shirt hem ends high on the torso with a clearly visible lower edge|핏이 작아야만 crop이라는 오판|torso including hem
rib_tank|Ribbed Tank|골지 탱크톱|wardrobe_style|sleeveless garment surface|a sleeveless tank has repeated fine raised vertical knit ribs|망사 구멍 또는 단색 평직|torso detail
crop_tank|Cropped Tank|짧은 탱크톱|wardrobe_style|sleeveless garment hem|a sleeveless tank ends high on the torso with shoulder straps and a visible short hem|끈 없는 bandeau|torso and straps
cami|Camisole / Cami;Spaghetti Strap Top|가는 어깨끈 탑|wardrobe_style|upper garment straps|two narrow straps connect a light upper garment to the shoulders|목 뒤로 모이는 halter 또는 끈 없음|torso and shoulders
lace_cami|Lace-trim Cami|가장자리 레이스 캐미솔|garment_detail|cami neckline and trim|a narrow lace strip follows the edge of a thin-strapped camisole as a distinct openwork border|상의 전체를 망사로 바꿈|torso detail
tube_top|Tube Top|끈 없는 튜브 탑|wardrobe_style|strapless upper garment|a continuous strapless tubular upper garment has a straight upper edge and extends down the torso|짧은 bandeau와 길이까지 동일 취급|torso and shoulders
bandeau|Bandeau Top|짧은 스트랩리스 밴드|wardrobe_style|strapless garment band|a short strapless band surrounds the upper torso with two closely spaced horizontal edges|긴 tube top 또는 shoulder straps 추가|torso and shoulders
halter|Halter Top|목으로 이어지는 홀터|wardrobe_style|garment support straps|the top support straps run from the front toward a fastening behind the neck leaving shoulders outside them|양 어깨에 독립적으로 걸린 cami 끈|front three-quarter torso
handkerchief_top|Handkerchief Top|중앙 뾰족 밑단 탑|wardrobe_style|front garment hem|the front hem descends to a clear central triangular point with higher side corners|한쪽으로만 긴 asymmetric hem|torso front
scarf_top|Scarf Top|스카프를 묶어 만든 탑|wardrobe_style|cloth knot and free corners|a folded scarf forms the upper garment with a readable tie and free fabric corners|삼각형 밑단만 있는 봉제 탑|torso three-quarter
tie_front|Tie-front Top|앞 묶음 탑|garment_detail|garment front closure|two fabric ends form a visible knot or bow at the front closure of the upper garment|뒤에서만 묶거나 프린트된 리본|torso front
ruched_top|Ruched Top|셔링 탑|garment_detail|gathered fabric channel|many short fabric gathers converge toward a visible seam or drawstring channel|랜덤 구김 또는 pleats만 있음|torso detail
mesh_top|Mesh Top|구멍 조직 메시 탑|wardrobe_style|upper garment openings|a mesh upper layer has repeated readable openings with a distinct garment edge and a separate backing region|매끈한 sheer 원단 또는 피부 전체를 투명화|torso detail
sheer_top|Sheer Top|반투명 연속 원단 탑|wardrobe_style|upper garment fabric|a continuous fine fabric layer transmits underlying shapes while retaining its own seams and edge|망사 구멍을 필수로 지정|torso detail
corset_top|Corset Top|패널·보닝 구조 탑|wardrobe_style|upper garment panels|structured vertical panels and distinct boning channels shape the fitted upper garment|일반 fitted cami 또는 가슴 컵만 있는 bustier|torso detail
bustier|Bustier Top|컵 구조 버스티에|wardrobe_style|garment cups and torso panels|defined cup seams remain distinct from supporting fitted torso panels|보닝·끈 조임을 무조건 필수화|torso detail
asym_top|Asymmetric Top|비대칭 상의|garment_detail|garment left-right edges|the upper garment has visibly unequal left and right neck or hem edges|몸의 자세만 기울임|torso front
one_shoulder|One-shoulder Top|한쪽 어깨 지지 탑|wardrobe_style|single shoulder garment support|one shoulder supports the garment while the opposite shoulder lies outside its upper edge|양 어깨 off shoulder|torso front
off_shoulder|Off-shoulder Top|양 어깨 아래 네크라인|wardrobe_style|garment neckline across arms|the neckline runs below both shoulder tops and connects to fabric along the upper arms|어깨 하나만 드러냄|torso front
peasant|Peasant Blouse|개더 네크라인 블라우스|wardrobe_style|loose blouse gathers|a soft blouse has a gathered neckline and loose sleeves with visible small folds|역사 민족 복장의 정확한 출처로 단정|torso and sleeves
crop_zip|Cropped Zip Hoodie|짧은 지퍼 후드|wardrobe_style|hoodie hem and zipper|a short hooded jacket has a center front zipper and a hem above a longer lower garment|일반 cropped cardigan|torso and hood
velour_hoodie|Velour Hoodie|벨루어 후드|wardrobe_style|hoodie pile surface|a hooded jacket has a fine short pile surface with soft directional highlight bands|플라스틱 거울광 후드|torso material detail
track_jacket|Track Jacket|트랙 재킷|wardrobe_style|jacket front and trim|a zip-front athletic jacket has a ribbed collar or cuffs and coherent sports paneling|정장 재킷으로 대체하거나 모든 재킷에 3줄 로고 강제|torso
bolero|Bolero|매우 짧은 오픈 재킷|wardrobe_style|short jacket body|a short open-front jacket has a recognizable torso panel ending high above the waist|팔·어깨만 연결한 shrug|torso and front opening
shrug|Shrug|어깨와 팔을 잇는 덮개|wardrobe_style|connected sleeves and shoulder panel|a short sleeve-and-shoulder cover leaves most of the central torso garment visible|전면 몸판이 충분한 bolero와 동의어화|torso and shoulders
crop_cardigan|Cropped Cardigan|짧은 니트 카디건|wardrobe_style|knit front and hem|a short knitted cardigan has a readable open or buttoned front and a high torso hem|후드·지퍼를 필수화|torso
denim_jacket|Denim Jacket;Cropped Denim Jacket|데님 재킷|wardrobe_style|jacket weave and seams|a jacket has denim twill texture and strong panel seams; cropped length is a separately selected hem modifier|파란색만으로 데님이라고 판정|torso detail
denim_vest|Denim Vest|데님 조끼|wardrobe_style|sleeveless jacket armholes|a denim upper layer has clearly open sleeveless armholes and paneled jacket construction|반팔 청재킷 또는 데님 프린트만 있음|torso
fur_trim|Faux-fur Trim Jacket|가장자리 퍼 트림|garment_detail|jacket collar or hood edge|long soft fibers form a discrete trim around a jacket collar or hood edge with the main fabric separate|재킷 전체를 퍼로 채움|collar detail
moto_jacket|Moto Jacket|라이더 재킷 구조|wardrobe_style|jacket closure and lapels|a fitted jacket has an asymmetric front zipper and overlapping angular lapels|로고 또는 검정색만으로 moto 판정|torso front
layered_tanks|Layered Tanks|겹친 탱크톱 가장자리|garment_detail|two upper garment layers|two tank layers retain separately visible strap or neckline edges and different hem levels|한 벌에 프린트된 배색을 겹침으로 판정|torso detail
bra_straps|Visible Bra Straps|옷과 구분되는 속옷끈|garment_detail|strap layer at shoulders|a narrow inner support strap remains separate from the outer garment strap at the shoulder|외부 캐미솔 끈만 있음|shoulder detail
long_short_layer|Long-over-short Layering|긴 레이어와 짧은 레이어|garment_detail|overlapping garment hems|a short outer layer ends above a separately visible longer inner garment edge|밑단 하나만 있거나 팔 길이만 다름|torso and hems
dress_pants|Dress-over-pants|드레스 아래 팬츠|wardrobe_style|dress hem and two trouser legs|a continuous dress hem overlaps a separate pair of trousers whose two leg sections extend below it|롱 티만 있거나 드레스 아래 다리를 팬츠로 오판|three-quarter full outfit
low_rise|Low-rise Jeans;Hip-hugger Jeans;Low-slung waist|낮은 허리선|garment_detail|trouser waistband relative to torso|the trouser waistband sits across the upper hips below the natural waist with a clearly visible top edge|긴 상의로 선이 가려졌는데 로우라이즈로 확정|torso and hips
ultra_low|Ultra-low-rise|더 낮은 허리선|garment_detail|trouser waistband relative to torso|the trouser top edge lies distinctly lower across the hips than a conventional low-rise edge in the selected garment design|노출량이나 신체 비율만으로 절대 등급화|torso and hips
bootcut|Bootcut Jeans|완만하게 넓어지는 밑단|garment_detail|trouser knee-to-hem contour|a relatively close thigh and knee contour widens modestly toward the trouser hem|허벅지부터 넓은 baggy 또는 큰 flare|full trouser legs
flare|Flared Jeans;Flare Yoga Pants|크게 퍼지는 하단|garment_detail|trouser knee-to-hem contour|the trouser leg widens markedly below the knee while the upper leg remains comparatively narrow|전체 길이가 같은 폭인 wide-leg|full trouser legs
puddle|Puddle Jeans|바닥에 쌓이는 긴 밑단|garment_detail|trouser hem and floor contact|extra trouser length forms visible fabric folds where the hem reaches the floor or shoe|긴 바지 이름만 있고 바닥 접점 안 보임|feet and floor
baggy|Baggy Jeans|상단부터 여유 있는 팬츠|garment_detail|thigh and full leg volume|generous fabric volume surrounds the thigh and continues through a loose leg contour|무릎 아래 flare만 넓음|full trouser legs
cargo|Cargo Pants;Cargo Mini|외부 입체 카고 포켓|garment_detail|outside garment pockets|large patch or bellows pockets with readable flap edges attach to the outer thigh or skirt surface|허리 주머니만 있거나 camouflage만 있음|hips and garment side
low_cargo|Low-rise Cargo|낮은 허리와 카고 포켓|wardrobe_style|waistband and thigh pockets|a low hip-level waistband and separate large outer thigh pockets are both visible on the same trousers|카고 포켓만 맞고 허리선이 높음|torso and legs
parachute|Parachute Pants|경량 부피·조임 팬츠|wardrobe_style|thin trouser fabric and gathered openings|thin crinkled fabric forms loose trouser volume with visible gathered or drawcord openings|두꺼운 데님 baggy 또는 원래 군용 역사명과 동일 단정|full trouser legs
track_pants|Track Pants|스포츠 팬츠|wardrobe_style|athletic trouser construction|loose athletic trousers have an elastic or drawcord waist and coherent seam or stripe placement|골지·기능 원단·브랜드를 무조건 필수화|waist and legs
velour_pants|Velour Pants|벨루어 팬츠|wardrobe_style|trouser pile surface|trousers carry a fine short pile surface with soft directional shade changes along folds|광택 새틴이나 vinyl 팬츠|waist and fabric detail
capri|Capri Pants;Cargo Capri|종아리에서 끝나는 팬츠|garment_detail|trouser hem relative to leg|trouser hems end on the exposed calf between knee and ankle; cargo pockets remain a separate modifier|발목 crop 또는 무릎 길이와 자동 동의어화|knees to feet
pedal|Pedal Pushers|무릎 바로 아래 짧은 팬츠|garment_detail|trouser hem relative to knee|close-fitting short trousers end just below the knee leaving much of the calf visible|capri와 고정 센티미터로 경계 단정|knees to feet
foldover|Foldover Waist Pants|접어 내린 허리밴드|garment_detail|folded waistband|a broad soft waistband folds down to form a doubled fabric band above the trouser body|두 개 팬츠 허리 또는 얇은 벨트|waist detail
micro_mini|Micro Mini|매우 짧은 스커트|garment_detail|skirt hem relative to upper legs|a skirt has a very short continuous hem high on the upper legs while its waistband remains distinct|반바지로 대체하거나 신체 크기 기준 강제|hips and upper legs
denim_mini|Denim Mini|데님 미니|wardrobe_style|short skirt fabric and seams|a short skirt has denim twill and readable waistband and seam details|파란 스커트만 있음|hips and skirt detail
pleated_mini|Pleated Mini|주름 미니|garment_detail|short skirt pleat structure|a short skirt carries repeated folded pleats with alternating visible ridges and recesses|러플 층 또는 교복 의미를 자동 강제|hips and skirt detail
ruffle_mini|Ruffle Mini|러플 미니|garment_detail|short skirt gathered edges|a short skirt has one or more gathered flouncing edges projecting from its body|단순 pleats 또는 평평한 tier seams|hips and skirt detail
tiered|Tiered Skirt|층별 이음 스커트|garment_detail|horizontal skirt tiers|several horizontal skirt sections join at readable seams with gathering or changing volume|밑단 프린트 줄무늬를 층으로 판정|full skirt
handkerchief_hem|Handkerchief Hem|여러 뾰족 모서리 밑단|garment_detail|skirt hem corners|several pointed cloth corners fall to unequal levels around the hem|중앙 한 점 handkerchief top과 동일 구조로 고정|full skirt
asym_skirt|Asymmetric Skirt|좌우 길이가 다른 스커트|garment_detail|skirt left-right hem|the skirt hem has a clear left-right difference in length in the same view|몸 기울기나 가림으로 길이가 달라 보임|skirt front
slip|Slip Dress|가는 끈 유연한 드레스|wardrobe_style|dress straps and drape|a light continuous dress hangs from thin straps with soft drape and a distinct hem|모든 slip에 새틴·속옷 역할 강제|full dress
bodycon|Bodycon Dress|밀착 드레스|wardrobe_style|dress contour|a continuous dress closely follows the torso and hip contour while retaining its own fabric edges|좁은 체형이나 bandage 구성과 동일 취급|full dress
bandage|Bandage Dress|폭넓은 띠 패널 드레스|garment_detail|dress band panels|broad fitted band-like panels form repeated structured courses around the dress|일반 bodycon 표면에 줄 프린트만 있음|dress detail
mesh_dress|Mesh Overlay Dress|별도 메시 오버레이|wardrobe_style|outer mesh and inner dress|a readable mesh layer lies above a separate dress with independent edges or seams|내부 드레스가 사라지고 mesh만 있음|full dress detail
denim_dress|Denim Dress|데님 드레스|wardrobe_style|dress fabric and continuous body|a continuous dress has denim twill texture and distinct seam construction|상의와 스커트 별개를 원피스로 오판|full dress
tube_dress|Tube Dress|스트랩리스 드레스|wardrobe_style|dress neckline and body|a continuous strapless dress extends from a horizontal upper edge to a separate lower hem|bandeau만 있고 드레스 몸판 없음|full dress
tiny_big|Tiny top + big pants;Fitted top + baggy bottom|상의와 팬츠의 볼륨 대비|silhouette_proportion|garment volumes on same wearer|a compact close upper garment and generously loose trousers create a clear difference in clothing volume|몸을 가늘게 변형하여 대비를 대신함|full outfit
midriff|Exposed midriff|옷 사이 중간 몸통|garment_detail|gap between upper hem and waistband|a visible torso strip lies between a distinct upper garment hem and a separate lower waistband|의복 경계 없이 배경 빈틈으로 대체|torso and hips
long_torso|Long torso silhouette|옷 경계로 길어 보이는 몸통|silhouette_proportion|upper hem and lowered waistband|a high upper garment edge and low waistband extend the visible vertical interval between clothing boundaries|해부학적 몸통 자체를 비현실적으로 늘림|torso and hips
mini_boots|Mini skirt + tall boots|짧은 치마와 긴 부츠 비례|silhouette_proportion|skirt hem and boot shafts|a short skirt hem and tall boot shafts remain distinct with a readable interval between them|부츠 길이 또는 치마 길이 하나만 맞음|full outfit
crop_low|Cropped jacket + low-rise pants|짧은 재킷과 낮은 허리|silhouette_proportion|outer jacket hem and trousers|a short outer jacket ends high on the torso above a clearly low trouser waistband|상체만 크롭하고 허리선 숨김|torso and hips
visible_layers|Visible layering|여러 의복 경계의 가시성|garment_detail|overlapping garment edges|two or more garment layers retain visibly separate edges at neckline strap or hem regions|한 벌의 배색만으로 layer 판정|torso detail
whale_tail|Whale Tail|팬츠 위 속옷 옆선|garment_detail|underwear waistband above trousers|thin side straps of an inner garment emerge above a separate low trouser waistband|허리 체인·벨트로 대체 또는 모든 Y2K에 자동 추가|hip detail
velour|Velour|짧은 파일의 방향성 표면|surface_material|selected textile patch|a dense short pile gives the textile soft directional shade changes and a diffuse sheen|타월 루프 또는 매끈한 새틴으로 대체|material close-up
terry|Terry Cloth|눈에 보이는 타월 루프|surface_material|selected textile patch|many small uncut yarn loops give the textile an uneven looped surface|잘린 velour 파일 또는 단순 knit ribs|material close-up
stretch_denim|Stretch Denim|형태를 따라가는 데님|surface_material|denim garment patch|denim twill and tension-following folds remain visible on a fitted garment|사진만으로 elastane 함유율·신축 성능 확정|material and fit detail
satin|Satin|연속적인 유연한 광택|surface_material|selected textile folds|smooth textile folds carry broad continuous directional highlights with a soft drape|실크 섬유로 자동 확정 또는 경질 플라스틱 거울광|material close-up
mesh|Mesh|반복 구멍 조직|surface_material|selected mesh patch|repeated openings are bounded by connected fine threads or strands|매끈한 반투명 막 또는 체인 고리|material close-up
sheer_nylon|Sheer Nylon|얇은 반투명 직물|surface_material|selected continuous cloth layer|a fine continuous translucent cloth layer preserves readable edges and underlying shapes|사진으로 nylon 섬유 성분까지 확정|material close-up
metallic|Metallic Fabric;Metallic Silver|금속처럼 반짝이는 직물|surface_material|selected textile patch|a flexible textile has bright metal-like directional reflections while retaining visible folds|금속판·재귀반사·발광을 동의어화|material close-up
iridescent|Iridescent Fabric|영역에 따라 달라지는 색광|surface_material|selected folded surface|different orientations of one folded surface show smooth hue shifts in reflected highlights|여러색 프린트 또는 빛 원인 미확인으로 물성 확정|material close-up under neutral light
holographic|Holographic Material|회절 무지개 패턴 표면|surface_material|selected decorative foil surface|the selected foil-like surface shows fine rainbow diffraction patterns with a readable supporting surface|실물 3D 홀로그램·공중 투사·단순 iridescence로 강제|material close-up
pvc|PVC|투명·반투명 플라스틱 층|surface_material|selected plastic layer|a clear or translucent flexible plastic layer has bounded thick edges and smooth specular reflections|PVC는 항상 투명하다는 규칙 또는 성분 확정|material close-up
vinyl|Vinyl|매끈한 코팅광 표면|surface_material|selected coated garment surface|a smooth coated flexible surface has sharp specular highlights and visible creased folds|PVC와 서로 배타적 화학 분류로 취급|material close-up
patent|Patent Leather|가죽 형태 위 유광 코팅|surface_material|selected structured leather-like surface|a smooth lacquer-like shine lies on a structured leather-like surface with readable seams|사진으로 천연가죽 진위까지 확정|material close-up
faux_fur|Faux Fur|긴 섬유 퍼 표면|surface_material|selected fibrous surface|many long fibers form a soft projecting nap above a visible garment edge|사진만으로 synthetic 대 real fur 확정|material close-up
sequins|Sequins|겹치는 납작한 반짝이 조각|surface_material|garment attached discs|many separate thin reflective discs overlap or align across the garment surface|faceted 큐빅 또는 glitter 점으로 대체|material close-up
rhinestones|Rhinestones|개별 패싯 스톤|surface_material|attached decorative stones|separate small faceted ornaments have distinct boundaries and compact bright reflections|스팽글·비즈·자수와 물리 동의어화|material close-up
chainmail|Chainmail|서로 얽힌 금속 고리|surface_material|connected metal ring layer|interconnected small metal rings form a flexible layer with visible ring apertures|목걸이 체인 한 줄 또는 flat sequins|material close-up
retroreflective|Reflective Fabric|카메라 가까운 광원에 밝아지는 띠|surface_material|selected reflective trim|a bounded reflective trim becomes conspicuously bright under near-camera illumination while adjacent fabric remains darker|실버색만으로 기능 확정 또는 자체 발광|material under near-camera light
metal_mesh|Metallic Mesh|금속성 가는 망|surface_material|connected metal strands|fine metal-like strands cross to form repeated openings across a flexible mesh layer|ring chainmail과 직조 망의 구조 혼동|material close-up
platform_sandal|Platform Sandals|앞발도 두꺼운 샌들 바닥|footwear|sandal forefoot sole|the sandal has a visibly thick raised sole beneath both forefoot and heel with an open upper|뒤꿈치 heel만 높음|feet side
platform_flip|Platform Flip-flops|통굽 Y자 쪼리|footwear|toe post and sole|a toe-post sandal has Y-shaped straps and a thick sole under the forefoot and heel|toe post 없는 slide|feet three-quarter
platform_slide|Platform Slides|통굽 슬라이드|footwear|open sandal upper and sole|a thick-soled sandal has one or more upper straps across the foot and no toe-post divider|쪼리와 동일 토폴로지로 취급|feet three-quarter
jelly|Jelly Sandals|반투명 몰드 샌들|footwear|sandal molded upper|a translucent molded sandal upper has continuous rounded edges and visible openings|투명 장식만 붙인 가죽 샌들|feet close-up
strappy|Strappy Heels|여러 가는 끈 힐|footwear|heel and upper straps|several narrow straps cross the foot or ankle above a distinct raised heel|굵은 스트랩 하나 또는 heel 사라짐|feet close-up
kitten|Kitten Heels|낮고 가는 굽|footwear|heel profile|a short slender heel lifts the back of the shoe only modestly above its forefoot|두꺼운 낮은 block heel|feet side
pointed|Pointed-toe Heels|뾰족코 힐|footwear|toe contour and heel|the shoe narrows to a sharp toe point in front of a distinct raised heel|발 자세만 뾰족하거나 굽 없는 pointed flat|feet three-quarter
platform_boots|Chunky Platform Boots|두꺼운 앞바닥 부츠|footwear|boot sole and shaft|boots have a substantial raised forefoot sole and thick heel beneath a clear shaft|부츠 뒤굽만 두꺼움|feet and shafts side
knee_boots|Knee-high Boots|무릎 부근 부츠 샤프트|footwear|boot upper edge relative to knee|the boot shaft ends near the knee with its upper edge distinct from the leg above|over-knee 또는 calf boots 자동 혼합|knees to feet
furry_boots|Furry Boots|부츠의 털 표면|footwear|boot shaft surface|projecting fibers cover or trim a recognizable boot shaft above a separate sole|양말의 털만 있음|feet and shafts
sheepskin_boots|UGG-style Boots|둥근코 편한 부츠 형태|footwear|soft boot upper and sole|a soft plain boot has a rounded broad toe and low broad sole with a simple shaft|브랜드 진위·양털 재질을 외형으로 확정|feet and shafts
skate_shoes|Skate Shoes|패딩 텅과 넓은 스니커즈|footwear|shoe upper and tongue|a broad low shoe has a thick padded tongue and a flat substantial sole|러닝 기능·모든 브랜드를 동일 판정|feet close-up
chunky_trainers|Chunky Trainers|부피 큰 스포츠 스니커즈|footwear|shoe midsole and paneling|a sneaker has a visibly bulky sculpted midsole and layered upper panels|통굽 하나만 있는 평평한 신발|feet close-up
ballet_flats|Ballet Flats|낮고 얇은 플랫|footwear|shoe opening and low sole|a low slip-on shoe has a shallow rounded upper opening and a thin flat sole|balletcore 의미나 발레 직업까지 자동 추정|feet close-up
baguette|Baguette Bag|가로로 긴 작은 숄더백|wearable_accessory|bag body and shoulder strap|a small horizontally elongated bag hangs high under the arm from a short shoulder strap|작다는 이유로 모든 mini bag을 Baguette로 판정|shoulder and bag
underarm|Underarm Bag|겨드랑이 아래 휴대 관계|wearable_accessory|bag relative to arm|a short shoulder strap holds the bag body immediately below the armpit|손에만 들고 가방 모양만 맞음|shoulder and bag
mini_shoulder|Mini Shoulder Bag|작은 숄더백|wearable_accessory|small bag and shoulder strap|a compact bag hangs from a strap supported by one shoulder|반드시 가로형 Baguette로 제한|shoulder and bag
hobo|Hobo Bag|처지는 곡선형 가방|wearable_accessory|bag top curve and drape|a soft crescent-like shoulder bag has a curved upper opening and a visibly slouching body|경질 반달 모양을 soft hobo로 확정|bag detail
bowling|Bowling Bag|둥근 옆면과 두 손잡이 가방|wearable_accessory|bag end panels and handles|an oblong bag has rounded end panels a long top opening and two short handles|모든 보스턴백의 역사 기원 동일시|bag detail
moto_bag|Moto Bag|지퍼·버클·끈끝 가방|wearable_accessory|bag hardware and tassels|a soft bag has several visible zipper or buckle fittings and narrow trailing leather-like tabs|로고·검정색만으로 moto 판정|bag detail
monogram|Monogram Bag|반복 상징 패턴 가방|wearable_accessory|bag surface pattern|a repeating grid of small emblem or letter-like units covers the bag surface|중앙 큰 logo 하나 또는 브랜드 진위 추정|bag front detail
logo_bag|Logo Bag|큰 단일 로고 배치 가방|wearable_accessory|bag main emblem|one prominent emblem or display word occupies a principal area of the bag|전체 repeated monogram과 동일 처리|bag front detail
denim_bag|Denim Bag|데님 표면 가방|wearable_accessory|bag textile surface|a bag body has denim twill with seams and a clearly separate strap|파란색 가방만 있음|bag detail
stone_bag|Rhinestone Bag|패싯 스톤 장식 가방|wearable_accessory|bag attached ornaments|many discrete faceted stones attach to the bag body while its outline stays readable|빛나는 배경이나 sequin bag|bag detail
sequin_bag|Sequin Bag|납작한 조각 장식 가방|wearable_accessory|bag reflective discs|small reflective discs cover the bag body with distinct overlapping edges|큐빅 faceted stones로 대체|bag detail
metal_bag|Metallic Bag|금속광 가방|wearable_accessory|bag body reflection|the bag surface has directional metal-like reflections following its own folds and edges|은색 배경만으로 대체|bag detail
chain_strap|Chain Strap Bag|연결 고리 가방끈|wearable_accessory|bag strap connection|a connected series of metal links runs from one bag attachment point toward its carrying support|necklace chain만 있음|bag and strap
bag_charms|Charm Bag|가방에 매달린 참|wearable_accessory|bag attachment point|several small ornaments hang from a visible ring or strap attached to the bag|휴대폰 참이나 주변 장식으로 이동|bag detail
stone_belt|Rhinestone Belt;Crystal Belt|큐빅 장식 벨트|wearable_accessory|belt strip around garment|separate faceted ornaments attach along a continuous waist belt with a readable buckle or closure|보석 이름만으로 성분·가격 추정|waist detail
chain_belt|Chain Belt|허리의 고리 체인|wearable_accessory|chain around garment waist|a linked metal chain rests around the garment waist with a visible closure or hanging end|복부 body chain과 무조건 동일시|waist detail
grommet|Grommet Belt|구멍을 감싼 금속 링|wearable_accessory|belt perforations|metal rings surround actual open holes along a belt strip|돌출 stud 또는 rhinestone|waist close-up
studs|Studded Belt|돌출 스터드 벨트|wearable_accessory|belt protruding fittings|small solid metal studs project from a belt surface with their own visible raised edges|구멍이 있는 grommet|waist close-up
double_grommet|Double Grommet Belt|아일렛 두 줄|wearable_accessory|belt two perforation rows|two parallel rows of metal-rimmed open holes run along one belt strip|아일렛 한 줄 또는 벨트 두 개|waist close-up
wide_belt|Wide Belt|폭넓은 벨트|wearable_accessory|broad belt strip|a broad belt strip occupies a substantial vertical area around the waist or hips|몸집이나 시대명만으로 폭 판정|waist
logo_buckle|Logo Buckle Belt|큰 로고 버클|wearable_accessory|belt central buckle|a large emblem-shaped buckle closes a visible belt strip|배경 텍스트만 있거나 브랜드를 자동 발명|waist close-up
western_belt|Western Belt|큰 장식 버클|wearable_accessory|belt buckle shape|a substantial oval or rectangular decorative buckle joins a separate belt strip|착용자 국적·직업·문화 정체성 추정|waist close-up
scarf_belt|Scarf Belt|허리에 묶은 스카프|wearable_accessory|cloth around garment waist|a soft folded scarf wraps the waist or belt loops with a visible knot and hanging ends|가죽 벨트에 프린트만 있음|waist
tiny_glasses|Tiny Sunglasses|작은 렌즈 영역|wearable_accessory|lens area relative to face|two small lenses cover a limited area around the eyes while nose and cheeks remain visible|좁은 aspect ratio와 크기를 동일 취급|face close-up
narrow_glasses|Narrow Sunglasses|가늘고 가로로 긴 렌즈|wearable_accessory|lens aspect ratio|the lenses are substantially wider than they are tall with readable top and bottom edges|작은 원형 렌즈|face close-up
oval_glasses|Oval Sunglasses|타원 렌즈|wearable_accessory|lens perimeter|two lens perimeters form smooth continuous oval contours|사각 lens 또는 큰 bug-eye와 크기 동의어화|face close-up
rimless|Rimless Sunglasses|렌즈 둘레 프레임 없음|wearable_accessory|lens outer edge and mounts|lens edges remain largely free of a surrounding rim while bridge and temple mounts are visible|투명 두꺼운 프레임을 없는 테로 판정|face close-up
tinted|Tinted Lenses|유색 렌즈 투과|wearable_accessory|lens transmitted color|a selected colored tint appears within the bounded lenses with facial detail partly visible through them|colored frame만 있거나 reflection 색만 있음|face close-up
gradient_lens|Gradient Lenses|렌즈 안의 농도 변화|wearable_accessory|single lens top-bottom tint|a smooth tint-density change runs from one region to another inside each lens|얼굴 전체 그림자 또는 프레임 배색|face close-up
shield|Shield Sunglasses|두 눈을 잇는 렌즈|wearable_accessory|continuous front lens|one continuous shield-like lens surface spans both eye regions across the bridge|두 렌즈 wraparound와 렌즈 수까지 동일 처리|face front
wraparound|Wraparound Sunglasses|관자놀이로 감싸는 곡률|wearable_accessory|eyewear front-to-side curvature|the eyewear lens surface curves from the front of the face toward the temples|연속 shield 렌즈를 반드시 필수화|face three-quarter side
bug_eye|Bug-eye Sunglasses|눈 주변 넓은 둥근 렌즈|wearable_accessory|large rounded lenses|large rounded or oval lenses cover a substantial area around each eye|모든 큰 선글라스를 한 형태로 분류|face front
colored_frame|Colored Frames|프레임 자체의 유색|wearable_accessory|eyewear rim surface|a distinctly colored frame surrounds or supports lenses whose tint remains a separate attribute|lens tint만 바꿈|face close-up
metal_frame|Metallic Frames|프레임 자체의 금속광|wearable_accessory|eyewear frame reflections|thin or substantial frame parts carry metal-like reflections while the lens surface remains separate|렌즈 mirror coating만 있음|face close-up
trucker|Trucker Hat|불투명 앞판과 메시 뒷판|wearable_accessory|cap front and back panels|a brimmed cap has an opaque front panel and perforated mesh rear panels|일반 야구캡 또는 로고만 있음|head three-quarter rear detail
bucket|Bucket Hat|사방으로 내려가는 챙|wearable_accessory|hat crown and full brim|a soft cylindrical crown is surrounded by a continuous downward-sloping brim|앞챙만 있는 cap|head three-quarter
panel_cap|Pageboy Cap;Baker-boy Hat;Cabbie Cap|패널 크라운과 짧은 앞챙|wearable_accessory|cap crown panels and front brim|a rounded or paneled soft crown sits above a short forward brim|세 명칭을 역사적으로 완전히 같은 모자라 확정|head three-quarter
visor|Visor|머리 윗부분이 열린 챙|wearable_accessory|forehead band and open crown|a band and projecting front visor encircle the forehead while the crown stays open|야구캡의 윗판이 있음|head high three-quarter
logo_cap|Logo Cap|캡의 전면 로고|wearable_accessory|cap front emblem|a prominent emblem or display word occupies the front panel of a readable cap|문구 의미·브랜드를 요청 없이 자동 지정|head close-up
stone_cap|Rhinestone Cap|큐빅 장식 캡|wearable_accessory|cap attached stones|discrete faceted ornaments attach to the cap surface while its panels remain readable|모자 전체를 glitter로 흐림|head close-up
hoops|Hoop Earrings;Oversized Hoops;Huggie Hoops|귀에 연결한 링 귀걸이|wearable_accessory|earring ring relative to ear|a closed or nearly closed ring hangs from a visible ear attachment; its diameter is an independent selected scale|링 크기의 하위 용어들을 동일한 사이즈로 합침|ear close-up
chandelier|Chandelier Earrings|여러 단으로 내려오는 귀걸이|wearable_accessory|earring branches and attachments|a multi-tiered branched ornament hangs from one ear attachment with separate dangling parts|긴 단일 pendant만 있음|ear close-up
stone_choker|Rhinestone Choker|목에 가까운 스톤 띠|wearable_accessory|short necklace around neck|a narrow row of distinct faceted stones follows the neck closely|긴 necklace 또는 피부 glitter|neck close-up
tattoo_choker|Tattoo Choker|늘어나는 루프 초커|wearable_accessory|neck loop pattern|a close-fitting dark necklace forms repeated interlaced elastic-like loops around the neck|피부의 실제 tattoo 또는 가죽 띠|neck close-up
nameplate|Nameplate Necklace|문자 판형 팬던트|wearable_accessory|necklace pendant lettering|a small joined-letter plate hangs from a necklace chain as a distinct pendant|인물 실제 이름·정체성을 자동 추정|neck and pendant detail
pendant|Pendant Necklace;Heart Pendant;Butterfly Necklace;Cross Necklace;Star Necklace|모양이 선택된 팬던트|wearable_accessory|necklace pendant attachment|a distinct selected-shape pendant hangs from a chain at its own attachment loop|장식 모양을 선택하지 않았는데 하트·나비·종교 의미를 강제|neck and pendant detail
layer_chains|Layered Chains|길이가 다른 여러 목걸이|wearable_accessory|necklace courses|two or more separate chains hang at different lengths with distinct lowest points|굵은 체인 한 줄|neck and upper torso
dog_tag|Dog Tag|평판형 태그 팬던트|wearable_accessory|necklace flat plate|a flat rounded-rectangle tag hangs from a small linked or beaded chain|군 소속·신분·이름을 자동 추정|pendant detail
charm_bracelet|Charm Bracelet|팔찌의 여러 참|wearable_accessory|bracelet attachments at wrist|several small distinct ornaments hang from a bracelet encircling the wrist|폰 참 또는 손가락 반지로 이동|wrist detail
body_chain|Belly Chain;Waist Chain|허리·복부의 장식 체인|wearable_accessory|chain relative to body and clothing|a fine decorative linked chain curves around the visible waist or abdomen with its clothing relation readable|팬츠 벨트와 owner·부착을 동일 취급|torso and waist
anklet|Anklet|발목 장식 고리|wearable_accessory|chain encircling ankle|a small linked ornament encircles the ankle as a separate attached item|발 위 또는 신발끈 장식으로 이동|ankle detail
toe_ring|Toe Ring|발가락 반지|wearable_accessory|individual toe ring|a small rigid ring surrounds one visible toe with its circular edges distinct|손가락 반지로 대체|toes close-up
body_jewel|Body Jewelry|특정 위치의 바디 장식|wearable_accessory|explicitly selected body attachment|a small ornament is anchored at the explicitly selected visible body attachment point|위치 미정인데 피어싱·부위·노출을 자동 추가|selected attachment detail
frost_eye|Frosted Eyeshadow;Frosted Lilac;Silver Eyeshadow|눈꺼풀의 미세 펄 막|eyeshadow_style|eyelid makeup surface|fine pale reflective shimmer forms a continuous cosmetic layer across the selected eyelid region|입자 큰 glitter 또는 얼굴 전체의 광원 색|face close-up
icy_blue|Icy Blue Eyeshadow|차가운 연청색 눈꺼풀|eyeshadow_style|eyelid intrinsic pigment|pale cool blue pigment lies within the selected eyelid makeup region|파란 조명 또는 모든 블루에 frost 자동 추가|face close-up
pastel_shadow|Pastel Shadow|밝고 부드러운 유색 섀도|eyeshadow_style|eyelid pigment|a selected light softened color covers a bounded eyelid makeup region|고채도 형광 또는 피부 전체 파스텔 필터|face close-up
inner_shimmer|Shimmer Inner Corner|눈 앞머리 국소 펄|eyeshadow_style|inner eye corner|a small pale reflective makeup accent is localized at the inner corner of each selected eye|코·광대·바깥꼬리로 광택 이동|face close-up
thin_brows|Thin Brows;Pencil Brows|좁고 긴 눈썹 라인|brow_style|brow makeup line|a narrow clearly defined brow line follows the brow region with readable beginning and tail|얼굴 특징·타고난 털 밀도 추정|face close-up
brown_liner|Brown Lip Liner|입술 외곽 갈색 라인|lip_color_placement|lip perimeter pigment|a distinct brown makeup line follows the lip perimeter outside a visibly lighter central lip area|입술 전체 갈색 또는 그림자만 있음|lips close-up
nude_center|Nude Center Lip|외곽보다 옅은 입술 중앙|lip_color_placement|central lip pigment|the central lip area is lighter and less saturated than the surrounding lip perimeter|개인별 nude를 하나의 피부색으로 고정|lips close-up
ombre_lips|Ombre Lips|외곽에서 중앙으로 그라데이션|lip_color_placement|lip center-to-edge gradient|lip pigment changes gradually from a darker outer region toward a lighter central region|동아시아식 중앙 진하고 외곽 옅음을 동의어화|lips close-up
gloss|High-shine Gloss|입술 위 연속 광택|lip_finish|lip cosmetic surface|the lip surface has strong localized smooth wet-looking highlights following its curvature|단순 밝은 립컬러 또는 matte finish|lips close-up
frost_lip|Frosted Lip|입술의 미세 펄 광|lip_finish|lip cosmetic particles|a fine pearlescent shimmer lies across the lip surface with distinct lip edges|clear gloss만 있음|lips close-up
body_glitter|Body Glitter;Shimmery Body Lotion|지정 피부 영역의 반짝임|makeup_decoration|specified shoulder or collarbone skin|small cosmetic reflective particles remain localized on the selected shoulder or collarbone skin|옷의 큐빅 또는 전역 빛 입자로 대체|skin detail
face_gems|Face Gems|피부에 붙인 작은 스톤|makeup_decoration|specified face skin positions|small discrete faceted ornaments are visibly attached at selected facial skin positions|떠 있는 glitter 또는 헤어핀|face close-up
bronze_makeup|Bronzed Skin|피부 위 따뜻한 브론징|cheek_makeup|selected cosmetic skin region|warm brown-gold cosmetic shading appears on selected skin regions while local skin variation stays readable|민족·인종·자연 피부색 추정 또는 warm white balance만 있음|face under neutral light
square_nails|Square Acrylic Nails|각진 길쭉한 네일 끝|wearable_accessory|fingernail free edge|extended nail plates have straight front edges and angular side corners on visible fingers|almond·coffin 혼동 또는 실제 acrylic 재료 확정|hand close-up
french_nails|French Tips|바탕과 구분되는 끝띠|wearable_accessory|fingernail distal edge|a contrasting light band follows the free edge of each selected nail above a separate base color|손톱 전체 하양 또는 밴드가 피부로 이동|hand close-up
airbrush_nail|Airbrush Nails|부드러운 그래픽 네일|wearable_accessory|nail plate graphic|soft-edged color gradients form a selected graphic on the bounded nail plates|도구·기법을 한 이미지로 확정|hand close-up
chrome_nails|Chrome Nails|네일의 거울성 반사|wearable_accessory|nail plate surface|nail plates carry coherent mirror-like highlights or reflected bands distinct from the skin around them|silver pigment만 있음 또는 2000년에 독점적인 기법이라 단정|hand close-up
frost_nails|Frosted Nails|네일의 미세 펄|wearable_accessory|nail plate surface|fine pearlescent shimmer covers the nail plates without becoming a continuous sharp mirror band|chrome 반사 또는 큰 glitter 조각|hand close-up
glitter_nails|Glitter Nails|네일의 분리된 반짝임|wearable_accessory|nail attached particles|individual reflective particles remain visible within the nail decoration|fine frost나 촬영 노이즈|hand close-up
stone_nails|Rhinestone Nails|네일 위 돌출 스톤|wearable_accessory|nail attached stones|small faceted stones project above the selected nail surface with readable attachment points|납작한 점 프린트 또는 손등 보석|hand macro
nail_charms|Butterfly Charms;Star Charms;3D Nail Art|네일 위 모양 파츠|wearable_accessory|nail attached 3D ornament|a selected small ornament has visible thickness and is anchored on the nail plate|모티프가 가방·헤어·배경으로 이동|hand macro
pastel_nails|Pastel Nails|네일의 밝은 저채도색|wearable_accessory|nail pigment|selected light softly saturated colors stay within the nail plate boundaries|손 전체 색 필터|hand close-up
jelly_nails|Clear Jelly Nails|투과되는 네일 컬러|wearable_accessory|nail plate translucent layer|a translucent tinted nail layer transmits underlying nail detail while retaining a glossy bounded edge|불투명 pastel 또는 젤 소재 성분 확정|hand close-up
flip_phone|Flip Phone|힌지·화면·키패드 폴더폰|prop|phone halves and hinge|two rigid phone halves connect at a hinge; the upper half has a small screen and the lower half has separate physical keys|화면 자체가 접히는 현대 foldable|phone detail open
razr_phone|Motorola Razr-style Phone|얇은 금속광 폴더폰|prop|thin clamshell phone|an angular thin clamshell body has a small upper screen and a flat etched-looking physical keypad below its hinge|2004 V3를 1999 소품으로 배치 또는 현대 Razr 접이식 스크린|phone detail open
sidekick_phone|Sidekick-style Phone|물리 키보드 데이터폰|prop|landscape phone keyboard and screen|a landscape-oriented compact handset has a separate small display and an exposed physical letter-key keyboard|키보드 없는 스마트폰 또는 모든 세대 같은 회전 구조|phone detail open
bedazzled_phone|Bedazzled Phone|외장에 붙인 큐빅|prop|phone exterior and hinge|discrete faceted ornaments cover selected phone exterior areas while screen hinge and keys stay separate|장식이 화면·힌지 기능을 없애거나 공중에 떠 있음|phone detail
phone_charm|Phone Charms|폰 고리에 붙인 끈·비즈|prop|phone strap attachment|a thin strap connects to a visible phone attachment loop and carries beads or small ornaments|손가락·손목에서만 떠돌고 폰 연결 없음|phone and strap detail
ipod|iPod-style MP3 Player|화면 위·휠 아래 플레이어|prop|player screen and wheel|a pocket music player has a small upper display and a circular control wheel below it|모든 MP3에 2001 제한 또는 1999에 iPod 원형|player detail
nano|iPod nano first generation|작고 얇은 원형 nano|prop|thin player body screen and wheel|a thin small white or black player has a color display above a circular click wheel|2005 원형에 이후 세대 분홍 금속 외장 강제|player detail
wired_earbuds|Wired Earbuds|귀에서 기기로 이어지는 선|prop|earbud cable endpoints|two small earbuds have thin cables that converge and continue to a visible device or connector|AirPods 형태만 있고 선이 끊김|ears cables device
cd_player|CD Player / Discman|원반형 CD 플레이어|prop|player circular lid|a portable disc player has a broad rounded hinged lid and a visible wired audio connection|원형 로봇청소기 또는 모든 모델을 Sony 브랜드로 고정|device close-up
digicam|Point-and-shoot Digicam|렌즈·플래시가 분리된 소형 카메라|prop|camera body lens flash and screen|a compact camera body has a distinct lens opening and built-in flash; rear LCD is shown only when the view exposes its back|스마트폰·DSLR 또는 손에 든 카메라를 촬영 결과 필터와 동의어화|camera three-quarter
disposable|Disposable Camera|간단한 필름 카메라 외형|prop|camera front lens and simple viewfinder|a small simple camera body has a fixed lens window flash window and basic viewfinder with a distinct winding feature when visible|LCD 디지털카메라 또는 일회용 생산 이력 확정|camera detail
mirror|Mini Purse Mirror|작은 휴대 거울|prop|mirror surface and holder|a small handheld or hinged compact has a bounded reflective mirror surface in a distinct holder|반사 원근이 실제 공간과 불일치|hand and mirror
gloss_tube|Lip Gloss Tube|튜브·뚜껑 글로스 소품|prop|cosmetic tube and cap|a small translucent cosmetic tube has a separate cap and visible colored or clear contents|립스틱 스틱 또는 실제 제품 성분 확정|object detail
keychains|Keychain Cluster|고리에 연결된 여러 키링|prop|common ring and hanging items|several small distinct objects hang from a shared visible ring or clip|배경 흩어진 소품만 있음|attachment close-up
magazine|Glossy Magazine|반사와 페이지가 있는 잡지|prop|printed page stack|a thin bound magazine has a glossy cover separate page edges and a readable printed layout|커버 한 장을 실물 잡지로 판정 또는 당대 이슈 자동 발명|object detail
cd_case|CD Case|단단한 투명 CD 케이스|prop|case hinge and disc tray|a transparent rectangular rigid case has a hinge and a separate circular disc recess|CD 원반만 있거나 폰 케이스로 대체|object detail
loose_socks|Loose socks|발목·종아리에 쌓이는 양말|wearable_accessory|sock folds relative to calf|long socks form stacked loose fabric folds around the lower calf and ankle|tight knee socks 또는 교복·미성년자 자동 추가|knees to feet
skinny_scarf|Skinny scarf|가늘고 길게 늘어지는 스카프|wearable_accessory|narrow cloth at neck|a narrow long scarf loops loosely at the neck with two slim ends hanging down|두꺼운 겨울 muffler|neck and torso
beads|Beaded jewelry|분리된 구슬의 연속|wearable_accessory|bead course and cord|separate rounded beads sit along a continuous visible cord|faceted stones와 physical 동의어화|accessory close-up
retro_flash|Near-camera direct flash|전면 플래시 조명 관계|lighting|subject surfaces and near shadow|a small near-camera source creates compact frontal highlights and a close crisp shadow when a receiving background lies behind the subject|무조건 어두운 배경·날짜 스탬프·필름 입자 추가|subject and receiving background
warm_denim_palette|Denim Y2K|데님·상의·가방의 색 역할|color|denim trousers upper garment bag|faded blue is owned by the denim; a light neutral belongs to the top and warm brown to a separate accessory|전역 필터로 전부 같은 색 또는 brown을 고정 필수화|full outfit under neutral light
pop_palette|Pop Y2K|파스텔 색 역할 분리|color|selected garment and accessory regions|a selected light pastel belongs to the upper garment; a second pastel appears on a distinct small accessory against a light neutral|파스텔색만으로 시대·스타일 확정|full outfit under neutral light
cyber_palette|Cyber Y2K;Tech Futurism|크롬 표면과 차가운 색 역할|color|metal-like garment and dark backing|a silver metal-like surface is distinct from a cool blue accent and a dark backing region|차가운 전역 조명만 있고 소재·역할 구분 없음|full outfit under neutral light
bling_palette|McBling|유색 원단과 작은 스톤 강조|color|selected garment and ornaments|a saturated selected garment color supports small bright faceted accents on that garment while a separate neutral region remains readable|핑크만으로 모든 McBling 판정 또는 피부색 강제|outfit and ornament detail
boho_palette|2000s Boho|따뜻한 중성색의 의복 영역|color|selected layered garments and accessory|warm neutral colors belong to separate layered garments with an optional small contrasting accessory region|tan 조명만으로 garment palette 판정|full layered outfit
goth_palette|Mall Goth|어두운 원단과 금속 포인트|color|selected dark garments and fittings|a dark garment surface remains distinct from small metal-like fittings and one optional colored accent|black 자체를 문화 정체성으로 판정|full outfit and metal detail
sport_palette|Sporty Y2K|스포츠 패널 배색|color|separate sports garment panels|two or three selected contrasting colors occupy readable adjoining athletic garment panels|브랜드 국적·정확한 빨흰남색을 필수화|full outfit
rave_palette|Rave Y2K|밝은 부분색과 반사 트림|color|selected club garment and trim|a vivid selected color occupies a bounded garment region with a separate reflective trim|neon이 자체 발광한다는 물리 주장|outfit and trim
