id	label_ko	unit_ids	family	slot	owner_binding	relation_topology	effect_areas	notes
GD01	한 표면에 한정한 촘촘한 장식	GO002,GO013,GX01	composition	composition	selected_surface	motifs lie within the selected surface boundary	composition.detail_distribution;appearance.ornament_density	주변 화면·얼굴까지 채우지 않음
GD02	큰 구조와 작은 반복의 밀도 계층	GO001,GO013,GX02	composition	composition	bound_scene	large forms contain repeated medium motifs with smaller junctions	composition.scale_hierarchy;setting.existing_surface_details;style.density	새 인물/사물 증가와 구별
GD03	적은 사물의 미세 구조	GO014,GO015,GX20	accessory	prop	bound_focal_object	fine grooves and attachments belong to the existing object	appearance.object_detail;material.surface_relief	밀도나 소품 수를 올리지 않음
GD04	재료별 질감과 광택 분리	GO016,GX15	textile	surface_material	selected_garment_regions	adjacent materials retain separate boundaries on one owner	material.fabric_surface;appearance.wardrobe_surface	몸·옷의 색/재료 잠금 우선
GD05	잎 달린 연속 스크롤 띠	GO032,GO034	accessory	wearable_accessory	selected_accessory_border	leaves branch from the scroll stem along the same border	appearance.accessories_jewelry;material.ornament_relief	rinceau를 broad strap으로 바꾸지 않음
GD06	아칸서스 잎과 스크롤	GO033,GO034	accessory	wearable_accessory	selected_accessory_frame	deeply lobed leaves curl from a continuous frame	appearance.accessories_jewelry;material.carved_or_cast_surface	잎 윤곽을 보존
GD07	로카유 카르투슈	GO036,GO040	accessory	prop	bound_frame_object	unequal shell-like folds enclose one distinct central field	appearance.object_frame;material.relief	중앙 문자 내용은 별도
GD08	오리큘러 테두리	GO024	accessory	prop	bound_frame_object	soft rounded lobes fold around the central opening	appearance.object_frame;material.relief	실제 신체·장기를 추가하지 않음
GD09	분기 식물 아라베스크	GO031	accessory	prop	selected_ornamental_panel	vegetal branches continue between repeated leaf units	appearance.panel_motif;material.surface_pattern	기하·서예는 별도
GD10	띠 교차 카르투슈	GO039,GO040	accessory	prop	bound_frame_object	wide bands cross around the bounded central compartment	appearance.object_frame;material.strap_relief	끈 폭과 겹침 앞뒤가 보임
GD11	방사형 로제트 단위	GO041	accessory	wearable_accessory	selected_jewelry	lobes radiate from one bounded center on the mounting	appearance.accessories_jewelry;material.motif_surface	rose window와 구별
GD12	규칙적 기하 교차무늬	GO043	accessory	prop	selected_ornamental_panel	repeated bands interlace with consistent adjacency	appearance.panel_motif;material.surface_pattern	문화·종교 자동 추론 없음
GD13	바탕판 없는 선재 필리그리	GO054,GX03,GX05	accessory	wearable_accessory	selected_jewelry	wire loops join the rim with background visible through their gaps	appearance.accessories_jewelry;material.wire_surface	sff_pro_j06 의미 재사용; 실제 소유·노출은 후속 바인딩
GD14	바탕판 위의 선재 필리그리	GO054,GX04	accessory	wearable_accessory	selected_jewelry	wire relief stands over a continuous backing within the rim	appearance.accessories_jewelry;material.wire_and_backing	열린형의 음공간 의무를 물려주지 않음
GD15	금속 알갱이의 배열	GO055,GX16	accessory	wearable_accessory	selected_jewelry	distinct rounded grains rise from the metal ground	appearance.accessories_jewelry;material.granular_relief	피부/천의 구슬과 소유 분리
GD16	연속 판재의 볼록 부조	GO056,GX14	accessory	prop	bound_metal_object	raised broad motifs remain continuous with the metal sheet	appearance.object_relief;material.sheet_metal	제작 공정 대신 가시 부조만 검증
GD17	큰 부조 위 작은 윤곽	GO056,GO057	accessory	prop	bound_metal_object	fine contours articulate the same raised relief	appearance.object_relief;material.contour_depth	repousse/chasing 공정 확정은 별도
GD18	금속 표면의 가는 음각선	GO058,GX14	accessory	prop	bound_metal_object	incised grooves interrupt the continuous reflective surface	appearance.object_motif;material.incised_surface	프린트/선재 대체 실패
GD19	에칭형 얕은 칸과 무늬	GO059	accessory	prop	bound_metal_object	shallow patterned recesses define the decorated field	appearance.object_motif;material.shallow_relief	실제 화학 공정 의무는 보류
GD20	선재 구획과 에나멜 색면	GO063	accessory	wearable_accessory	selected_jewelry	continuous thin partitions enclose each enamel field	appearance.accessories_jewelry;material.enamel_fields	sff_pro_j07 재사용 검토
GD21	바탕 금속의 오목한 에나멜 칸	GO064	accessory	prop	bound_metal_object	broad unrecessed metal separates the colored recesses	appearance.object_cells;material.enamel_recesses	cloisonne와 동일한 선재 경계를 강제하지 않음
GD22	밝은 금속의 어두운 선 채움	GO065	accessory	wearable_accessory	selected_jewelry	dark-filled grooves form a pattern within the bright metal field	appearance.accessories_jewelry;material.dark_inlay	니엘로의 조성·진위는 별도
GD23	어두운 금속 바탕의 밝은 상감	GO066	accessory	prop	bound_metal_object	flush-looking bright-metal motifs lie within the darker ground	appearance.object_motif;material.metal_inlay	직물 damask/강재 결 무늬와 분리
GD24	면이 나뉜 작은 금속 스터드	GO067	accessory	wearable_accessory	selected_jewelry	individual faceted studs attach to a shared mounting	appearance.accessories_jewelry;material.faceted_studs	실제 steel/diamond 진위 판정 없음
GD25	일부 돌출부의 길딩	GO062	accessory	prop	bound_ornament_object	warm reflective coating occupies only the stated raised edges	appearance.object_finish;material.partial_coating;color.bound_regions	전체 금색으로 번지지 않음
GD26	은색 바탕 위 얇은 금색 패치	GO068	accessory	wearable_accessory	selected_jewelry	thin patches remain bounded within the cool-metal field	appearance.accessories_jewelry;material.thin_overlay;color.bound_regions	금부 공정과 시각 변형을 분리
GD27	정밀 반복 홈의 금속 필드	GO038,GO061	accessory	prop	bound_metal_object	regular intersecting lines occupy a bounded engraved field	appearance.object_motif;material.engine_turned_appearance	관통 구멍·부품 증가와 구별
GD28	얇은 재료 조각의 맞춤 문양	GO069	accessory	prop	bound_veneer_object	contrasting fitted pieces meet along flush boundaries	appearance.object_motif;material.veneer_joins;color.bound_regions	인쇄·그림이 아닌 조각의 경계
GD29	직물 바탕과 추가 직조 문양	GO070	textile	surface_material	selected_garment	woven supplementary motifs follow the cloth folds	material.woven_surface;appearance.wardrobe_surface	hw_brocade_raised_motifs_1 재사용 우선
GD30	같은 직물의 방향성 광택 문양	GO071	textile	surface_material	selected_garment	motif and ground retain distinct sheen within the same cloth	material.woven_sheen;appearance.wardrobe_surface	hw_damask_tonal_pattern_1 재사용 우선; tonal 선택형
GD31	망 바탕의 가는 꽃 레이스	GO074	textile	garment_detail	selected_garment_lace	fine floral motifs connect to a visible lightweight mesh ground	appearance.wardrobe_lace;material.net_structure	샹티이 색/제작법 자동 확정 없음
GD32	안감 위 브리지형 기퓌르	GO075,GX13	textile	garment_detail	selected_garment_lace	short bars join dense motifs while a continuous lining appears below	appearance.wardrobe_lace;material.bridge_structure	피부 노출 잠금 보존; guipure의 한 선택형
GD33	놓은 실과 고정 스티치	GO076,GO077	textile	garment_detail	selected_embroidery_area	small transverse stitches secure the thick laid thread to fabric	appearance.wardrobe_embroidery;material.thread_relief	금속사 색상은 별도 잠금
GD34	바탕에서 솟는 자수 모티프	GO078	textile	garment_detail	selected_embroidery_area	raised petals project above the cloth with local contact shadows	appearance.wardrobe_embroidery;material.raised_threadwork	패딩/와이어 실제 제작법은 주장 안 함
GD35	붙인 천 조각의 둘레 스티치	GO079	textile	garment_detail	selected_applique_area	the separate shape's stitched edge joins it to the cloth ground	appearance.wardrobe_applique;material.layered_fabric	색면 프린트 대체 실패
GD36	단색 자수의 반복 채움	GO080	textile	garment_detail	selected_embroidery_area	repeated monochrome stitch units form denser bounded fill areas	appearance.wardrobe_embroidery;material.stitch_pattern;color.bound_regions	검정 천 전체로 대체하지 않음
GD37	흰 바탕/실의 자수 명암	GO081	textile	garment_detail	selected_embroidery_area	white raised stitching remains distinct through depth on white cloth	appearance.wardrobe_embroidery;material.stitch_relief;color.bound_regions	구멍 없는 변형도 허용
GD38	트리밍의 개별 술과 연속 프린지	GO082,GO083,GO084	textile	garment_detail	selected_garment_edge	separate tassel bundles and repeated strands attach to the named edge	appearance.wardrobe_trim;material.thread_bundles	선택형 분기: 태슬/프린지 모두 강제 금지
GD39	둥근 구슬과 얇은 시퀸의 분리	GO085,GO086	textile	garment_detail	selected_garment_regions	rounded beads and flat discs occupy separately named trim areas	appearance.wardrobe_trim;material.bead_vs_disc	한종류만 요청되면 다른 종류 추가 안 함
GD40	코르셋 패널/보강선/센터 여밈	GO095,GX11	textile	garment_detail	selected_corset	boning channels follow panels beside a distinct front fastening	appearance.wardrobe_structure;material.boning_channels	체형·가슴·허리 크기·노출은 변경하지 않음
GD41	아일릿과 교차 끈의 여밈	GX12	textile	garment_detail	selected_garment_closure	one continuous lace passes through opposed eyelets and bridges the panel gap	appearance.wardrobe_closure;material.lace_hardware	장식 X프린트로 통과 못함
GD42	레이스 위 자수와 구슬의 층	GO008,GO077,GO085	textile	garment_detail	selected_garment_regions	fixed embroidery lies above lace and beads attach only at selected centers	appearance.wardrobe_layers;material.layer_order	후보의 모든 층 effects가 열렸을 때만 적용
GD43	판형 트레이서리 창 머리	GO045,GO046	architecture	location	selected_window	openings pierce a broad stone field above the window lights	setting.architectural_tracery;material.stone_surface	판 두께/음공간이 보이는 선택형
GD44	가는 부재형 트레이서리	GO045,GX06	architecture	location	selected_window	slender stone bars connect mullions to curved upper compartments	setting.architectural_tracery;material.stone_members	기존 판형과 동시에 같은 부분에 넣지 않음
GD45	곡률이 반전하는 오지 아치	GO049	architecture	location	selected_arch	both sides reverse curvature before meeting at the pointed crown	setting.architectural_arch;material.arch_surface	일반 pointed arch로 대체 실패
GD46	세 로브/네 로브 개구부	GO047,GO048	architecture	prop	selected_ornamental_opening	one selected lobe-count variant forms a complete bounded contour	appearance.motif_geometry;material.opening_boundary	배타 선택 3/4; 두 변형의 합집합을 hard duty로 만들지 않음
GD47	기점에서 펼쳐진 팬 볼트	GO050	architecture	location	selected_ceiling	fan ribs emerge from springing points and meet adjacent fan units	setting.architectural_vault;material.rib_relief	필요한 시점 변경은 별도 composition 후보
GD48	수직 부재 끝의 피니얼	GO051,GX10	architecture	location	selected_upright	the terminal caps the same upright at its highest tip	setting.architectural_terminal;material.terminal_surface	가운데 떠 있는 보석/꽃 대체 실패
GD49	기괴한 형상의 배수 출구	GO052	architecture	location	selected_building_spout	the sculpted mouth-like outlet belongs to a visible drainage route	setting.architectural_spout;material.stone_form	기능 메타데이터 확인 전 가시 spout만 평가
GD50	층과 깊이가 읽히는 무카르나스	GO053	architecture	location	selected_ceiling_transition	recessed cells form successive tiers through the wall-to-ceiling transition	setting.architectural_cells;material.recessed_depth	pf_muqarnas_location/profiles 재사용; camera/조명 분리
GD51	고딕 구획을 옮긴 목 장식	GO045,GO051,GX18	accessory	wearable_accessory	selected_collar_frame	miniature pointed compartments connect within the collar's own frame	appearance.accessories_jewelry;material.miniature_architecture	성당 배경·새 인물 자동 추가 금지
GD52	역사적 고딕의 구조적 실내	GO017	architecture	location	selected_interior	pointed openings and ribs align with the existing vertical supports	setting.architectural_structure;material.masonry;style.gothic_vocabulary	현대 goth makeup/의상은 독립
GD53	로코코 가구의 비대칭 구획	GO021,GO036,GO040	accessory	prop	selected_furniture	unequal scrolling ornaments frame the furniture's central opening	appearance.object_ornament;material.carved_surface;style.rococo_vocabulary	팔레트·시대는 요청을 보존
GD54	흐르는 선과 프레임의 통합	GO025,GO037	accessory	prop	selected_frame_object	the long stem-like curve continues into the supporting frame	appearance.object_structure;material.curved_members;style.art_nouveau_vocabulary	관련 자연 모티프는 선택형
GD55	용도 표면에 맞춘 반복 식물무늬	GO028,GO031	textile	surface_material	selected_fabric_surface	repeated plant motifs follow the cloth's usable bounded field	material.patterned_fabric;appearance.wardrobe_surface;style.craft_pattern	실제 수공예·윤리·운동 소속을 주장 안 함
GD56	성인의 고딕 로리타 의상 형태	GO089	textile	costume_style	explicit_adult_subject	frills and a structured full skirt belong to the adult street-fashion outfit	appearance.wardrobe_silhouette;material.trim;style.gothic_lolita_variant	나이/노출을 명칭에서 추론하지 않음
GD57	의상에 속한 교차 스트랩/고리	GO094	fetish	garment_detail	explicit_adult_subject_garment	each ring joins identified strap ends attached to the garment	appearance.wardrobe_straps;material.hardware	실제 손·몸 구속 사건과 별도
GD58	성취와 덧없음의 정물 관계	GO102,GO103	iconography	prop	requested_still_life	an achievement object and a mortality reminder share the same arrangement	subject.still_life_object_set;composition.object_relation;concept.mortality	두 objects가 요청/열린 scope에 있을 때만; 사망 event 추가 금지
GD59	장식 틀이 둘러싼 유물 용기	GO105	iconography	prop	requested_container	architectural ornament frames the container's bounded compartment	appearance.object_architecture;material.mixed_ornament;concept.reliquary_context	내용물·종교 의미는 출처/요청과 따로 기록
GD60	장식품에 한정한 마모/쇠락	GO106,GX17	accessory	prop	selected_ornament_object	local chips or tarnish interrupt only named finish regions	appearance.object_condition;material.finish_wear	pristine 잠금·신체 손상과 혼동 금지
GD61	명시된 허구 신체의 변형 연결	GO109	fantasy	anatomical_connection	explicit_fictional_body	one requested transformed part remains connected to its stated body owner	body_geometry.requested_connection;appearance.fictional_surface;concept.body_horror	변형 위치·매체·강도는 요청 의미에 바인딩
GD62	큰 패널 안의 작은 판/그리블	GO113,GO121,GX19	worldbuilding	prop	selected_casing	fasteners attach subpanels and fittings within the larger recessed field	appearance.object_detail;material.hardware;scale_relation.part_hierarchy	실제 기계 기능을 부품 수로 주장하지 않음
GD63	덮개 경계 안의 기구부	GO117	worldbuilding	prop	selected_apparatus	gears and shafts occupy the defined open cavity inside the casing	appearance.object_mechanism;material.hardware	정지 구조만 검증; 작동은 시간 근거 필요
GD64	유기형과 기계형의 명시 허구 접합	GO115,GO118	fantasy	anatomical_connection	explicit_fictional_body	an organic-looking region joins a rigid mechanism at a stated interface	body_geometry.requested_connection;appearance.fictional_surface;material.mixed_structure	착용 장신구·실제 질병/수술과 분리
GD65	명암으로 부조의 부피 드러내기	GO122,GX14	light	lighting	bound_focal_object	light-shadow transitions make the same relief's depth readable	lighting.tonal_distribution;composition.focal_legibility	chiaroscuro 기존 ID 재사용 검토; camera 자동 변경 없음
GD66	어두운 환경의 선택적 디테일 조명	GO123,GX20	light	lighting	bound_focal_object	a chosen focal region is illuminated within a predominantly dark field	lighting.tonal_distribution;composition.focal_legibility	required 구조를 어둠으로 숨기면 실패
GD67	허구 상처/흔적의 소유와 영역	GO110	fantasy	aftermath_trace	explicit_fictional_injury_region	requested injury and blood traces belong to separately named body and surface regions	appearance.requested_injury_trace;event.requested_aftermath	고어 강도 자동 증가 없음; policy block은 별도 상태
GD68	성인 관능 연출과 죽음 모티프의 병치	GO107	fetish	composition	explicit_adult_figure_and_requested_motif	the stated adult figure and symbolic object have separately bound spacing and contact	composition.figure_object_relation;sexual_tone.requested_styling;concept.mortality	동의·성행위·실제 사망을 새로 만들지 않음
GD69	불꽃처럼 휘는 석조 트레이서리	GO018,GO045	architecture	location	selected_window	wavy stone members enclose flame-like pointed openings	setting.architectural_tracery;material.stone_members	flamboyant는 고딕 전체의 공통 의무가 아님
GD70	인물/동물/식물이 이어진 장식 모티프	GO042	accessory	prop	selected_ornamental_panel	figural heads and animal forms merge into a continuous vegetal scroll	appearance.panel_motif;material.ornament_relief	조각 장식의 혼성을 살아 있는 몸의 손상으로 바꾸지 않음
GD71	지정 금속 패널의 열린 음공간	GO060,GX14	accessory	prop	bound_metal_panel	cut openings remain within the panel with the backing visible through them	appearance.panel_openings;material.pierced_surface	프린트된 어두운 모양으로 개구부를 대체하지 않음
