id	units	request_a	request_b	expected_distinction	draft_a	draft_b
R01	GO001,GO014	한 개의 소박한 은색 반지를 작은 홈까지 정밀하게 보여줘.	방 전체를 여러 크기의 액자와 직물 무늬로 풍부하게 구성해줘.	미세 묘사는 물건 수를 늘리지 않고 맥시멀한 방은 여러 요소의 관계를 다룸	GD03	GD02
R02	GO002,GX01	벽의 직사각 패널 한 면만 빈틈없는 장식으로 채워줘.	프레임 전체의 빈 공간을 거의 남기지 않는 장식 구성을 보여줘.	패널 범위와 화면 범위를 분리	GD01	GD02
R03	GO003,GO004	단순한 컵 가장자리에 한 줄의 작은 반복 문양을 넣어줘.	컵 가장자리에 여러 층의 복잡한 잎 장식을 넣어줘.	장식 존재와 장식량을 분리		GD06
R04	GO005,GO013	넓은 간격으로 복잡하게 연결된 금속선 고리 네 개를 보여줘.	서로 연결되지 않은 작은 점들을 촘촘히 배열해줘.	연결 복잡함과 점유 밀도를 분리		GD01
R05	GO017,GO087	첨두 창과 기둥으로 이어지는 리브 천장이 있는 밝은 고딕 실내.	높은 칼라와 검은 레이스 장식을 입은 성인 고스 패션 모델.	역사적 건축이 메이크업·고스 의상을 활성화하지 않음	GD52	""
R06	GO018,GO045	돌 창살이 불꽃처럼 휘는 후기 고딕 창.	곧은 멀리언과 단순한 첨두창으로 된 창.	모든 고딕에 불꽃 곡선을 강제하지 않음	GD69	""
R07	GO020,GO021	입체적인 드레이프와 깊은 스크롤 부조가 통합된 장식 틀.	한쪽이 다른 쪽과 다른 조개 굴곡과 C/S 곡선의 장식 틀.	바로크 볼륨과 선택형 로코코 비대칭을 분리		GD07
R08	GO024,GO033	두터운 귀 같은 둥근 굴곡이 접힌 액자.	가장자리가 깊게 갈라진 잎 조각이 달린 액자.	오리큘러 로브와 아칸서스 잎을 분리	GD08	GD06
R09	GO025,GO037	긴 식물 줄기 같은 선이 구조 프레임으로 이어지는 거울.	짧은 소용돌이 조각을 테두리에 반복한 거울.	whiplash 흐름과 짧은 scroll 단위를 분리	GD54	""
R10	GO031,GO043	덩굴 줄기가 갈라져 반복 잎으로 이어지는 패널.	별과 다각형 사이로 띠가 교차하는 규칙적인 패널.	아라베스크 식물 구조와 기하 교차를 분리	GD09	GD12
R11	GO039,GO054	넓적한 띠가 앞뒤로 겹치는 장식 틀.	가느다란 금속선이 꼬인 고리가 연결된 브로치.	띠의 폭과 선재의 단면을 분리	GD10	GD13
R12	GO041,GX09	작은 꽃잎 모양이 중심에서 방사형으로 뻗는 은색 브로치.	석조 구획이 방사형으로 나뉜 큰 원형 성당 창.	작은 로제트와 건축의 rose window를 분리	GD11	""
R13	GO042,GO109	식물 줄기와 동물 머리가 연결된 장식 조각.	명시된 허구 생명체의 몸통이 금속 구조와 이어진 형상.	장식 표면의 혼성과 몸 자체의 변형을 분리	GD70	GD64
R14	GO046,GX06	두꺼운 돌판 사이로 작은 구멍을 낸 창 머리.	가는 석조 바가 큰 창 개구부를 나누는 창 머리.	plate/bar의 면과 부재 구조를 분리	GD43	GD44
R15	GO049,GX08	양쪽 곡선이 S자처럼 반전하며 위에서 뾰족하게 만나는 아치.	양쪽 곡선이 한 방향으로 올라가 꼭대기에서 만나는 첨두아치.	ogee 곡률 반전이 없는 대체를 거부	GD45	GD52
R16	GO047,GO048	윤곽 전체가 보이는 세 로브 개구부.	윤곽 전체가 보이는 네 로브 개구부.	3/4개 변형을 배타적으로 선택	GD46	GD46
R17	GO050,GO053	기둥 위 기점에서 리브가 부채살처럼 펼쳐지는 천장.	작은 오목 셀이 층층이 후퇴하는 입체 천장.	팬의 선/기점과 무카르나스 셀/깊이를 분리	GD47	GD50
R18	GO051,GX10	수직 부재의 가장 위 끝에 작은 꽃봉오리 마감 장식.	수직 부재의 옆 가장자리에 작은 잎 장식 반복.	끝 마감과 가장자리 반복을 분리	GD48	""
R19	GO052	돌 괴물 입의 배수 출구와 이어지는 물길이 보이는 건물.	물길 없이 지붕 가장자리에 놓인 괴물 조각.	기능/연결 근거 없는 모든 괴물상을 gargoyle로 확정 금지	GD49	""
R20	GO054,GX03,GX04	바탕판 없이 금속선 고리 사이로 배경이 보이는 브로치.	연속된 금속 바탕판 위에 가는 선재 고리가 솟은 브로치.	둘 다 filigree 변형이며 개구부 의무를 공유하지 않음	GD13	GD14
R21	GO055,GO058	금속 바탕 위에 작은 둥근 알갱이가 따로 솟은 브로치.	매끈한 금속에 가는 홈으로 문양을 새긴 브로치.	입자 양각과 음각선의 깊이 방향을 분리	GD15	GD18
R22	GO056,GO057,GO058	얇은 판이 볼록하게 부푼 꽃 부조 위에 작은 윤곽을 더한 상자.	연속된 판 표면에 파인 꽃 윤곽만 있는 상자.	큰 부조와 작은 선각을 분리; 공정은 픽셀 확정 금지	GD17	GD18
R23	GO060,GX04	구멍을 통해 바탕이 보이는 금속 패널.	표면에 구멍 모양을 검게 그린 연속 금속 패널.	실제 음공간과 프린트의 대체 관계	GD71	""
R24	GO063,GO064	가는 금속 경계선으로 색면 칸을 나눈 브로치.	넓은 금속 바탕 사이 오목한 칸에 색을 채운 상자.	선재 경계와 바탕 금속의 recessed cells를 분리	GD20	GD21
R25	GO065,GO066	밝은 금속의 파인 무늬를 어둡게 채운 반지.	어두운 금속에 밝은 금속선 문양을 상감한 상자.	검은 채움과 밝은 상감의 대비 방향	GD22	GD23
R26	GO067,GO055	빛을 나누어 반사하는 작은 면이 있는 스터드.	각각 둥근 표면을 가진 작은 금속 알갱이.	면 있는 stud와 둥근 grain을 분리	GD24	GD15
R27	GO062,GO068	돌출된 테두리 일부만 금색으로 입힌 상자.	은색 반지 표면에 경계가 있는 얇은 금색 조각을 결합한 외형.	부분 코팅과 patch overlay; 실제 공정은 별도	GD25	GD26
R28	GO070,GO071	바탕 위에 추가 직조 무늬가 도드라지는 직물 샘플.	같은 색 직물 안에서 광택 차이로 꽃이 나타나는 샘플.	브로케이드와 선택형 tonal damask를 분리; 혼합 가능	GD29	GD30
R29	GO074,GO075,GX13	고운 망 안에 얇은 꽃무늬가 있는 검은 레이스 샘플.	큰 꽃 모티프를 짧은 브리지로 이어 흰 안감 위에 둔 레이스.	망/브리지와 안감/피부의 별도 관계	GD31	GD32
R30	GO076,GO077	표면에 놓은 굵은 실을 가로지르는 작은 고정 스티치.	같은 굵기의 실 하나로 된 연속 평면 자수 선.	laid thread와 anchoring stitches 관계가 있어야 couching 변형	GD33	""
R31	GO078,GO079	바탕 위로 꽃잎이 솟아 작은 그림자를 만드는 자수.	잘라낸 천 꽃 모양의 둘레를 바탕에 꿰맨 아플리케.	돌출 모티프와 별도 재료의 부착 경계	GD34	GD35
R32	GO083,GO084	장식 테두리에 일정 간격으로 개별 실 묶음 술을 달아줘.	장식 테두리 전체에 가는 실들이 연속해서 매달리게 해줘.	묶음 tassel과 연속 fringe를 배타적/독립적으로 선택	GD38	GD38
R33	GO085,GO086	둥근 구슬 한 줄로 장식된 의상 가장자리.	얇고 납작한 반사 조각 한 줄로 장식된 의상 가장자리.	구슬/시퀸을 광점만으로 동치화하지 않음	GD39	GD39
R34	GO095,GX11,GX12	몸통 의상에 패널 보강선과 센터 여밈이 보이게 해줘.	아일릿 쌍을 따라 한 끈이 좌우 패널을 연결하는 옆 여밈을 보여줘.	보닝/버스크와 lacing의 소유·위치를 분리	GD40	GD41
R35	GO102,GO103	은색 반지에 해골 모티프 하나를 새겨줘.	책과 악기, 꺼진 램프와 해골이 함께 놓인 바니타스 정물.	상징 한 단위와 성취/덧없음의 정물 관계	GD18	GD58
R36	GO122,GO123	금속 부조 전체의 명암 변화로 부피가 읽히게 해줘.	어두운 주변 속에서 부조의 특정 부분만 밝게 드러내줘.	부피 모델링과 선택적 명암; required 영역을 숨기면 미통과	GD65	GD66
