id	label	family	meaning_ko	observable_realization_en	confusion_boundary_ko	sources
GX01	Local ornament density / Frame-wide density	composition	대상 표면의 밀도와 화면 전체의 밀도를 독립 제어	ornament fills the selected panel while a clear outer field remains; frame-wide density is a separately chosen arrangement	호러 바쿠이의 범위가 화면·벽·보석 사이에서 새어 나가지 않게 한다	S51
GX02	Macro / meso / micro hierarchy	composition	큰 구조·중간 반복·작은 결합부가 단계적으로 읽히는 저작 제안	a large frame contains repeated motif cells; small fasteners belong to those cells	미세 노이즈·개수 증가와 크기 계층을 분리	S46
GX03	Open-backed wire filigree	accessory	바탕판 없는 선재형 필리그리 변형	curled wires connect within the jewelry rim; the background appears between the wires	선각/프린트와 구별하고 열린형으로 명시한 경우만 구멍을 필수화	S12
GX04	Backed wire filigree	accessory	연속된 바탕판 위에 선재가 놓인 필리그리 변형	curled wires stand above a continuous metal backing; wire relief and backing remain separate	기본 filigree를 열린형으로만 판정하는 과잉 의무 방지	S12
GX05	Motif / mounting / gemstone setting	accessory	장식 문양·구조 프레임·보석 세팅을 분리	wire ornament follows the mounting rim; individual stones occupy separate settings	주얼리라는 라벨로 보석·문양·부품 전체를 한 덩어리로 만들지 않는다	S32
GX06	Bar tracery	architecture	석판 구멍과 대비되는 가는 석조 부재형 트레이서리	slender stone bars join the window mullions; larger openings remain between the bars	판형의 넓은 석재 면과 부재 연결을 구별; 도판 대조 전 형태 초안	S02,S56
GX07	Blind tracery	architecture	벽/패널 위에 놓인 열린 창과 다른 장식 구획	tracery-like relief lies against a continuous wall ground; enclosed shapes retain the same backing	창이 아닌 장식에 유리·실제 관통 개구부를 새로 추가하지 않는다	S01,S03
GX08	Lancet / pointed opening	architecture	가늘고 높은 첨두 개구부의 실루엣	an elongated opening narrows toward a pointed top; the two sides meet without an ogee reversal	모든 첨두아치를 ogee로 분류하지 않는다	S01,S58
GX09	Rose window / rosette	architecture	건축의 방사형 창과 작은 꽃 단위의 규모/역할 차이	radial stone compartments divide a large circular window; a small rosette is a separate ornamental unit	원형·꽃잎 수만으로 창·브로치·리본을 동일 개념화하지 않는다	S01,S32
GX10	Terminal / edge ornament	architecture	끝에 놓인 피니얼과 가장자리 반복 장식의 위치 구별	a terminal caps the upright member; smaller leaf-like units repeat down a separate edge	뾰족한 물체 전체와 끝/측면 부착 장식을 구별; crocket 세부 용어는 후속 근거 필요	S02,S03
GX11	Corset busk / boning channel	textile	센터 여밈과 패널 안의 보강선을 독립 단위로 설명	a center-front fastening separates two garment panels; narrow boning channels follow the panel seams	보닝·버스크·끈 묶기를 X자 무늬 하나로 대체하지 않는다	S55
GX12	Lacing closure topology	textile	한 끈이 아일릿 쌍을 지나며 좌우 패널을 잇는 관계	a lace passes through paired eyelets on opposite panels; crossings bridge the gap while ends remain attached	인쇄된 X·끊긴 줄·다른 소유자의 장식을 여밈으로 통과시키지 않는다	S55
GX13	Lace ground / garment lining	textile	레이스의 음공간과 그 아래 안감/피부의 구별	bridge-linked lace lies over a continuous lining; the lining appears through the lace openings	레이스 구조가 열렸어도 의상 노출은 별도 잠금	S38,S61
GX14	Raised / incised / printed ornament	accessory	양각·음각·평면 무늬의 깊이 방향을 분리	raised contours cast small edge shadows; incised lines interrupt the surface while a print remains on the plane	어두운 선이나 반짝임 하나로 입체 기법 판정 금지	S12
GX15	Pile / woven sheen / metallic reflection	textile	재료마다 다른 표면 반응을 같은 조명 아래 유지	short pile has soft directional highlights; a woven motif changes sheen beside sharper metal reflections	검은 소재를 모두 같은 gloss로 바꾸거나 금속색을 천 전체에 새게 하지 않는다	S17,S19
GX16	Metal grains / sewn beads / rough texture	accessory	금속 입자·천의 구슬·거친 표면의 부착/바탕 관계 분리	separate grains rise from metal; sewn beads belong to cloth while rough casting has irregular surface texture	점이 많다는 이유로 모두 granulation으로 판정하지 않는다	S12,S32,S50
GX17	Localized tarnish / chip / wear	accessory	장식의 일부에 한정된 마모와 재료 경계의 저작 제안	localized worn edges interrupt the finish; neighboring ornament retains its intact contour	장식품의 손상과 인물의 신체 손상·도덕적 쇠락을 연결하지 않는다	S20
GX18	Architectural motif transfer to an accessory	accessory	트레이서리 같은 관계를 작은 장신구에 옮기는 저작 유추	miniature pointed compartments belong to a wearable collar frame; connections follow the collar's own mounting	성당·건물 추가가 아닌 형태 유추; 실제 역사 유물로 주장하지 않는다	S01
GX19	Nested panel / attached greeble	worldbuilding	큰 판·작은 판·부착물의 포함과 고정 관계	a recessed panel contains smaller plates; fasteners attach each small plate to the larger casing	무작위 부품의 근접만으로 조립 관계를 추정하지 않는다	S46
GX20	Required detail observability	medium	필수 구조를 최종 이미지에서 판정할 수 있게 하는 저작 제안	the focal object's required junctions remain visible at native scale; light separates its material boundaries	선명한 피부·전체 고해상도·업스케일링이 세공 구조의 증거는 아니다	S52,S53
