number	kind	family	meaning_ko	observable_realization_en	confusion_boundary_ko	claim_limit_ko	sources
1	density	composition	여러 색·재료·무늬·물건이 풍부하게 공존하는 구성 방향	several distinct ornament families recur across the stated scene; large forms and small details occupy different scales	미세한 물건 하나의 정교함과 전체 요소의 풍부함을 구별	개수·색·면적의 고정 공식이나 필수 소품 목록은 없다	S08,S51
2	density	composition	빈 공간을 거의 남기지 않는 표면 또는 화면 구성	ornament occupies nearly all of the specified panel; small interstitial motifs fill gaps between larger motifs	화면 전체와 한 대상 표면의 점유 범위가 다르다	정신 상태를 뜻하지 않으며 얼굴·하늘까지 자동으로 채우지 않는다	S51
3	descriptor	accessory	장식 목적의 형태와 반복 리듬	an ordered motif repeats along the named edge; decorative shapes follow the object's contour	장식 존재와 장식 과다를 구별	모든 ornamental이 고밀도는 아니다	S27
4	descriptor	accessory	표면이나 가장자리에 장식이 풍부한 상태	carved leaves occupy the frame corners; separate relief bands surround the central opening	선명도·고해상도와 장식량을 구별	구체 예시는 선택지이며 모든 소재에 금장을 추가하지 않는다	S27
5	descriptor	accessory	작은 부재가 연결·분기·교차하는 복잡한 구조	thin members split into smaller connected loops; each intersection remains distinct on the specified ornament	불규칙 노이즈와 구조적 연결을 구별	매끈한 단순 물건에도 미세한 정밀도는 있을 수 있다	S12,S25
6	descriptor	accessory	기본 구조에 여러 단계·부속이 있는 설계	a central mounting supports successive ornament tiers; small attachments remain separate from the load-bearing frame	무조건 작은 점을 많이 넣는 것과 다단계 구성을 구별	단어만으로 재료·주제·성별을 확정하지 않는다	S27
7	descriptor	textile	기본 대상 위에 다른 요소가 더해진 상태	stitched decoration lies on the named fabric ground; attachment points join the added pieces to the base	직물 자체의 무늬와 덧붙인 장식을 구별	무엇을 어디에 붙이는지 추가 지정이 필요하다	S14
8	descriptor	textile	여러 장식층의 순서와 깊이가 보이는 상태	raised embroidery lies over lace motifs; small beads are fixed above the embroidered centers	표면 무늬의 색 혼합과 물리적 층을 구별	레이스·실·구슬은 한 가능한 조합이며 항상 세 층을 요구하지 않는다	S14,S18
9	descriptor	accessory	작은 부착물이 바탕의 상당 부분을 덮는 상태	closely packed small settings cover the specified bezel; occasional gaps reveal the metal ground	일부 보석의 존재와 바탕을 덮는 밀도를 구별	재료가 명시되지 않으면 보석으로 자동 대체하지 않는다	S32
10	descriptor	accessory	보석 또는 보석처럼 보이는 장식이 존재하는 상태	faceted stones sit in separate visible mounts; each setting has its own boundary on the named object	bejeweled와 encrusted의 밀도 차이	사진만으로 보석의 종류·가치·진품 여부를 판정하지 않는다	S32
11	descriptor	historical	재료·규모·장식이 만드는 호화로운 인상	large draped fabric masses flank the carved furniture; luminous metal accents contrast with dense woven surfaces	작은 구조의 복잡함과 호화로운 인상을 구별	부·계급·실제 금/실크를 외형만으로 판단하지 않는다	S05
12	descriptor	textile	촉감·두께·드레이프의 감각적인 풍성함	thick pile catches directional light; heavy folds overlap at the named drape	재료의 풍성함과 반드시 많은 사물의 존재를 구별	실제 촉감·섬유 조성·가격의 증거가 아니다	S17
13	density	composition	지정 면적 안에 작은 형상·선·구획이 많음	many small cells occupy the named surface; close motif spacing increases local information density	고밀도·규칙성·복잡함은 서로 다른 축	보편적인 픽셀 수나 밀도 임계값을 만들지 않는다	S08,S51
14	descriptor	medium	개별 구조를 세세하게 읽히게 묘사하는 지시	fine grooves remain separated on the focal object; tiny junctions retain visible boundaries	새 사물·장식 추가와 묘사 정밀도를 구별	ultra/8K 같은 라벨은 실제 디테일이나 생성 해상도의 증거가 아니다	S12
15	descriptor	medium	작은 홈·실·결합부 같은 미세 구조	individual stitches cross the focal seam; narrow grooves follow the small metal surface	렌더 노이즈·과도한 선명화와 의미 있는 미세 구조를 구별	최종 이미지에서 읽히는 범위만 평가하며 확대 생성으로 증거를 만들지 않는다	S14,S31
16	descriptor	textile	표면의 광택·거칠기·두께·투과성이 다르게 공존	matte pile lies beside a smooth reflective metal edge; open mesh remains distinct from dense woven fabric	모든 소재를 같은 광택으로 처리하는 것과 구별	제안한 재료 조합은 선택지이며 잠긴 재료를 바꾸지 않는다	S14,S17
17	style_family	architecture	역사적 고딕의 구조·공예 어휘	pointed openings rise above slender vertical supports; a ribbed ceiling connects to the supporting piers	중세 고딕과 현대 고스 패션을 구별	검정·해골·과잉 장식·성당이 모든 고딕의 의무가 아니다	S01,S02
18	style_family	architecture	불꽃형으로 휘는 후기 고딕의 장식 어휘	wavy stone bars form pointed flame-like openings; pierced cresting follows the canopy edge	직선 방사형 창살과 불꽃형 윤곽을 구별	후기 고딕 전체를 한 가지 창살로 환원하지 않는다	S03
19	style_family	architecture	후대에 중세 고딕 형식을 재해석한 흐름	pointed-arch motifs repeat on an interior furnishing; colored glass is divided by a lead-like network	실제 중세 제작 시기와 부활 양식의 외형을 구별	외형만으로 연대·진위를 판정하지 않는다	S29,S30
20	style_family	historical	볼륨·운동·여러 예술의 결합을 강조하는 장식 양식	deep relief scrolls curve around a central feature; draped forms connect the sculpture to its architectural surround	고밀도라는 이유로 모든 장식을 바로크로 분류하지 않는다	역사적 기능과 관람자의 감정은 외형만으로 확정하지 않는다	S05
21	style_family	historical	로카유·비대칭 C/S 곡선을 활용하는 장식 방향	unequal C and S scrolls frame a central opening; shell-like grooves fold into the ornament	파스텔색·공주 이미지 하나와 구별	지역별 변형에는 대칭도 있으며 색 하나를 필수로 만들지 않는다	S04,S27
22	style_family	architecture	추리게라 관련 스페인 바로크의 풍부한 표면 장식	several carved registers articulate the facade; dense relief surrounds its architectural divisions	플라테레스코·모든 후기 고딕과 구별	현재 근거는 역사 문맥 중심이며 구체 건물 도판을 대조한 뒤 프로파일 채택	S44
23	style_family	architecture	작은 세공처럼 조직한 스페인 건축의 풍부한 장식	pilasters divide a facade into decorated compartments; small relief surrounds the larger portal	건물 전체의 하중 구조와 정면의 장식 구획을 구별	은으로 만든 건물이란 뜻이 아니며 실제 시대는 별도 근거가 필요	S43
24	motif	accessory	귀·연골을 연상시키는 부드럽고 살집 있는 추상 장식	soft thick lobes fold around the frame; rounded cavities connect without leaf-like serrations	아칸서스 잎이나 몸의 실제 장기와 구별	명칭만으로 신체 손상·살색·성적 행위를 추가하지 않는다	S05
25	style_family	historical	자연 모티프와 흐르는 선·구조/장식의 연결	a long stem-like curve flows into the structural frame; floral lines continue across adjacent parts	아르데코의 일반 기하·로코코 조개와 구별	아르누보에는 기하·지역 변이가 있어 모든 요소를 식물로 만들지 않는다	S06
26	style_family	historical	독일권 아르누보를 가리키는 지역 명칭	flat decorative linework follows a poster border; organic motifs and graphic fields share one design	아르누보와 독립적인 고밀도 강도 단어로 쓰지 않는다	정확한 국가·시기 구별은 작품 출처에 맡긴다	S06
27	style_family	historical	빈 분리파 관련 장식·디자인 어휘	geometric compartments repeat around a graphic center; curved ornament occupies a separately bounded area	금색만으로 빈 분리파 작품을 판정하지 않는다	지역 명칭의 연결은 확인되었으나 세부 도판 근거가 부족해 좁은 프로파일은 보류	S06
28	style_family	historical	공예·재료·제작을 중시한 운동	repeated plant motifs follow the usable object surface; construction joints remain integrated with the ornament	장식 최대량을 뜻하는 말과 구별	수공예·윤리적 생산·작가 정신은 사진에서 확정하지 않는다	S07
29	style_family	iconography	관념·감정·꿈을 이미지로 표현하는 흐름	an identified symbolic object is related to a figure or setting; a chosen motif recurs within the composition	특정 꽃·누드·해골·세밀함을 모두 필수로 만들지 않는다	상징 뜻은 저작/요청 문맥과 출처가 필요하다	S45
30	style_family	medium	반복 장식·색·공예를 다룬 미술 흐름	floral and geometric pattern fields share a flat surface; bounded patch-like areas repeat across the work	고딕·어두운 색·입체 세공으로 환원하지 않는다	역사적 운동과 일반 pattern-rich 이미지의 라벨을 구별	S08
31	motif	accessory	분기하는 줄기·잎의 확장형 식물 문양	curving stems bifurcate into repeated leaves; neighboring vegetal units continue into a repeat	모든 별·다각형 기하 문양과 구별	문화·문자·종교 의미를 패턴만으로 판단하지 않는다	S09
32	motif	accessory	띠를 따라 이어지는 잎 달린 스크롤	leaf-bearing scrolls run along a horizontal frieze; successive stems curl from a continuous band	넓은 리본 스트랩워크와 가는 식물 줄기를 구별	모든 줄기 무늬가 특정 역사적 rinceau 도식은 아니다	S05,S27
33	motif	accessory	갈라진 잎 가장자리를 도안화한 아칸서스	deeply lobed leaves curl away from the frame; leaf tips alternate along a sculpted band	일반 꽃잎·실제 식물 종 판정과 구별	실물 식물의 생물학적 동정이나 양식 전체를 보증하지 않는다	S04,S05
34	motif	accessory	끝이 말리는 곡선이 이어지는 장식	curled lines connect around the named border; repeated scroll ends retain separate centers	스크롤의 형태와 filigree라는 금속 기법을 구별	새긴 선·선재·조각 등 재료 구현은 별도로 선택	S27
35	motif	accessory	한 중심을 향해 말리는 나선 단위	a spiral terminates at a visible center; its widening outer arm joins the mounting	서로 휘는 S곡선·장식 전체와 단일 나선을 구별	나선이 있다는 것만으로 고전 기둥이나 특정 시대를 확정하지 않는다	S27
36	motif	accessory	조개·바위 유래의 불규칙한 굴곡 장식	unequal shell-like folds create a rough-edged frame; grooves converge into a concave area	정원석·일반 나선·파스텔 팔레트와 구별	대칭/비대칭은 실제 선택 변형을 평가한다	S04,S27
37	motif	accessory	탄력적으로 방향이 바뀌는 긴 곡선	a long narrow line bends through a broad sweep into a tight turn; adjacent stem-like lines follow its flow	짧은 둥근 나선·임의의 곡선 노이즈와 구별	아르누보의 모든 지역·작품에 같은 선을 요구하지 않는다	S06
38	motif	accessory	기하 띠 문양 또는 금속의 정밀 반복 선각	regular curved lines cross at repeated intervals; a bounded metal field carries a fine engraved pattern	옛 띠 문양과 시계 엔진 터닝의 용법을 분리	두 용법을 별도 sense로 만들며 사진만으로 기계 사용을 증명하지 않는다	S31
39	motif	accessory	폭이 있는 띠가 겹치고 말리는 문양	broad flat bands cross over and under; curled strap ends frame the central compartment	가느다란 덩굴·금속선과 띠의 폭을 구별	장식 띠를 착용자의 실제 구속 장치로 해석하지 않는다	S60
40	motif	accessory	문자·그림·문장을 둘러싼 장식 패널 또는 틀	a bounded central field is enclosed by a curled ornamental frame; the center remains distinct from its surround	프레임의 형태와 내부 글자의 내용은 별개	실제 문자·문장 내용은 요청되었을 때만 정확성 의무를 생성	S27
41	motif	accessory	꽃잎처럼 중심에서 퍼지는 방사 단위	petal-like lobes radiate from a compact center; the rosette remains separate from the surrounding band	원형 전체·고딕 rose window와 작은 모티프를 구별	장미라는 실제 식물 종·감정 의미를 자동으로 부여하지 않는다	S32
42	motif	accessory	사람·동물·식물이 혼성된 장식무늬	a figural head joins a scrolling stem; small animal forms merge into the ornamental framework	장식적 그로테스크·바디 호러·고어를 분리	조각의 혼성 형태가 살아 있는 몸의 손상은 아니다	S25
43	motif	accessory	선·띠·별·다각형의 규칙적 교차 반복	bands interlace within a repeating geometric grid; repeated cells preserve consistent adjacency	식물 아라베스크·무작위 낙서와 구별	기하 문양만으로 종교·국가·정체성을 판정하지 않는다	S10
44	motif	medium	문자의 획·배치를 장식 구조로 사용하는 방식	joined letter strokes follow a bounded panel; repeated strokes maintain an ordered reading direction	읽을 수 있는 서예와 문자처럼 보이는 추상 흔적을 구별	언어·철자·의미가 요청되면 검증 fixture를 따로 준비	S10
45	architecture	architecture	창 또는 패널을 나누는 장식적 석조 구획	stone members divide the window into smaller openings; upper curves connect to the vertical mullions	트레이서리·스테인드글라스·금속 필리그리의 역할을 분리	창의 모든 부분이 레이스처럼 가늘어야 하는 것은 아니다	S02,S03
46	architecture	architecture	판처럼 두꺼운 석재 면에 개구부가 난 트레이서리	broad stone surfaces remain between small cut openings; the window head reads as a pierced slab	가는 바가 연결되는 bar tracery와 구별	소재 두께·개구부가 가려지면 판형 판정은 미확인	S56
47	motif	architecture	세 개의 둥근 호/잎이 만나는 단위	three rounded lobes form one closed outline; each lobe joins at a cusp	쿼트러포일·실제 클로버 잎·대칭 장식 일반과 구별	세 로브가 모두 보여야 개수 판정이 가능	S01
48	motif	architecture	네 개의 둥근 호/잎이 만나는 단위	four rounded lobes form one bounded opening; cusps separate the four lobes	세잎·꽃잎 수가 다른 로제트와 구별	가림이나 크롭으로 네번째 로브를 추정하지 않는다	S01
49	architecture	architecture	양쪽에서 S형 반전 곡선이 꼭짓점으로 만나는 아치	concave and convex curves reverse on each side; both sides meet at a pointed crown	단순 첨두아치와 곡률의 반전을 구별	일반 뾰족함 하나로 ogee를 통과시키지 않는다	S58
50	architecture	architecture	기점에서 부채살처럼 펼쳐지는 팬 볼트	ribs spread from each springing into a fan-like concave field; neighboring fan units meet across the ceiling	일반 rib vault·그물형 선각과 팬의 기점을 구별	천장 보이는 부분만 판정하며 실제 하중 계산은 별도	S41
51	architecture	architecture	부재의 끝에 놓인 마감 장식	a small terminal ornament caps the vertical member; its base is attached at the member's tip	첨탑 전체와 끝 장식을 구별	정확한 끝·부착 대상이 없으면 generic 장식 후보로 남김	S02,S03
52	architecture	architecture	기괴한 형상의 배수구를 가리키는 기능적 명칭	a sculpted creature projects from the building; a mouth-like outlet is connected to a drainage path	모든 괴물 석조상·키메라와 구별	물길/배수 기능의 문맥 없이 외형만으로 gargoyle 확정 금지	S42
53	architecture	architecture	작은 셀이 층을 이루며 돌출·후퇴하는 천장/전이 장식	many small concave cells form successive tiers; adjacent cells change depth around the ceiling transition	벌집 평면 프린트·팬 리브와 구별	셀 깊이가 보여야 하고 특정 종교·지역은 문맥 근거가 필요	S57
54	craft_process	accessory	가는 금속선을 굽히거나 꼬아 구성하는 장식	curled metal wires form a connected motif; visible wire thickness separates the motif from engraved lines	선재 필리그리와 홈 선각을 구별; 열린형과 바탕판형을 별도	필리그리에 반드시 뒤까지 관통하는 구멍이 있는 것은 아니다	S12,S32
55	craft_process	accessory	작은 금속 알갱이를 표면에 결합하는 장식	tiny rounded metal grains form ordered rows; separate bead boundaries rise above the ground	거친 주조 표면·점무늬·시퀸과 구별	금속 조성·납땜 방식은 외형으로 확정하지 않는다	S32
56	craft_process	accessory	금속판을 밀어 볼륨을 만드는 르푸세	a relief motif swells above a continuous metal sheet; broad raised areas connect through the sheet	파인 선·별도 붙인 조각과 판재 부조를 구별	보이는 부조만으로 뒷면에서 가공했는지는 증명 못함	S12
57	craft_process	accessory	앞면에서 눌러 형태와 세부를 다듬는 체이싱	fine tool-like details articulate a raised metal motif; shallow contours follow the existing relief	금속을 제거하는 engraving과 제작 의미를 구별	완성품 정면 사진만으로 공구·가공 방향은 판정하지 않는다	S12
58	craft_process	accessory	표면을 깎아 선·문자·무늬를 새기는 선각	narrow incised lines cut into a continuous surface; the groove interrupts the specular reflection	선재·볼록 부조·프린트 선과 구별	깊이 단서가 없으면 새김 여부 미확인, 실제 도구는 별도	S12
59	craft_process	accessory	부식으로 노출 영역을 파는 에칭	shallow patterned recesses interrupt the metal surface; an etched-away background may leave a raised motif	에칭이 항상 선만 파는 기법이라는 축소를 피함	제작 공정은 픽셀만으로 확정할 수 없다	S12
60	craft_process	accessory	재료 사이에 열린 빈 공간을 남긴 장식	the named panel contains cut openings; the background or backing appears through the negative spaces	그려진 구멍·어두운 얼룩과 실제 개구부를 구별	openwork는 구성, pierced work는 제작 의미; 다른 sense로 보관	S12,S27
61	craft_process	accessory	기계로 매우 일정한 반복 무늬를 새기는 방식	regular fine grooves repeat at consistent spacing; a bounded field carries nested arcs or waves	임의 스크래치·그리블 부착물과 구별	규칙적인 선이 곧 실제 엔진 터닝 제작의 증거는 아니다	S31
62	craft_process	accessory	표면에 금을 입히는 길딩	warm metallic areas coat the raised edge; cooler or matte ground remains visible beside the coating	통금 물체·노란 페인트·전체 금색 강제와 구별	귀금속 순도·코팅 공정은 사진만으로 판정하지 않는다	S12
63	craft_process	accessory	금속선으로 만든 칸에 에나멜을 채우는 기법	thin metal partitions border colored enamel fields; the partitions remain continuous between adjacent colors	샹르베의 바탕 금속 면과 선재 경계를 구별	금속선/색면은 가시 대리조건이고 실제 공정은 별도 출처	S33
64	craft_process	accessory	금속 바탕의 오목한 칸을 채운 에나멜	colored recessed fields sit within a broad metal ground; uncut metal separates neighboring cells	클루아조네처럼 모든 경계가 가는 별도 선재는 아님	정면의 색면만으로 두 제작 기법을 완전히 식별하지 않는다	S12
65	craft_process	accessory	새긴 금속 무늬에 검은 재료를 채운 니엘로	dark narrow filled grooves form a pattern on bright metal; adjacent metal fields remain distinct	검은 에나멜 덩어리·녹·그림자와 구별	검은 채움의 화학 조성은 외형만으로 확정 못함	S40,S39
66	craft_process	accessory	다른 금속을 바탕 금속에 상감·부착하는 장식	bright metallic lines form a flush-looking motif on dark metal; the motif follows a bounded surface	다마스크 직물·다마스커스강 물결과 구별	시대별 overlay 변형도 있어 모든 기법을 단일 홈 상감으로 축소하지 않는다	S12
67	craft_process	accessory	면을 내어 빛을 반사하는 작은 강철 부품 장식	small faceted studs sit on a shared mounting; each facet reflects a distinct bright patch	유리 보석·둥근 금속 알갱이와 구별	강철 진위·나사 고정은 보이는 근거가 있어야만 판정	S12
68	craft_process	accessory	얇은 금을 은 등의 표면에 결합하는 금부	thin warm-metal patches interrupt a cool-metal ground; the patch boundaries stay within the same object	전체 길딩·사진의 색온도 차이와 구별	특정 한국인 제작자·금 순도·열 접합의 실제 증거는 아니다	S13
69	craft_process	historical	얇은 재료 조각을 맞추어 만드는 표면 무늬	contrasting veneer pieces meet along fitted boundaries; the joined pieces form a flush floral image	위에 칠한 그림·재료를 깊게 깎은 부조와 구별	실물 재료·접착 방식·세부 연대는 추가 근거 필요	S34,S28
70	textile_process	textile	보조 실을 짜 넣어 장식 무늬를 만드는 브로케이드	supplementary woven motifs stand apart from the garment ground; the repeated pattern follows the cloth folds	자수와 직조의 제작 의미를 구별; damask와 공존 가능	작은 사진만으로 직조 구조를 확정하지 않는다	S18,S19
71	textile_process	textile	직조 조직 차이가 무늬를 드러내는 다마스크	tonal motifs alternate lustrous and matte-looking areas; the same cloth field changes with directional light	색 프린트·브로케이드와 구별	항상 단색이어야 하는 것은 아니며 tonal은 선택 변형	S19
72	textile_process	textile	실의 교차·꼬임으로 만드는 보빈 레이스	crossed and twisted threads build repeated open units; dense motifs connect to a finer ground	니들 레이스·기계 프린트와 제작 범주를 분리	니들/보빈 모두 다양한 망·모티프; 전체 사진으로 기법 확정 금지	S36
73	textile_process	textile	바늘과 실의 루프로 구성하는 니들 레이스	small stitched loops form motif contours; thread bridges join the solid pattern areas	단순히 바늘이 보인다는 이유로 완성품 기법을 판정하지 않는다	미세 스티치가 가려지면 제작 분류는 원천 메타데이터에 맡김	S35
74	textile_process	textile	섬세한 꽃과 가벼운 망을 가진 샹티이 계열	fine floral motifs occupy a lightweight net ground; a slightly stronger thread outlines selected petals	기퓌르의 큰 모티프/브리지형과 구별	검은색은 흔한 변형이며 모든 샹티이에 검정/수제를 필수화하지 않는다	S59,S37
75	textile_process	textile	두꺼운 모티프를 브리지로 이어 놓은 기퓌르 계열	dense floral motifs connect through short thread bars; large negative spaces separate the motifs	연속적인 고운 망 바탕과 브리지 연결을 구별	레이스가 안감 위에 놓일 수 있어 피부 노출 의무를 만들지 않는다	S38,S61
76	textile_process	textile	금속성 실·재료를 사용하는 골드워크 자수	metallic thread follows the named embroidery motif; raised or laid thread reflects along separate ridges	금색 프린트·금속판·금장 물체와 구별	실제 금 순도·금색만을 필수화하지 않는다	S14,S15
77	textile_process	textile	놓은 실을 다른 스티치로 고정하는 코우칭	a thick laid thread follows a continuous path; small transverse stitches secure it to the ground	단순 같은 굵기의 자수 선과 고정 스티치의 관계를 구별	고정 스티치가 보이지 않으면 형태는 미확인	S14
78	textile_process	textile	바탕에서 높이 솟는 스텀프워크 자수	raised petals project from the fabric ground; the projecting pieces cast small contact shadows	평면 프린트·두껍게 칠한 그림과 구별	배선·패딩·재료 조성은 보이는 범위만 주장	S16
79	textile_process	textile	잘라낸 재료 조각을 바탕 천에 붙이는 아플리케	a separate fabric shape lies on the ground; a stitched edge follows the shape's perimeter	직물 내부 색면·프린트 무늬와 겹침 경계를 구별	모든 appliqué가 높은 볼륨을 만드는 것은 아니다	S15
80	textile_process	textile	대체로 단색 실의 반복·채움으로 조직한 블랙워크	small monochrome stitched units repeat within a bounded area; denser fills create a darker tonal field	검은 천·검은 레이스·모든 검은 선묘와 구별	역사적/현대 변형이 있어 고정 색상·기법 한 가지로 축소하지 않는다	S14,S15
81	textile_process	textile	흰 바탕과 흰 실의 자수 범주	white raised stitches articulate a white fabric field; cut or drawn areas add optional open detail	흰색 프린트·모든 흰 레이스와 구별	화이트워크 하위 기법의 구멍은 대안이며 모두의 필수는 아니다	S15
82	textile_process	textile	장식 끈·브레이드·술 등 트리밍의 큰 범주	a braided trim follows the named edge; a separate ornamental cord joins the fabric boundary	태슬·프린지 하나와 상위 범주를 구별	모든 종류의 술·구슬을 한꺼번에 추가하지 않는다	S50
83	garment_descriptor	textile	한 묶음의 실이 매달린 개별 술 장식	a gathered thread bundle hangs from one attachment; the bundle opens below its tied head	가장자리 전체 프린지와 개별 묶음을 구별	움직임은 스틸에서 한 순간의 형상만 평가	S50
84	garment_descriptor	textile	가장자리를 따라 연속해서 늘어지는 장식	repeated strands descend from a shared edge; neighboring strands retain separate endpoints	개별 태슬·천의 찢어진 결손과 구별	흔들림의 시간 패턴·기능은 정지화면으로 검증하지 않는다	S50
85	garment_descriptor	textile	구슬을 선·면으로 배열한 장식	separate rounded beads form a stitched row; bead attachment follows the cloth motif	그래뉼레이션의 금속 접합·평평한 시퀸과 구별	사진의 반짝임만으로 재료나 금속 종류를 확정하지 않는다	S14,S50
86	garment_descriptor	textile	얇은 평면 조각들이 반사하는 시퀸 장식	flat reflective discs overlap along the fabric; each disc has a thin edge and separate highlight	둥근 구슬·작은 보석 세팅과 구별	광점만으로 개별 조각 형태를 추정하지 않는다	S14
87	fashion_family	subculture	빅토리아 복식/상복 어휘를 고스 패션에 재해석	an adult outfit has a tall collar and layered dark trim; a separate veil or long skirt is an optional variant	실제 빅토리아 상복·일반 코르셋과 구별	성인·시대·성격·애도 상태를 옷만으로 판정하지 않는다	S20,S22
88	fashion_family	subculture	낭만·흡혈귀 서사를 환기하는 저작 조합	flowing cloth is paired with a formal collar; a worn interior or draped cape is an optional scene realization	팔레트·송곳니·피를 무조건 추가하지 않는다	vampiric은 실제 정체성/행동 진단이 아닌 명시 허구 문맥	S20,S21
89	fashion_family	subculture	일본 로리타 패션의 고딕 계열	an adult street-fashion outfit has a structured full skirt and lacy frills; headwear follows the garment's decorative vocabulary	명칭을 성적 장르·나이 판정과 혼동하지 않는다	나이·신체 노출·고정 검정 팔레트는 별도 요청 속성	S49
90	fashion_family	subculture	고스 패션과 산업 소재를 결합하는 넓은 분류	metal fittings repeat on the named garment; robust straps attach to its fabric or leather ground	기계 기능·실제 구속·steampunk 시대와 구별	통일된 역사적 양식으로 과장하지 않고 form-first optional 변형으로 보류	S20
91	fashion_family	subculture	고스와 미래적·인공적 표현을 결합하는 넓은 분류	artificial cable-like accessories occupy the stated outfit; synthetic surfaces and contrasting accent colors form one styling	역사적 레이스를 모든 변형에 강제하지 않는다	구체 subgenre 자료가 부족해 단일 required profile로 채택하지 않음	S20
92	fashion_family	worldbuilding	과거 복식과 상상 기계 기술을 결합하는 방향	period-inspired garment panels sit beside an exposed mechanical prop; gear-like forms attach to a defined casing	goth와 같은 범주·실제 작동 기계와 구별	시대·동력·실용성은 각각 명시 문맥과 관찰 근거 필요	S20,S46
93	fashion_family	fetish	광택·가죽·코르셋 등 성적/권력 연상과 연결된 패션 어휘	an explicitly adult fashion outfit uses glossy panels and visible hardware; fastening components belong to the garment	착용자의 욕구·동의·성적 정체성과 외형을 구별	소재만으로 성적 행위·노출·실제 구속을 추가하지 않는다	S20
94	fashion_family	fetish	구속 장치의 형태를 차용한 스트랩·고리·버클 연출	intersecting straps cross the named garment; each metal ring joins specified strap endpoints	단순 스트랩 장식과 실제 몸/손 구속 사건을 구별	실제 구속이 요청된 경우 별도 actor/contact/event 계약 필요	S20
95	garment_descriptor	textile	코르셋의 패널·보강·여밈 구조	curved panels divide the torso garment; visible boning channels run beside a distinct center-front fastening	waist emphasis·임의 X무늬·몸 자체 변형과 구별	정확한 시대/구조는 소장품 근거 필요; 체형·노출 자동 변경 금지	S55
96	fashion_family	fetish	속옷 어휘를 겉옷으로 드러내는 연출	structured cup seams or lace panels appear as the outer garment; their edges remain distinct from the underlayer	의복의 구조와 실제 성적 행동을 구별	속옷 기원은 문맥이며 모든 variant가 피부를 드러내는 것은 아니다	S20,S38
97	fashion_family	fetish	공연의 과장된 장식과 관능을 차용한 무대 연출	large feather or beaded elements attach to an adult stage costume; repeated reflective trim frames the silhouette	명칭만으로 탈의·성행위·고정 의상 추가 금지	구체 공연/시대 자료 추가 전 form recipe만 optional로 취급	S23
98	context	medium	과장·인공성·연극성·아이러니의 감수성	an oversized stylized motif dominates the costume; visibly artificial materials amplify the theatrical silhouette	호화로움·장식 밀도만으로 camp 판정하지 않는다	아이러니·의도·감수성은 픽셀에서 확정하지 않는다	S23
99	context	subculture	무대 인물상을 만드는 과장된 조형과 표현	an exaggerated garment silhouette and makeup design work together on an adult performer; props belong to the performance setting	드래그·캠프·보깅을 같은 뜻으로 묶지 않는다	성적 지향·성별 정체성·직업은 외형 분류 대상이 아니다	S24
100	context	medium	퀴어 문화 문맥과 과도한 색·재료·크기의 조합 표현	large contrasting ornament families share the stated artwork; heterogeneous materials visibly meet at their boundaries	장식이 많다는 이유로 queer 정체성 판정 금지	단일 고정 미술사 범주로 취급하지 않고 문맥과 외형 제안을 분리	S08,S23,S24
101	theme	iconography	죽음·섬뜩함과 관련된 주제적 분위기	a selected mortality object is paired with an ornate surface; decay traces are localized on the chosen object	macabre라는 이유로 피·상처·장식 과다 강제 금지	분위기의 수용과 실제 죽음 사건은 별도	S20,S54
102	theme	iconography	죽음을 상기시키는 상징 주제	a skull or other requested mortality symbol appears on the defined object; the symbolic element remains distinct from ornament	실제 시체·사망 사건과 상징을 구별	종교·철학 의도는 요청 또는 작품 출처로만 판단	S39,S54
103	theme	iconography	성취/향락의 물건과 덧없음의 단서를 관계짓는 정물	an achievement object is arranged beside a mortality reminder; the extinguished lamp or skull shares the still-life field	해골 하나·일반 어두운 정물·memento mori와 범주를 구별	역사적 vanitas 분류는 작품 문맥이 필요하고 정해진 물건 모두를 강제하지 않음	S54
104	theme	historical	장례/애도 복식에서 가져오는 시각 방향	dark matte fabric contrasts with restrained jewelry; a veil is attached to the selected headwear	모든 검은 옷을 상복·현재 애도로 판정하지 않는다	실제 사망·정서·사회적 관계는 외형으로 추론하지 않는다	S22
105	object	iconography	성유물을 담는 용기/구조물의 명칭	a decorated container has a bounded enclosed or glazed compartment; small architectural members frame that compartment	장식 왕관·일반 상자·실제 유해와 구별	내용물의 진위·성스러움·실제 인간 유해는 출처/요청이 필요	S01
106	authoring_composite	historical	호화로운 표면과 쇠락 흔적을 병치한 저작 표현	a rich ornamental surface has localized chips or tarnished areas; intact and worn regions coexist on the same object	실제 가난·도덕적 타락·해골 필수와 구별	쇠락과 호화는 별도 축; 손상은 잠긴 pristine 물건에 추가 금지	S20
107	authoring_composite	fetish	성인 관능 연출과 죽음/공포 모티프의 결합	an explicitly adult styled figure is composed beside a chosen mortality motif; contact and distance are specified separately	사망·폭력·성적 접촉을 분위기 단어로 새로 만들지 않는다	외형의 관능·모티프·event를 독립 바인딩하며 동의/욕망은 추론하지 않는다	S20
108	narrative	iconography	매혹과 위험을 결합하는 서사적 인물 원형	an adult figure's stated attire and directed gaze accompany a separately requested danger cue	외모로 실제 성격·유죄·관계·욕망을 판정하지 않는다	서사 원형은 form library의 진실 라벨이 아닌 요청 문맥	S45
109	theme	fantasy	몸의 형상·경계가 변하는 허구적 공포	an explicitly fictional body has a requested nonordinary connection; the transformed part is continuous with its stated owner	보철 장신구·조각 그로테스크·단순 상처와 구별	살아 있는 실제 인물의 질병·장애·혐오 분류로 사용하지 않는다	S47,S48
110	theme	fantasy	혈액/신체 손상의 시각 표현을 전면화하는 장르 축	requested fictional injury and blood traces occupy explicitly named regions; the affected body and nearby props have separate ownership	단순 붉은색·해골 상징·몸의 변형 전체와 구별	상처/혈액/event를 요청 없이 자동 증가시키지 않는다	S47
111	context	medium	관능과 기괴함의 결합에 쓰이는 장르 어휘	an explicitly adult motif and a separate grotesque form are juxtaposed in the named artwork; their relation is authored in context	고어와 동의어·고정한 화풍으로 축소하지 않는다	현대 장르/역사적 용법의 범위를 분리하고 단일 hard profile은 보류	S26
112	context	medium	근대 일본의 관능·기괴·넌센스가 얽힌 문화 개념	in a sourced period work, erotic grotesque and absurd motifs may occupy separate compositional roles	현대 성인 이미지 양식 하나·피가 많은 표현으로 환원하지 않는다	논문 초록까지만 확인했으므로 세부 시각 의무와 시대 정확성은 보류	S26
113	production_process	worldbuilding	작은 부품으로 표면의 복잡함/스케일을 더하는 그리블	small raised panels and fittings occupy a larger casing; each part has a separate edge and attachment area	기능을 알 수 없는 부품을 실제 작동 장치로 판정하지 않는다	큰 실루엣이 바뀌는 kitbash와 표면 밀도를 분리	S46
114	production_process	worldbuilding	서로 다른 부품을 조합해 새로운 형태를 만드는 킷배싱	several differently shaped subassemblies join through visible interfaces; their scales and alignment form one object	작은 장식 추가와 물체의 큰 구조 조합을 구별	완성 이미지로 실제 kit 재사용 제작 이력을 증명하지 않는다	S46
115	authoring_composite	fantasy	미술의 유기적 신체와 기계 구조 결합	an organic-looking form transitions into a mechanical member; their connection follows the explicitly fictional body model	생체역학 학문·wearable hardware·실제 의학 분류와 구별	허구 신체 모델과 착용 소품을 각각의 owner로 기록	S48
116	authoring_composite	worldbuilding	가느다란 기계 부재를 필리그리처럼 조직한 조합	narrow tubes and linked wires curl within a bounded frame; visible junctions connect each repeated branch	실제 귀금속 filigree 기법과 외형 유추를 구별	정상 기계 기능·실제 금속 제조 공정을 주장하지 않는다	S12,S46
117	descriptor	worldbuilding	덮개 내부 기구부가 보이는 상태	shafts gears and linkages occupy a visible cavity; a casing edge defines the exposed region	표면에 붙인 장식 기어·실제 작동 사건과 구별	정지화면은 노출된 구조만 평가하고 작동은 별도 시간 근거	S46
118	authoring_composite	fantasy	생물/기술 구조가 이어지는 저작 혼성 표현	cable-like tendrils branch from an organic-looking base; rigid and soft-looking regions meet at a stated junction	무작위 선·수술 결과·실제 생명과학 주장을 구별	단일 역사적 양식명으로 채택하지 않는다	S48
119	authoring_composite	worldbuilding	바로크 볼륨/곡선과 전자·기계 디테일을 결합	large scrolling masses support small circuit-like insets; the electronic-looking elements remain separate from the sculpted ground	바로크·사이버펑크 전체의 의미를 합성어 하나로 덮지 않는다	혼성 recipe는 optional이며 exact style의 재료/시대를 바꾸는 effects 전부 선언	S05,S46
120	descriptor	worldbuilding	산업 부품을 반복 문양으로 조직한 장식	bolts vents and panel seams repeat on a bounded casing; repeated hardware follows the object's geometry	반복 부품의 장식 역할과 실제 기능을 구별	기능·안전·동력·시대는 외형으로 확정하지 않는다	S46
121	descriptor	worldbuilding	큰 패널 안에 작은 판·체결부가 들어가는 다단계 디테일	a large recessed panel contains smaller subpanels; tiny fasteners belong to those subpanel edges	큰 사물 개수와 단계적 구조를 구별	많은 무작위 부품을 중첩 관계로 통과시키지 않는다	S46
122	lighting	light	명암의 대비로 형태의 부피를 읽히게 하는 표현	light and shadow model the focal object's rounded volume; relief edges remain distinct across the tonal transition	어두운 화면 전체·테네브리즘과 구별	조명 장비·정확한 노출 설정은 픽셀만으로 판정하지 않는다	S52
123	lighting	light	어두운 환경 속 일부 중요한 부분이 밝게 드러나는 표현	a few focal regions emerge in bright light; the surrounding field remains predominantly dark	모든 미세 구조를 균일하게 보이는 목적과 분리	required 디테일이 어둠에 가려지면 그 관계는 통과하지 않는다	S53
124	medium	medium	여러 방향의 선을 교차하여 명암을 만드는 해칭	two or more line directions cross in the graphic field; denser intersections produce darker tones	사진의 실제 미세 홈과 그림/판화의 명암 선을 구별	source row가 잘렸으므로 설명은 추가 조사; photograph 필터로 자동 투입하지 않는다	S12
