seed_id|slug|mechanism|mechanism_cards|owners|relation_en|failure_ko|source_refs|existing_candidates|priority
1|graphic-black-white|object_palette|M02,M04|field~0~large_field~an off-white image field;contour~1~structural_dark~black bounded contours|The light field and dark contours retain separate readable surfaces.|저채도 파랑·세피아를 무채색으로 오인하거나 그림자 내부를 전부 뭉개는 실패|S01,S18|cr_candidate_achromatic|P0
2|warm-white-oatmeal|object_palette|M02|field~0~large_field~a warm-white existing wall;cloth~1~supporting_region~oatmeal-colored existing cloth;edge~2~dark_anchor~taupe existing seams|Small tonal steps separate the warm wall, cloth and seams while weave remains visible.|모든 중성색이 같은 밝기로 합쳐져 직물의 결과 경계가 사라짐|S18|cr_candidate_light_on_light|P0
3|charcoal-greige|object_palette|M02,M03|field~0~large_field~a greige existing wall;line~1~dark_anchor~a charcoal existing frame;surface~2~light_region~an off-white existing panel|Charcoal edges divide two lighter neutral surfaces.|검정과 순백으로 과도하게 치환하거나 프레임색이 다른 물체로 이동함|S18|cr_candidate_high_value_contrast|P0
4|camel-chocolate-cream|object_palette|M02,M05|cloth~0~light_region~cream existing cloth;leather~1~middle_region~camel-brown existing leather;wood~2~dark_anchor~chocolate-brown existing wood|Three warm brown-related regions remain distinct through tonal steps and existing texture.|갈색 전역 필터로 천·가죽·목재의 국소색을 모두 같게 만듦|S01,S07|cr_advisory_tonal_layering|P0
5|concrete-monochrome|object_palette|M02|panel~0~light_region~a light-gray existing concrete plane;wall~1~middle_region~a medium-gray existing concrete wall;joint~2~dark_anchor~a charcoal existing recess|Gray planes separate through local shading and bounded dark recesses.|색만 회색이고 표면 깊이·경계가 사라지거나 필터로 콘크리트 재질을 주장함|S01,S07|cr_candidate_achromatic|P0
6|mist-slate-deep-blue|object_palette|M02,M12|field~0~large_field~a pale mist-blue existing background;surface~1~middle_region~a slate-blue existing object;edge~2~dark_anchor~a deep-blue existing edge|The pale field, slate object and deep-blue edge occupy distinct tonal regions.|청회색 단색 틴트로 전역을 평평하게 만들어 유리·금속 경계를 없앰|S01,S05|cr_advisory_tonal_layering|P0
7|ivory-mushroom-olive|object_palette|M03|field~0~large_field~an ivory existing field;object~1~supporting_region~a mushroom-gray existing object;detail~2~small_accent~a dark-olive existing detail|One bounded olive detail retains visible green amid larger neutral regions.|큰 녹색 잎·식물을 추가해 절제된 색 선택을 보태니컬 장면으로 바꿈|S01,S18|cr_candidate_isolated_accent|P0
8|neutral-cobalt-accent|object_palette|M03,M12|field~0~large_field~an off-white existing background;line~1~dark_anchor~a graphite existing frame;object~2~small_accent~one cobalt-blue existing object|A single bounded cobalt object stands apart from the larger neutral field.|코발트를 배경·피부·다른 소품 전체에 퍼뜨리거나 작은 강조를 큰 색면으로 바꿈|S01|cr_candidate_vivid_on_muted,cr_candidate_isolated_accent|P0
9|black-antique-gold-ivory|material_palette|M01,M05|field~0~large_field~a black existing background;metal~1~reflective_accent~antique-gold existing metal trim;detail~2~light_region~an ivory existing detail|Warm gold reflection remains confined to the metal trim against the dark field.|넓은 노란 페인트 면으로 금속을 대체하거나 실제 금 성분을 단정함|S06,S08|luxury_black_gold|P0
10|ivory-champagne-gold|material_palette|M01,M05|field~0~large_field~an ivory existing surface;cloth~1~supporting_region~champagne-colored existing cloth;metal~2~reflective_accent~small warm-gold existing fittings|The ivory field leads while champagne cloth and smaller gold fittings retain their own surfaces.|9번의 검정 바탕 비율을 가져오거나 낮은 색 차이를 장식 추가로 덮음|S06,S08|pearl_ivory_champagne_gold_palette|P0
11|navy-brass-cream|material_palette|M05,M12|field~0~large_field~a navy existing panel;metal~1~reflective_accent~brass-colored existing hardware;cloth~2~light_region~cream existing cloth|Warm brass-colored reflections separate from the navy panel and cream cloth.|황동색을 노란 조명으로 대체하거나 프레임·손잡이에 없는 부품을 추가함|S06,S08|cr_candidate_hue_contrast|P0
12|emerald-black-gold|material_palette|M05|cloth~0~large_field~an emerald existing textile;field~1~dark_anchor~a near-black existing ground;metal~2~reflective_accent~gold-colored existing fittings|The deep-green textile remains distinct from the black ground and reflective gold fittings.|벨벳·보석·잎을 서로 자동 대체하거나 녹색을 무조건 자연으로 해석함|S06,S08|cr_candidate_dark_on_dark|P0
13|burgundy-ivory-brass|material_palette|M02,M05|cloth~0~large_field~burgundy existing cloth;field~1~light_region~an ivory existing surface;metal~2~reflective_accent~brass-colored existing trim|A light ivory region separates burgundy cloth from smaller warm metallic trim.|버건디를 선명한 원색 빨강으로 만들거나 붉은색만으로 격식을 확정함|S06,S01|cr_candidate_high_value_contrast|P1
14|aubergine-old-gold|material_palette|M05|field~0~large_field~an aubergine existing field;metal~1~reflective_accent~old-gold existing trim;paper~2~light_region~a parchment-colored existing surface|Muted warm metallic trim remains visible against the dark purple field.|금속의 반사 대신 선명한 노랑 면을 쓰거나 보라색을 전역 조명으로 흘림|S06,S08|cr_candidate_dark_on_dark|P1
15|ice-white-platinum|material_palette|M02,M05|field~0~large_field~an ice-white existing field;metal~1~reflective_accent~silver-colored existing metal;edge~2~dark_anchor~a steel-gray existing edge|Cool metallic reflection separates from the white field and darker steel-gray boundary.|하얀 면과 은색 면이 합쳐지거나 회색 페인트를 플래티넘으로 판정함|S06,S08|cr_candidate_light_on_light|P0
16|peacock-teal-gold|material_palette|M05,M07|field~0~large_field~a peacock-blue existing field;surface~1~supporting_region~a green-teal existing surface;motif~2~reflective_accent~gold-colored existing motifs|The blue and green-teal regions stay distinct beneath bounded gold motifs.|새·공작 깃털을 추가하거나 제안 팔레트를 공작실 원본 측정값으로 주장함|S09,S06|cr_candidate_analogous|P1
17|navy-white-red-marine|pattern_palette|M07,M03|stripe~0~repeated_band~navy existing stripes;cloth~1~large_field~white existing fabric;detail~2~small_accent~a red existing trim|Navy stripes repeat on white fabric while red remains a localized trim.|세 색의 균등 큰 면으로 줄무늬 관계를 지우거나 해안 장소를 강제함|S01|cr_candidate_color_repetition|P1
18|beige-grid-red-line|pattern_palette|M07|field~0~large_field~a beige existing checked surface;grid~1~structural_dark~black existing grid lines;line~2~light_region~white existing grid lines;detail~3~small_accent~thin red existing lines|The colored line families cross on one beige carrier with distinct widths and spacing.|색을 서로 다른 물체에 분산하거나 격자를 줄무늬로 치환함|S10|cr_candidate_color_repetition|P1
19|green-red-ribbon|pattern_palette|M07,M03|band~0~repeated_band~green existing ribbon bands;line~1~repeated_band~red existing ribbon bands;field~2~large_field~a cream existing carrier|Green and red bands remain on the same ribbon-shaped region over the cream carrier.|띠 색을 전체 옷색으로 퍼뜨리거나 녹색·빨강만으로 실제 브랜드 소속을 확정함|S11|cr_candidate_alternating_color|P1
20|aqua-white-silver|material_palette|M05,M03|box~0~large_field~an aqua existing package surface;ribbon~1~light_region~a white existing ribbon;metal~2~reflective_accent~a silver-colored existing fitting|Aqua packaging, white ribbon and small silver reflection occupy separate owners.|34번의 모래·바다 장면을 가져오거나 제안 아쿠아를 공식 Tiffany Blue로 주장함|S12,S06|aquamarine_teal_palette|P0
21|orange-cocoa-cream|object_palette|M03|box~0~large_field~an orange existing package surface;edge~1~dark_anchor~a cocoa-brown existing ribbon;field~2~light_region~a cream existing ground|The brown ribbon bounds the orange package against a light cream field.|실제 상자 형태·공식 로고·진품을 색만으로 주장하거나 갈색을 가죽에 강제함|S13|cr_candidate_color_framing|P1
22|navy-burgundy-mustard|pattern_palette|M07,M03|field~0~large_field~navy existing cloth;band~1~supporting_region~burgundy existing woven bands;detail~2~small_accent~mustard existing trim;insert~3~light_region~a cream existing insert|Unequal bounded bands retain a small mustard accent within darker cloth.|모든 색을 같은 굵기로 반복하거나 학교·신분·엠블럼을 새로 추가함|S01|cr_candidate_micro_accent|P1
23|indigo-tobacco-ecru|object_palette|M02,M05|cloth~0~large_field~indigo existing denim;leather~1~supporting_region~tobacco-brown existing leather;insert~2~light_region~ecru existing cloth|Indigo cloth, warm brown leather and light ecru remain separate local colors.|데님을 파란 빛으로 대체하거나 모든 갈색을 목재로 바꿈|S07|cr_candidate_warm_subject|P1
24|black-signal-orange-silver|material_palette|M03,M05|field~0~large_field~a black existing technical surface;detail~1~small_accent~signal-orange existing piping;metal~2~reflective_accent~silver-colored existing fittings|Orange stays on the bounded functional trim while metal retains separate highlights.|주황 네온으로 변환하거나 기능색 때문에 지퍼·장비를 추가함|S06,S01|cr_candidate_micro_accent|P0
25|sage-cream-wood|object_palette|M02,M13|leaf~0~supporting_region~sage-colored existing foliage;cloth~1~large_field~cream existing cloth;wood~2~middle_region~warm-brown existing wood|Muted foliage, light cloth and wood retain separate local colors.|세이지를 밝은 형광 녹색으로 바꾸거나 녹색 틴트로 모든 재료를 덮음|S19|cr_candidate_low_chroma|P1
26|olive-khaki-bone|object_palette|M02|cloth~0~large_field~olive existing outer fabric;surface~1~middle_region~khaki existing equipment;insert~2~light_region~bone-colored existing lining|A light lining separates the two muted olive and khaki regions.|군인·전투·위장무늬를 색 조합만으로 추가하거나 밝은 안감을 숨김|S01|cr_advisory_tonal_layering|P1
27|terracotta-sage-limewash|object_palette|M02|pot~0~supporting_region~terracotta-colored existing pottery;leaf~1~supporting_region~sage-colored existing foliage;wall~2~large_field~a pale limestone-colored existing wall|The warm pottery and muted foliage remain separate against the pale wall.|같은 세 색을 천에 놓고 원래 화분·벽의 관계를 충족했다고 주장함|S19|cr_candidate_color_bridge|P0
28|forest-walnut-linen|object_palette|M02|leaf~0~large_field~forest-green existing foliage;wood~1~dark_anchor~walnut-brown existing wood;cloth~2~light_region~linen-colored existing cloth|Light cloth divides the two darker green and brown material regions.|어두운 초록·갈색이 뭉치거나 색만으로 숲속 숙소를 확정함|S19,S07|cr_candidate_dark_on_dark|P1
29|moss-mustard-rust|object_palette|M03|field~0~large_field~moss-green existing cloth;object~1~supporting_region~muted mustard existing detail;surface~2~supporting_region~rust-colored existing surface|All three hue regions remain muted while their boundaries stay readable.|러스트색을 실제 부식으로 단정하거나 채도를 올려 현대 원색 스포츠로 바꿈|S21|cr_candidate_low_chroma|P1
30|sand-indigo-clay|object_palette|M03,M12|field~0~large_field~a sand-colored existing field;cloth~1~small_accent~a bounded indigo existing cloth;surface~2~supporting_region~a clay-colored existing object|A small indigo region interrupts the larger warm sand and clay fields.|남색을 전체 배경으로 넓히거나 사막·여행 사건을 추가함|S19|cr_candidate_isolated_accent|P1
31|eucalyptus-stone-charcoal|object_palette|M02|surface~0~supporting_region~a muted eucalyptus-green existing surface;field~1~large_field~a stone-gray existing field;edge~2~dark_anchor~a charcoal existing edge|Muted green remains distinct from pale gray and dark boundaries.|스파·치유 효과를 색으로 주장하거나 모든 면에 녹색 워시를 적용함|S01|cr_candidate_low_chroma|P1
32|offwhite-oak-ink|object_palette|M03|field~0~large_field~an off-white existing wall;wood~1~middle_region~oak-colored existing wood;edge~2~structural_dark~thin ink-dark existing frames|Dark frames remain thin while the light field and warm wood lead.|먹색을 큰 면으로 확대하거나 색만으로 실제 오크 수종을 확정함|S18,S07|cr_candidate_color_framing|P0
33|cobalt-white-terracotta|object_palette|M03,M12|door~0~supporting_region~a cobalt-blue existing door;wall~1~large_field~a white existing wall;floor~2~supporting_region~a terracotta-colored existing floor|Three architectural owners retain distinct blue, light and earth-colored surfaces.|파랑을 하늘이나 의상으로 옮기거나 전통 지역 건축을 진위로 확정함|S19|cr_candidate_color_blocks|P0
34|aqua-sand-white|object_palette|M02|water~0~supporting_region~an aqua existing water region;sand~1~supporting_region~a sand-colored existing shore;cloth~2~light_region~a white existing cloth|The soft aqua, sand and light cloth regions remain distinct without a dark marine anchor.|20번의 포장·리본 배치를 가져오거나 같은 색상만으로 같은 컨셉이라고 판정함|S19|cr_candidate_low_chroma|P0
35|cobalt-lemon-offwhite|object_palette|M03|object~0~supporting_region~a cobalt-blue existing object;detail~1~small_accent~a lemon-yellow existing detail;field~2~large_field~an off-white existing background|A light field separates the vivid blue object and smaller yellow detail.|색상환을 선언하지 않고 수학적 보색이라 부르거나 레몬 과일을 추가함|S01|cr_candidate_hue_contrast|P1
36|peach-lavender-periwinkle|spatial_gradient|M09|zone_a~0~gradient_endpoint~a peach existing upper sky region;zone_b~1~transition_region~a lavender existing sky transition;zone_c~2~gradient_endpoint~a periwinkle existing lower sky region|The three color regions connect smoothly along the declared sky path.|순서 없는 색 블록이나 명도 기반 후반 맵으로 공간 경로를 대체함|S01,S04|cr_candidate_spatial_gradient|P0
37|blossom-leaf-ivory|object_palette|M02,M13|petal~0~supporting_region~pale blossom-pink existing petals;leaf~1~supporting_region~pale spring-green existing leaves;field~2~large_field~an ivory existing ground|Pale pink petals and green leaves stay separate against the light neutral field.|분홍·녹색으로 계절이나 개화 시점을 확정하거나 새 꽃을 추가함|S01|cr_candidate_low_chroma|P1
38|rust-mustard-wine|object_palette|M02|surface~0~supporting_region~a rust-colored existing surface;object~1~middle_region~a mustard existing object;cloth~2~dark_anchor~wine-colored existing cloth|The wine region provides a darker bounded anchor among warmer earth colors.|가을·수확 사건을 자동 추가하거나 와인색을 실제 음료로 치환함|S21|cr_advisory_tonal_layering|P1
39|ice-blue-navy-silver|material_palette|M02,M05|field~0~large_field~an ice-blue existing field;edge~1~dark_anchor~a navy existing edge;metal~2~reflective_accent~silver-colored existing metal|The navy boundary keeps pale blue and silver reflection from merging.|실버를 얼음으로 대체하거나 색만으로 겨울 스포츠 장면을 추가함|S06|cr_candidate_high_value_contrast|P1
40|forest-red-gold-cream|material_palette|M03,M05|foliage~0~large_field~forest-green existing foliage;object~1~small_accent~a red existing ornament;metal~2~reflective_accent~gold-colored existing detail;cloth~3~light_region~cream existing cloth|The red accent and small gold reflections remain bounded within darker green and cream regions.|빨강·초록만으로 특정 축제·종교·날짜를 확정하거나 새 장식을 추가함|S01,S06|cr_candidate_accent_cluster|P1
41|rose-quartz-serenity|object_palette|M02|surface_a~0~supporting_region~a soft rose-pink existing surface;surface_b~1~supporting_region~a soft blue existing surface;field~2~light_region~an off-white existing field|The pink and blue surfaces stay distinct at similarly gentle chroma.|색을 성별·연령에 자동 배정하거나 제안 HEX를 공식 팬톤 값으로 삼음|S14|cr_candidate_uniform_chroma|P0
42|lavender-butter-yellow|object_palette|M02,M03|surface_a~0~supporting_region~a lavender existing surface;surface_b~1~supporting_region~a butter-yellow existing surface;field~2~light_region~a cream existing field|Muted lavender and pale yellow remain separate across a light cream field.|둘 다 옅다는 이유로 경계가 없어도 통과하거나 영아용 디자인을 강제함|S01,S03|cr_candidate_low_chroma|P1
43|mint-peach-milk|object_palette|M02|surface_a~0~supporting_region~a mint existing surface;surface_b~1~supporting_region~a peach existing surface;field~2~light_region~a milk-colored existing field|The cool and warm pale regions retain their local boundaries.|실제 신선도·친근한 성격·위생을 색만으로 주장함|S01,S03|cr_candidate_low_value_contrast|P1
44|dusty-rose-taupe|object_palette|M02,M05|cloth~0~supporting_region~dusty-rose existing cloth;surface~1~middle_region~a taupe existing surface;field~2~light_region~an ivory existing field|Muted pink cloth remains separate from gray-brown and ivory surfaces.|전역 분홍 필터로 회갈색을 지우거나 연령·로맨스를 확정함|S01,S07|cr_candidate_low_chroma|P1
45|blush-rose-wine|object_palette|M01,M02|field~0~light_region~a blush existing field;surface~1~middle_region~a rose-colored existing surface;detail~2~dark_anchor~a wine-colored existing detail|Three tonal tiers within the selected pink-red family remain readable.|모든 면을 같은 분홍으로 합치거나 어두운 색 비중을 고정함|S01|cr_candidate_monochromatic|P0
46|mauve-bluegray-silver|material_palette|M02,M05|cloth~0~supporting_region~mauve existing satin;field~1~supporting_region~a blue-gray existing field;metal~2~reflective_accent~silver-colored existing metal|Gray-biased colored surfaces remain distinct from localized silver reflection.|새틴 광택과 금속 반사를 같은 물질로 판정하거나 차가운 감정을 의무화함|S06,S07|cr_candidate_low_chroma|P1
47|pistachio-rose-vanilla|object_palette|M02,M13|surface_a~0~supporting_region~a pistachio-green existing surface;surface_b~1~supporting_region~a muted rose existing surface;field~2~large_field~a vanilla-colored existing field|The warm cream field connects two bounded muted hue regions.|사탕처럼 과도하게 선명하게 만들거나 디저트·꽃을 무조건 추가함|S01|cr_candidate_color_bridge|P1
48|pastel-candy-blocks|pattern_palette|M02,M07|block_a~0~color_block~a pastel pink existing block;block_b~1~color_block~a pastel lavender existing block;block_c~2~color_block~a pale lemon existing block;block_d~3~color_block~a pastel mint existing block|Four bounded color blocks retain comparable soft chroma.|네 색을 연속 그라데이션으로 합치거나 동일 명도·면적을 의무 수치로 만듦|S01|cr_candidate_color_blocks|P1
49|chocolate-caramel-cream|food_palette|M13,M02|ingredient_a~0~dark_anchor~an existing chocolate region;ingredient_b~1~middle_region~an existing caramel region;ingredient_c~2~light_region~an existing cream region|The three ingredient regions retain distinct brown and cream local colors.|같은 팔레트를 가죽·목재에 적용하고 식품 재료가 충족됐다고 판정함|S01|cr_advisory_tonal_layering|P1
50|espresso-cobalt-cream|food_palette|M13,M03|drink~0~dark_anchor~an espresso-brown existing drink;cup~1~small_accent~a cobalt-blue existing cup;cream~2~light_region~an existing cream region|Blue belongs to the cup while the beverage and cream keep separate food colors.|코발트를 식품 자체에 옮기거나 컵 없는 장면에 컵을 만들어 추가함|S01|cr_candidate_isolated_accent|P0
51|tomato-basil-mozzarella|food_palette|M13|ingredient_a~0~large_field~an existing red tomato region;ingredient_b~1~small_accent~existing green basil leaves;ingredient_c~2~light_region~an existing pale mozzarella region|Tomato, basil and mozzarella retain separate ingredient boundaries.|빨강·초록·크림색만으로 원재료·맛·안전성을 확정함|S01|cr_candidate_color_blocks|P1
52|matcha-cream-redbean|food_palette|M13,M03|ingredient_a~0~large_field~an existing matcha-green region;ingredient_b~1~light_region~an existing cream region;ingredient_c~2~small_accent~an existing reddish-brown bean region|The smaller red-brown ingredient stays distinct from the larger green and cream regions.|녹색으로 말차·건강효과를 단정하거나 팥색 면적을 주재료보다 크게 바꿈|S01|cr_candidate_isolated_accent|P1
53|red-yellow-cream-snack|object_palette|M03,M07|block_a~0~color_block~a red existing package panel;block_b~1~color_block~a yellow existing package panel;field~2~light_region~a cream existing package field|The warm vivid panels remain bounded by a lighter package field.|식욕·매출 효과를 단정하거나 포장을 식품 국소색으로 대체함|S03,S01|cr_candidate_high_chroma|P1
54|orange-lemon-lime|food_palette|M13,M07|ingredient_a~0~supporting_region~an existing orange-colored citrus region;ingredient_b~1~supporting_region~an existing lemon-yellow citrus region;ingredient_c~2~supporting_region~an existing lime-green citrus region|Three existing citrus regions retain separate local hue boundaries.|세 과일을 새로 생성하거나 경계가 없는 음료색만으로 세 재료를 주장함|S01|cr_candidate_analogous|P1
55|berry-rose-cream|food_palette|M13,M02|ingredient_a~0~dark_anchor~an existing deep-berry region;ingredient_b~1~middle_region~an existing rose-colored mixed region;ingredient_c~2~light_region~an existing cream region|Dark berry, mixed pink and light cream remain distinct visible regions.|색 농담만으로 실제 배합량·맛·농도를 측정했다고 주장함|S01|cr_candidate_monochromatic|P1
56|blueberry-butter-milk|food_palette|M13,M02|ingredient_a~0~dark_anchor~an existing blue-purple berry region;ingredient_b~1~middle_region~an existing butter-yellow baked region;ingredient_c~2~light_region~an existing milk-colored region|Blue-purple fruit remains separate from the yellow baked region and pale milk.|과일 표면과 구운 표면을 조명색으로 대체하거나 같은 대비로 원재료를 추정함|S01|cr_candidate_hue_contrast|P1
57|primary-color-orthogonal-grid|pattern_palette|M07|block_a~0~color_block~a red existing rectangular field;block_b~1~color_block~a blue existing rectangular field;block_c~2~color_block~a yellow existing rectangular field;grid~3~structural_dark~black existing orthogonal lines;field~4~large_field~a white existing field|Black orthogonal lines separate unequal primary-colored rectangular fields.|원색만 있고 직선·직각 관계가 없거나 De Stijl 전체를 이 한 도식으로 고정함|S16|cr_candidate_color_blocks|P0
58|red-black-paper-graphic|pattern_palette|M07,M03|shape~0~small_accent~a red existing graphic shape;line~1~structural_dark~black existing graphic lines;field~2~large_field~a paper-colored existing carrier|The red graphic and black lines remain bounded on the paper carrier.|구성주의 이름만으로 정치 선전·대각선·문구를 새로 추가함|S01|cr_candidate_high_value_contrast|P1
59|pink-turquoise-yellow-black|pattern_palette|M07|shape_a~0~color_block~a pink existing shape;shape_b~1~color_block~a turquoise existing shape;shape_c~2~color_block~a yellow existing shape;line~3~structural_dark~black existing patterned lines|Distinct vivid shapes remain separated by bounded black pattern lines.|색 네 개만으로 Memphis를 확정하거나 점·지그재그를 다른 carrier로 옮김|S17|cr_candidate_color_blocks|P1
60|avocado-mustard-burnt-orange|object_palette|M03,M05|cloth~0~large_field~avocado-green existing cloth;surface~1~middle_region~a mustard existing surface;detail~2~supporting_region~a burnt-orange existing detail;wood~3~dark_anchor~a brown existing wood region|Muted warm-biased colored regions preserve their existing texture boundaries.|색만으로 촬영 연대를 1970년대로 판정하거나 현대 원색으로 치환함|S21|cr_candidate_low_chroma|P1
61|turquoise-coral-cream|object_palette|M03|surface_a~0~supporting_region~a turquoise existing surface;surface_b~1~supporting_region~a coral existing surface;field~2~large_field~a cream existing field|Cream separates the turquoise and coral regions into readable surfaces.|둥근 가구·크롬·다이너 장소를 배색 자체의 필수 의미로 만듦|S20|cr_candidate_color_bridge|P1
62|bluegray-ochre-walnut|object_palette|M02,M05|field~0~large_field~a blue-gray existing field;object~1~supporting_region~an ochre existing object;wood~2~dark_anchor~walnut-colored existing wood;insert~3~light_region~an off-white existing insert|Cool gray-blue, warm ochre and brown wood remain separate local color regions.|색으로 미드센추리 진품·연대·목종을 확정하거나 가는 다리를 추가함|S20|cr_candidate_low_chroma|P1
63|gray-bright-yellow|object_palette|M03|field~0~large_field~a gray existing field;object~1~small_accent~a bright-yellow existing object;insert~2~light_region~an off-white existing insert|A bounded yellow region interrupts the gray field at the declared hierarchy.|노랑을 강제로 반 면적에 배치하거나 희망·강인함이 자동으로 입증된다고 함|S15|cr_candidate_vivid_on_muted|P0
64|pink-blue-paper-print|pattern_palette|M07|ink_a~0~printed_region~a pink existing printed shape;ink_b~1~printed_region~a blue existing printed shape;paper~2~large_field~a paper-colored existing carrier|Two printed hue regions retain separate shapes on the paper carrier.|두 색만으로 리소 인쇄 공정을 확정하거나 어긋남·겹침을 항상 강제함|S01|cr_candidate_restricted_subject|P1
65|teal-orange-figure-ground|object_palette|M08,M12|background~0~large_field~a teal existing background;subject~1~subject_region~a restrained orange existing subject region;shadow~2~dark_anchor~a charcoal existing recess|The warm subject region stays separate from the cooler background without recoloring unrelated skin regions.|물체 배색을 두 색 광원이나 split toning으로 대체하고 피부를 균일 주황색으로 칠함|S01,S26|teal_orange|P0
66|blue-amber-mixed-light|colored_lighting|M08,M10|cool_receiver~0~cool_light_footprint~a blue-lit existing receiving surface;warm_receiver~1~warm_light_footprint~an amber-lit existing receiving surface;shadow~2~dark_anchor~a charcoal existing shaded region|Two colored light contributions follow their declared receiving geometry and occlusion.|파란 벽·주황 옷 두 개만으로 혼합광이 증명됐다고 하거나 Kelvin만으로 색광 hue를 주장함|S24,S25|cr_candidate_two_color_lights|P0
67|green-dark-global-tint|global_grade|M11|dark_region~0~dark_anchor~an existing dark tonal region;mid_region~1~tint_region~an existing green-biased midtone region;light_region~2~light_region~an existing pale tonal region|A restrained green bias recurs across the declared tonal scope while shading remains readable.|녹색 물체 몇 개만으로 전역 틴트를 충족하거나 영화 모든 버전의 같은 색을 주장함|S22|cr_candidate_global_tint|P0
68|hotel-pink-purple-burgundy|object_palette|M02,M12|wall~0~large_field~a pink existing architectural surface;cloth~1~supporting_region~purple existing cloth;detail~2~dark_anchor~a burgundy existing detail|The brighter pink architecture stays separate from darker purple cloth and burgundy detail.|특정 영화 시대·장면의 공식 팔레트를 확정하거나 호텔·유니폼을 새로 추가함|S23|cr_candidate_color_blocks|P2
69|honey-olive-cream|global_grade|M11,M02|warm_region~0~tint_region~an existing honey-biased lit region;green_region~1~retained_local_color~an existing olive region;light_region~2~light_region~an existing cream region|A warm grade leaves the bounded olive region recognizable.|전역 세피아로 녹색을 지우거나 동화적 느낌을 물리적 시간·장소로 고정함|S26|cr_candidate_global_tint|P1
70|indigo-lavender-peach-night|colored_lighting|M10,M12|background~0~cool_light_footprint~an indigo-lit existing background;transition~1~transition_region~a lavender-lit existing receiving region;subject~2~warm_light_footprint~a peach-lit existing subject region|The smaller warm subject contribution remains spatially separate from the cool night field.|피치색 피부 전체를 도색하거나 연결감·고립감을 색으로 확정함|S24,S25|cr_candidate_warm_subject|P1
71|sand-cyan-rust-landscape|object_palette|M12|ground~0~large_field~a sand-colored existing ground;sky~1~supporting_region~a cyan existing sky;surface~2~small_accent~a rust-colored existing surface|Warm ground and cool sky remain separate around the bounded rusty-colored surface.|색만으로 모험·방치 이력·실제 산화를 단정하거나 세 면을 후반 필터로 합침|S19,S01|cr_candidate_cool_subject|P1
72|achromatic-single-red|selective_grade|M04|dark_region~0~achromatic_region~an existing dark neutral region;light_region~1~achromatic_region~an existing light neutral region;exception~2~single_color_exception~one existing red object|The declared scope is achromatic except for the same bounded red owner.|다른 면에 유채색이 남거나 저채도 배색을 완전 무채색 예외 처리와 같게 판정함|S26|cr_candidate_achromatic_accent,selective_color_same_surface_exception_relation|P0
73|cyan-magenta-dark-light|colored_lighting|M08,M10|receiver_a~0~cool_light_footprint~a cyan-lit existing receiving region;receiver_b~1~warm_light_footprint~a magenta-lit existing receiving region;field~2~dark_anchor~an existing dark background|Cyan and magenta light footprints remain spatially distinguishable in the dark scene.|네온색 물체 두 개를 광원으로 판정하거나 반사·역광의 source를 뒤바꿈|S24,S25|cr_candidate_two_color_lights|P0
74|purple-pink-orange-horizon|spatial_gradient|M09|zone_a~0~gradient_endpoint~a dark-purple existing sky region;zone_b~1~transition_region~a hot-pink existing sky region;zone_c~2~gradient_endpoint~an orange existing horizon region|Color moves along a declared sky-to-horizon path.|신스웨이브 이름만으로 격자·스포츠카·해를 추가하거나 색 순서를 역전함|S01,S04|cr_candidate_spatial_gradient|P1
75|electric-blue-lime|object_palette|M03|field~0~large_field~an electric-blue existing field;detail~1~small_accent~lime existing functional trim;ground~2~dark_anchor~a charcoal existing ground|The lime region stays confined to the selected trim against blue and dark fields.|라임을 전역광으로 퍼뜨리거나 버튼·운동 장비를 자동 생성함|S01|cr_candidate_micro_accent|P0
76|dark-phosphor-green|emissive_surface|M08|field~0~large_field~a dark existing display field;signal~1~emissive_region~green existing luminous marks;label~2~light_region~pale existing display labels|Green luminous marks belong to the display and keep the surrounding field dark.|녹색 페인트나 전역 틴트로 발광면을 대체하거나 임의 데이터·코드를 추가함|S25|cr_candidate_isolated_accent|P1
77|yellow-black-cyan-industrial|mixed_surface_light|M08,M15|structure~0~supporting_region~yellow existing structural paint;field~1~dark_anchor~a black existing structure;display~2~emissive_region~a cyan existing display|The yellow painted region remains distinct from cyan display emission.|노랑·검정을 실제 주의 표지로 확정하거나 시안 발광을 노란 반사에 덧씌움|S25,S33|cr_candidate_color_blocks|P1
78|silver-iceblue-white-chrome|material_palette|M05|metal~0~reflective_accent~silver-colored existing metal;plastic~1~translucent_region~ice-blue existing translucent plastic;field~2~light_region~a white existing ground|Metal reflection and light-transmitting plastic stay on separate existing surfaces.|한 회색 면으로 금속·투명 플라스틱을 모두 대체하거나 Y2K 연대·재료 조성을 확정함|S06,S07|kpop_y2k_pastel_chrome|P0
79|lavender-blue-coral-gradient|spatial_gradient|M09|zone_a~0~gradient_endpoint~a lavender existing background zone;zone_b~1~transition_region~a blue existing background zone;zone_c~2~gradient_endpoint~a coral existing background zone|The ordered colors connect along the same declared background surface.|Viridis 수치 맵이나 서로 떨어진 색 블록으로 연속 공간 경로를 대신함|S04|cr_candidate_spatial_gradient|P0
80|navy-mint-white-tech|object_palette|M03,M15|structure~0~dark_anchor~navy existing structure;detail~1~small_accent~mint existing functional regions;field~2~large_field~a white existing field|Mint occupies bounded functional regions within a dark-and-light structure.|민트색만으로 정보 계층·접근성을 입증하거나 서비스 문구·UI를 새로 추가함|S35|cr_candidate_isolated_accent|P1
81|black-oxblood-bone|object_palette|M02|field~0~large_field~a black existing field;cloth~1~supporting_region~oxblood-colored existing cloth;detail~2~light_region~a bone-colored existing detail|Deep red cloth remains distinct within the dark field around the light detail.|옥스블러드색을 실제 피·폭력·가죽 기원으로 단정함|S01,S08|obsidian_antique_gold_oxblood_palette|P1
82|black-violet-silver|material_palette|M05|field~0~large_field~a black existing field;cloth~1~supporting_region~violet existing cloth;metal~2~reflective_accent~silver-colored existing trim|Cool metal reflection separates from the dark violet and black regions.|사슬·반지·고딕 건물을 팔레트의 필수 부품으로 추가함|S06,S01|cr_candidate_dark_on_dark|P1
83|plum-forest-antique-gold|material_palette|M02,M05|cloth~0~supporting_region~plum-colored existing cloth;field~1~large_field~a dark forest-green existing field;metal~2~reflective_accent~antique-gold existing trim|The two dark hue regions remain separate around smaller warm metallic edges.|금속 윤곽 없이 색이 뭉치거나 퇴폐·성격·도덕성을 자동 확정함|S06,S07|cr_candidate_dark_on_dark|P1
84|palegreen-dirtywhite|object_palette|M02|surface~0~surface_color_region~a pale muted-green existing surface;field~1~light_region~a dirty-white existing field;edge~2~dark_anchor~a gray existing recess|Muted-green local surfaces remain distinct from off-white surfaces and darker recesses.|병·오염·정신 상태를 색만으로 단정하거나 국소 녹색을 전역 필터로 바꾸고 밝은 장면 전체를 검게 만듦|S01|cr_candidate_low_chroma|P1
85|rust-ink-dirtycream|material_palette|M05|surface~0~surface_color_region~a rust-colored existing weathered region;field~1~dark_anchor~an ink-dark existing surface;dust~2~light_region~a dirty-cream existing deposit region|Rust-colored and pale deposit regions follow their existing bounded surface pattern.|실제 녹·방치 기간·재해 이력을 색만으로 확정하거나 녹색을 피부에 옮김|S07|cr_advisory_color_zones|P1
86|navy-smoke-paleblue|object_palette|M02,M12|background~0~large_field~a navy existing background;surface~1~middle_region~a smoke-gray existing surface;detail~2~light_region~a pale-blue existing detail|Cool gray-blue tonal tiers retain bounded depth regions.|비·이별·외로움 사건을 필수로 만들거나 회청색을 전역 틴트로 합침|S01|cr_candidate_depth_palette|P1
87|black-acidgreen-purple|object_palette|M03|field~0~large_field~a black existing field;detail~1~small_accent~an acid-green existing detail;surface~2~supporting_region~a purple existing surface|The bright yellow-green accent remains bounded against black and purple.|색을 실제 독성·변이·금지구역의 과학적 판정으로 사용함|S01,S03|cr_candidate_vivid_on_muted|P1
88|red-navy-violet-noir-light|colored_lighting|M08,M10|receiver_a~0~warm_light_footprint~a red-lit existing receiving region;field~1~cool_light_footprint~a navy-lit existing background;receiver_b~2~transition_region~a violet-lit existing receiving region|The red light contribution remains spatially separate from the cooler dark field.|빨간 물체로 적색광을 대체하거나 갈등·폭력·관능을 색만으로 확정함|S24,S25|cr_candidate_cross_color_light|P0
89|five-color-bands|cultural_palette|M14,M07|band_a~0~color_band~a blue existing band;band_b~1~color_band~a red existing band;band_c~2~color_band~a yellow existing band;band_d~3~color_band~a white existing band;band_e~4~color_band~a black existing band|All five stated color families remain visible on the selected bands.|청을 단일 HEX로 고정하거나 임의 띠 순서를 방위·오행의 정당한 배치로 주장함|S27|cr_candidate_color_repetition|P2
90|dancheong-layered-colors|cultural_palette|M14,M07|ground~0~large_field~a green existing architectural painted ground;detail~1~supporting_region~a vermilion existing painted detail;layer_a~2~color_band~a blue existing painted band;layer_b~3~color_band~an ochre existing painted band;boundary~4~light_region~a white existing painted boundary|The stated colors follow the existing layered architectural motif.|다섯 색만으로 전통 단청·시대·복원색·안료를 인증하거나 건축 부재를 새로 추가함|S28|cr_candidate_color_repetition|P2
91|celadon-graywhite-ink|material_palette|M06,M02|vessel~0~large_field~a celadon-green existing glazed vessel;field~1~light_region~a gray-white existing field;detail~2~dark_anchor~an ink-dark existing motif|The pale green vessel keeps curved highlight shading and a bounded darker motif.|연한 초록 페인트를 유약 깊이로 판정하거나 실제 소성·화학 조성을 단정함|S29,S32|porcelain_ceramic_glaze_texture|P0
92|whiteporcelain-cobalt|material_palette|M06,M07|vessel~0~large_field~an existing white porcelain body;motif~1~line_color~an existing cobalt-blue painted motif;tone~2~light_region~an existing pale-blue motif region|Blue motif regions remain on the same white ceramic owner.|파란 옆 소품을 청화 문양으로 대신하거나 도자기를 두 색 조명으로 칠함|S30|porcelain_ceramic_glaze_texture|P0
93|black-vermilion-gold-lacquer|material_palette|M05,M14|outside~0~large_field~a black existing glossy outer surface;inside~1~supporting_region~a vermilion existing inner surface;motif~2~reflective_accent~an existing gold-colored motif|The inner red surface and smaller gold motif remain distinct from the black exterior.|안팎 색을 뒤집거나 모든 지역의 옻칠 규범·제작법으로 일반화함|S31,S06|cr_candidate_color_framing|P2
94|ink-paper-sealred|pattern_palette|M03,M14|line~0~structural_dark~existing ink-dark calligraphic marks;paper~1~large_field~an existing warm paper carrier;seal~2~small_accent~an existing red stamp region|One red stamp-shaped region remains separate from dark marks on the same paper carrier.|붉은 물체를 서명 표식으로 대신하거나 실제 문자의 뜻·서명 진위를 확정함|S01,S27|cr_candidate_isolated_accent|P2
95|caution-yellow-black|functional_sign|M15|field~0~large_field~an existing yellow sign field;panel~1~structural_dark~an existing black sign panel|The yellow field and black information region retain their declared sign roles.|장식용 줄무늬를 실제 경고로 판정하거나 한국·ISO·OSHA 준수를 같은 것으로 주장함|S33,S35|cr_candidate_high_value_contrast|P2
96|danger-red-white-black|functional_sign|M15|warning~0~warning_region~an existing red warning region;field~1~light_region~an existing white information field;label~2~structural_dark~existing black sign labels|The warning region stays distinct from the readable white and black information regions.|빨강을 모든 본문에 퍼뜨리거나 실제 문구·기호 없이 위험 표지를 인증함|S33,S35|cr_candidate_color_blocks|P2
97|safety-green-white|functional_sign|M15|panel~0~instruction_region~an existing green instruction panel;field~1~large_field~an existing white sign field;label~2~structural_dark~existing black sign labels|White lettering remains on the green panel while dark labels remain on the white field.|안전 지시 표지를 녹색 비상구·의무 표지 전체와 동일시하거나 법규 준수를 주장함|S33,S35|cr_candidate_color_blocks|P2
98|blue-white-red-diverging|data_mapping|M16|negative~0~negative_data_side~an existing blue negative-value region;center~1~data_center~an existing white reference-value region;positive~2~positive_data_side~an existing red positive-value region|The two directional color regions flank the declared neutral reference in the labeled data view.|임의 장식 면적이나 순위 없는 두 범주에 중앙값을 강제하고 범례 의미를 생략함|S34,S35|-|P2
99|blue-orange-categories|data_mapping|M16|category_a~0~categorical_region~existing blue category-A marks;category_b~1~categorical_region~existing orange category-B marks;field~2~large_field~an existing light chart field|Two labeled unordered categories retain separate marks without a numerical midpoint.|파랑·주황만으로 접근성을 인증하거나 A/B 범주에 증가·감소 의미를 강제함|S34,S35,S36|-|P2
100|viridis-ordered-anchors|data_mapping|M16|stop_a~0~low_data_anchor~an existing lowest-value chart region;stop_b~1~data_anchor~an existing lower-value chart region;stop_c~2~data_anchor~an existing middle-value chart region;stop_d~3~data_anchor~an existing upper-value chart region;stop_e~4~high_data_anchor~an existing highest-value chart region|The declared scalar order links the five displayed color anchors to the labeled value order.|다섯 색칩을 전체 연속 맵으로 보거나 수치 순서 없이 같은 면적의 장식 배색으로 사용함|S34,S35|-|P2
